Account,date,n_trades,n_closing_trades,gross_pnl,wins,total_fees,avg_trade_size_usd,total_volume_usd,long_trades,short_trades,net_pnl,win_rate,long_short_ratio
0x083384f897ee0f19899168e3b1bec365f52a9012,2024-11-11,177,0,0.0,0,167.796055,5089.718248587571,900880.13,0,177,-167.796055,,0.0
0x083384f897ee0f19899168e3b1bec365f52a9012,2024-11-17,68,0,0.0,0,67.883615,7976.664411764705,542413.1799999999,0,68,-67.883615,,0.0
0x083384f897ee0f19899168e3b1bec365f52a9012,2024-11-18,40,0,0.0,0,94.93798300000002,23734.5,949380.0,0,40,-94.93798300000002,,0.0
0x083384f897ee0f19899168e3b1bec365f52a9012,2024-11-22,12,12,-21227.0,0,33.823995,28186.666666666668,338240.0,12,0,-21260.823995,0.0,inf
0x083384f897ee0f19899168e3b1bec365f52a9012,2024-11-26,27,12,1603.1,12,104.62249,17248.14814814815,465700.0,12,15,1498.47751,1.0,0.8
0x083384f897ee0f19899168e3b1bec365f52a9012,2024-11-28,82,82,-132271.0,0,131.679967,16058.536341463414,1316799.98,82,0,-132402.679967,0.0,inf
0x083384f897ee0f19899168e3b1bec365f52a9012,2024-11-30,23,0,0.0,0,390.921553,48561.68565217392,1116918.77,0,23,-390.921553,,0.0
0x083384f897ee0f19899168e3b1bec365f52a9012,2024-12-06,33,33,-175611.00005600002,0,121.229992,36736.36242424243,1212299.96,33,0,-175732.23004800003,0.0,inf
0x083384f897ee0f19899168e3b1bec365f52a9012,2025-01-19,465,112,71393.964098,23,780.33644,11410.954021505377,5306093.62,112,353,70613.627658,0.20535714285714285,0.31728045325779036
0x083384f897ee0f19899168e3b1bec365f52a9012,2025-01-20,51,28,40218.599998,28,23.971493,9400.588039215687,479429.99,28,23,40194.628505,1.0,1.2173913043478262
0x083384f897ee0f19899168e3b1bec365f52a9012,2025-02-02,10,9,76710.0,9,92.923496,185847.0,1858470.0,9,1,76617.076504,1.0,9.0
0x083384f897ee0f19899168e3b1bec365f52a9012,2025-02-03,839,371,101011.685664,256,2355.038296,23593.019856972587,19794543.66,350,489,98656.647368,0.6900269541778976,0.7157464212678937
0x083384f897ee0f19899168e3b1bec365f52a9012,2025-02-04,531,111,375620.270243,83,704.19937,10576.687156308852,5616220.88,111,420,374916.070873,0.7477477477477478,0.2642857142857143
0x083384f897ee0f19899168e3b1bec365f52a9012,2025-02-05,210,78,44400.9058,78,700.101577,26585.06338095238,5582863.31,78,132,43700.804223,1.0,0.5909090909090909
0x083384f897ee0f19899168e3b1bec365f52a9012,2025-02-09,141,132,30897.0887,132,0.0,10161.056241134751,1432708.93,132,9,30897.0887,1.0,14.666666666666666
0x083384f897ee0f19899168e3b1bec365f52a9012,2025-02-10,48,16,55086.0,16,0.0,32032.5,1537560.0,16,32,55086.0,1.0,0.5
0x083384f897ee0f19899168e3b1bec365f52a9012,2025-02-11,6,0,0.0,0,0.0,134600.00166666668,807600.01,0,6,0.0,,0.0
0x083384f897ee0f19899168e3b1bec365f52a9012,2025-02-24,59,31,10152.12224,31,561.226533,27178.041694915253,1603504.46,31,28,9590.895707,1.0,1.1071428571428572
0x083384f897ee0f19899168e3b1bec365f52a9012,2025-02-25,219,93,115445.395538,93,555.888761,13233.776894977169,2898197.14,93,126,114889.506777,1.0,0.7380952380952381
0x083384f897ee0f19899168e3b1bec365f52a9012,2025-02-28,55,1,115287.0,1,137.273975,24958.908545454546,1372739.97,1,54,115149.726025,1.0,0.018518518518518517
0x083384f897ee0f19899168e3b1bec365f52a9012,2025-03-01,45,36,9482.221441,36,6.71802,2985.797555555556,134360.89,36,9,9475.503421,1.0,4.0
0x083384f897ee0f19899168e3b1bec365f52a9012,2025-03-03,641,540,533974.662903,540,268.294625,8371.136099843994,5365898.24,540,101,533706.368278,1.0,5.346534653465347
0x083384f897ee0f19899168e3b1bec365f52a9012,2025-03-24,5,4,40200.0,4,39.819998,79640.0,398200.0,4,1,40160.180002,1.0,4.0
0x083384f897ee0f19899168e3b1bec365f52a9012,2025-04-12,31,31,307855.80341,31,66.62407,21491.640322580646,666240.85,31,0,307789.17934,1.0,inf
0x23e7a7f8d14b550961925fbfdaa92f5d195ba5bd,2024-11-30,55,46,11715.94323,46,34.68082399,2469.9509090909087,135847.3,8,47,11681.26240601,1.0,0.1702127659574468
0x23e7a7f8d14b550961925fbfdaa92f5d195ba5bd,2024-12-01,1,0,0.0,0,0.0,0.06,0.06,0,1,0.0,,0.0
0x23e7a7f8d14b550961925fbfdaa92f5d195ba5bd,2024-12-06,34,0,0.0,0,1.31668822,1426.8700000000001,48513.58,34,0,-1.31668822,,inf
0x23e7a7f8d14b550961925fbfdaa92f5d195ba5bd,2024-12-07,26,25,3515.031065,25,5.2028479999999995,2001.101153846154,52028.630000000005,0,26,3509.828217,1.0,0.0
0x23e7a7f8d14b550961925fbfdaa92f5d195ba5bd,2024-12-09,46,0,0.0,0,1.4383267,1131.888695652174,52066.88,46,0,-1.4383267,,inf
0x23e7a7f8d14b550961925fbfdaa92f5d195ba5bd,2024-12-10,64,63,2517.787385,63,19.104602,852.88625,54584.72,0,64,2498.682783,1.0,0.0
0x23e7a7f8d14b550961925fbfdaa92f5d195ba5bd,2024-12-18,59,15,1613.165903,15,20.81460217,1913.523898305085,112897.91,44,15,1592.3513008300001,1.0,2.933333333333333
0x23e7a7f8d14b550961925fbfdaa92f5d195ba5bd,2024-12-19,1,0,0.0,0,0.0,0.11,0.11,0,1,0.0,,0.0
0x23e7a7f8d14b550961925fbfdaa92f5d195ba5bd,2024-12-20,34,21,1245.51851,21,119.60926,10051.199411764705,341740.77999999997,13,21,1125.9092500000002,1.0,0.6190476190476191
0x23e7a7f8d14b550961925fbfdaa92f5d195ba5bd,2025-01-13,13,0,0.0,0,61.51029,2845.9646153846156,36997.54,13,0,-61.51029,,inf
0x23e7a7f8d14b550961925fbfdaa92f5d195ba5bd,2025-01-17,17,17,4493.232479,17,14.521732,2440.6282352941175,41490.68,0,17,4478.710747,1.0,0.0
0x23e7a7f8d14b550961925fbfdaa92f5d195ba5bd,2025-01-18,39,28,1047.030992,28,89.144541,2154.3915384615384,84021.26999999999,10,29,957.886451,1.0,0.3448275862068966
0x23e7a7f8d14b550961925fbfdaa92f5d195ba5bd,2025-01-19,124,80,4842.054317,80,124.96169717000001,2194.294758064516,272092.55,43,81,4717.09261983,1.0,0.5308641975308642
0x23e7a7f8d14b550961925fbfdaa92f5d195ba5bd,2025-01-24,339,198,1693.493165,198,108.05738221,1737.369557522124,588968.28,141,198,1585.43578279,1.0,0.7121212121212122
0x23e7a7f8d14b550961925fbfdaa92f5d195ba5bd,2025-01-25,54,4,4221.156399,4,24.25559825,2398.331666666667,129509.91,50,4,4196.900800750001,1.0,12.5
0x23e7a7f8d14b550961925fbfdaa92f5d195ba5bd,2025-01-27,44,0,0.0,0,1.05928092,1519.465681818182,66856.49,44,0,-1.05928092,,inf
0x23e7a7f8d14b550961925fbfdaa92f5d195ba5bd,2025-01-28,56,56,6899.2458320000005,56,25.814472,1317.0667857142857,73755.74,0,56,6873.4313600000005,1.0,0.0
0x23e7a7f8d14b550961925fbfdaa92f5d195ba5bd,2025-01-29,46,0,0.0,0,1.16815524,1602.9452173913044,73735.48,46,0,-1.16815524,,inf
0x23e7a7f8d14b550961925fbfdaa92f5d195ba5bd,2025-01-30,55,55,7372.485101,55,28.387735,1474.6896363636365,81107.93000000001,0,55,7344.097366,1.0,0.0
0x23e7a7f8d14b550961925fbfdaa92f5d195ba5bd,2025-02-01,78,25,1162.002541,25,29.90369878,2094.719358974359,163388.11,53,25,1132.09884222,1.0,2.12
0x23e7a7f8d14b550961925fbfdaa92f5d195ba5bd,2025-02-02,517,246,6352.452613,233,487.25693852,2792.42166344294,1443682.0,270,247,5865.19567448,0.9471544715447154,1.0931174089068827
0x23e7a7f8d14b550961925fbfdaa92f5d195ba5bd,2025-02-11,124,124,-12346.990829,0,26.565471000000002,612.1092741935485,75901.55,0,124,-12373.5563,0.0,0.0
0x23e7a7f8d14b550961925fbfdaa92f5d195ba5bd,2025-02-12,159,127,355.5854,127,149.553903,2687.4032704402516,427297.12,31,128,206.031497,1.0,0.2421875
0x23e7a7f8d14b550961925fbfdaa92f5d195ba5bd,2025-02-24,160,52,1129.8489260000001,52,34.19572673,1641.2224999999999,262595.6,108,52,1095.6531992700002,1.0,2.076923076923077
0x23e7a7f8d14b550961925fbfdaa92f5d195ba5bd,2025-02-25,1,1,-6820.76955,0,29.018782,82910.81,82910.81,0,1,-6849.788332,0.0,0.0
0x23e7a7f8d14b550961925fbfdaa92f5d195ba5bd,2025-02-28,52,0,0.0,0,1.35322108,1462.824423076923,76066.87,52,0,-1.35322108,,inf
0x23e7a7f8d14b550961925fbfdaa92f5d195ba5bd,2025-03-03,110,50,2480.902379,50,53.50649472,1999.099181818182,219900.91,60,50,2427.3958842800002,1.0,1.2
0x23e7a7f8d14b550961925fbfdaa92f5d195ba5bd,2025-03-04,65,10,-3169.3554679999997,0,20.67737314,1756.5103076923076,114173.17,55,10,-3190.0328411399996,0.0,5.5
0x23e7a7f8d14b550961925fbfdaa92f5d195ba5bd,2025-03-07,37,0,0.0,0,1.26292469,1499.4978378378378,55481.42,37,0,-1.26292469,,inf
0x23e7a7f8d14b550961925fbfdaa92f5d195ba5bd,2025-03-08,47,47,2099.019688,47,20.153151,1225.1170212765958,57580.5,0,47,2078.866537,1.0,0.0
0x23e7a7f8d14b550961925fbfdaa92f5d195ba5bd,2025-03-09,65,57,656.540742,57,22.11483517,2676.518153846154,173973.68,8,57,634.42590683,1.0,0.14035087719298245
0x23e7a7f8d14b550961925fbfdaa92f5d195ba5bd,2025-03-10,53,52,-1065.797583,51,41.25995296,3326.2756603773582,176292.61,1,52,-1107.05753596,0.9807692307692307,0.019230769230769232
0x23e7a7f8d14b550961925fbfdaa92f5d195ba5bd,2025-03-12,53,52,1591.753271,52,20.961068,2184.328113207547,115769.39,1,52,1570.792203,1.0,0.019230769230769232
0x23e7a7f8d14b550961925fbfdaa92f5d195ba5bd,2025-03-13,27,10,-2315.377191,0,20.268314959999998,4259.311481481482,115001.41,17,10,-2335.6455059600003,0.0,1.7
0x23e7a7f8d14b550961925fbfdaa92f5d195ba5bd,2025-03-28,42,0,0.0,0,1.54451693,1460.115,61324.83,42,0,-1.54451693,,inf
0x23e7a7f8d14b550961925fbfdaa92f5d195ba5bd,2025-03-29,97,97,-5018.466447,0,19.707219000000002,580.479381443299,56306.5,0,97,-5038.173666,0.0,0.0
0x23e7a7f8d14b550961925fbfdaa92f5d195ba5bd,2025-03-31,155,83,716.143949,83,20.92763202,730.8744516129032,113285.54,72,83,695.21631698,1.0,0.8674698795180723
0x23e7a7f8d14b550961925fbfdaa92f5d195ba5bd,2025-04-03,1,0,0.0,0,0.456405,54768.6,54768.6,1,0,-0.456405,,inf
0x23e7a7f8d14b550961925fbfdaa92f5d195ba5bd,2025-04-15,1,0,0.0,0,0.00035346,16.37,16.37,1,0,-0.00035346,,inf
0x23e7a7f8d14b550961925fbfdaa92f5d195ba5bd,2025-04-16,88,88,-95.985744,1,24.037758,780.4484090909092,68679.46,0,88,-120.023502,0.011363636363636364,0.0
0x23e7a7f8d14b550961925fbfdaa92f5d195ba5bd,2025-04-17,125,67,-133.41237,20,31.977951,730.92608,91365.76,60,65,-165.390321,0.29850746268656714,0.9230769230769231
0x23e7a7f8d14b550961925fbfdaa92f5d195ba5bd,2025-04-18,689,301,951.934443,301,129.33009467,766.7829027576198,528313.42,312,377,822.60434833,1.0,0.8275862068965517
0x23e7a7f8d14b550961925fbfdaa92f5d195ba5bd,2025-04-19,411,297,371.503,297,51.02067149,552.0850851581508,226906.97,122,289,320.48232851,1.0,0.42214532871972316
0x23e7a7f8d14b550961925fbfdaa92f5d195ba5bd,2025-04-20,603,335,-1892.58947,249,119.87578636,963.6022222222223,581052.14,297,306,-2012.4652563599998,0.7432835820895523,0.9705882352941176
0x23e7a7f8d14b550961925fbfdaa92f5d195ba5bd,2025-04-21,97,97,3434.689308,97,30.137128,887.6931958762888,86106.24,0,97,3404.55218,1.0,0.0
0x23e7a7f8d14b550961925fbfdaa92f5d195ba5bd,2025-04-23,568,340,2654.14315,336,197.963062,2593.2515492957746,1472966.88,219,349,2456.180088,0.9882352941176471,0.6275071633237822
0x23e7a7f8d14b550961925fbfdaa92f5d195ba5bd,2025-04-24,680,401,1867.252909,333,188.105048,1679.7829852941175,1142252.43,346,334,1679.147861,0.830423940149626,1.035928143712575
0x23e7a7f8d14b550961925fbfdaa92f5d195ba5bd,2025-04-25,330,97,1969.39321,40,197.03662328000001,3782.839757575757,1248337.1199999999,162,168,1772.35658672,0.41237113402061853,0.9642857142857143
0x23e7a7f8d14b550961925fbfdaa92f5d195ba5bd,2025-04-26,338,338,-4648.8710550000005,0,16.916102,284.5678402366864,96183.93,0,338,-4665.787157000001,0.0,0.0
0x23e7a7f8d14b550961925fbfdaa92f5d195ba5bd,2025-04-27,67,0,0.0,0,0.267131,1435.3307462686569,96167.16,67,0,-0.267131,,inf
0x23e7a7f8d14b550961925fbfdaa92f5d195ba5bd,2025-04-30,83,83,5179.772745,83,30.404024,1221.0467469879518,101346.88,0,83,5149.368721,1.0,0.0
0x23e7a7f8d14b550961925fbfdaa92f5d195ba5bd,2025-05-01,250,81,1243.853569,81,31.0304917,815.50576,203876.44,169,81,1212.8230773,1.0,2.0864197530864197
0x271b280974205ca63b716753467d5a371de622ab,2024-07-15,5,2,-1.0,0,10.197932,6070.2,30351.0,2,3,-11.197932,0.0,0.6666666666666666
0x271b280974205ca63b716753467d5a371de622ab,2024-11-29,1,1,1584.342755,1,0.53234,1584.35,1584.35,0,1,1583.810415,1.0,0.0
0x271b280974205ca63b716753467d5a371de622ab,2024-12-05,4,3,208.81746,3,34.129711,39530.9875,158123.95,3,1,174.687749,1.0,3.0
0x271b280974205ca63b716753467d5a371de622ab,2025-04-09,797,306,16706.884912,300,1181.135135,6131.710464240904,4886973.24,275,522,15525.749777,0.9803921568627451,0.5268199233716475
0x271b280974205ca63b716753467d5a371de622ab,2025-04-10,339,231,13264.043303999999,189,2463.061921,21898.95651917404,7423746.26,231,108,10800.981382999998,0.8181818181818182,2.138888888888889
0x271b280974205ca63b716753467d5a371de622ab,2025-04-19,313,40,5942.547242,40,720.081313,8678.024504792333,2716221.67,40,273,5222.465929,1.0,0.14652014652014653
0x271b280974205ca63b716753467d5a371de622ab,2025-04-20,863,424,8277.307357,424,615.664567,3079.8473348783314,2657908.25,418,445,7661.64279,1.0,0.9393258426966292
0x271b280974205ca63b716753467d5a371de622ab,2025-04-21,353,61,2638.012587,61,118.03440499999999,1965.9329745042492,693974.34,61,292,2519.9781820000003,1.0,0.2089041095890411
0x271b280974205ca63b716753467d5a371de622ab,2025-04-22,594,233,-19037.340561,0,1377.855618,8110.89095959596,4817869.23,233,361,-20415.196179000002,0.0,0.6454293628808865
0x271b280974205ca63b716753467d5a371de622ab,2025-04-23,469,236,-108176.9187,66,2487.052566,20030.785479744136,9394438.39,236,233,-110663.971266,0.2796610169491525,1.0128755364806867
0x271b280974205ca63b716753467d5a371de622ab,2025-04-24,70,70,8157.112326,66,273.237342,15603.565285714287,1092249.57,67,3,7883.874984,0.9428571428571428,22.333333333333332
0x271b280974205ca63b716753467d5a371de622ab,2025-04-25,1,0,0.0,0,0.0,0.17,0.17,0,1,0.0,,0.0
0x28736f43f1e871e6aa8b1148d38d4994275d72c4,2024-11-16,93,26,159.100072,16,10.268876,373.7049462365591,34754.56,49,44,148.831196,0.6153846153846154,1.1136363636363635
0x28736f43f1e871e6aa8b1148d38d4994275d72c4,2024-11-17,95,44,161.289904,34,10.251629,353.5228421052631,33584.67,45,50,151.038275,0.7727272727272727,0.9
0x28736f43f1e871e6aa8b1148d38d4994275d72c4,2024-11-18,162,93,147.410285,67,37.465806,666.941975308642,108044.6,71,91,109.94447899999999,0.7204301075268817,0.7802197802197802
0x28736f43f1e871e6aa8b1148d38d4994275d72c4,2024-11-19,213,119,233.36546,104,66.816663,895.9638028169014,190840.29,115,98,166.548797,0.8739495798319328,1.1734693877551021
0x28736f43f1e871e6aa8b1148d38d4994275d72c4,2024-11-20,407,218,-316.245208,141,298.312315,2149.553218673219,874868.16,188,219,-614.557523,0.6467889908256881,0.8584474885844748
0x28736f43f1e871e6aa8b1148d38d4994275d72c4,2024-11-21,446,235,780.001314,156,111.648962,729.007130044843,325137.18,223,223,668.352352,0.6638297872340425,1.0
0x28736f43f1e871e6aa8b1148d38d4994275d72c4,2024-11-22,433,229,141.21958999999998,135,62.202151,422.0099076212471,182730.29,208,225,79.01743899999998,0.5895196506550219,0.9244444444444444
0x28736f43f1e871e6aa8b1148d38d4994275d72c4,2024-11-23,156,77,673.6312,63,17.776025,333.45923076923077,52019.64,76,80,655.855175,0.8181818181818182,0.95
0x28736f43f1e871e6aa8b1148d38d4994275d72c4,2024-11-24,69,35,108.321127,29,4.469844,200.7391304347826,13851.0,54,15,103.85128300000001,0.8285714285714286,3.6
0x28736f43f1e871e6aa8b1148d38d4994275d72c4,2024-11-25,225,139,464.281002,95,24.451253,324.3673333333333,72982.65,106,119,439.829749,0.6834532374100719,0.8907563025210085
0x28736f43f1e871e6aa8b1148d38d4994275d72c4,2024-11-26,217,116,-508.290641,76,75.523391,1012.5778341013826,219729.39,127,90,-583.814032,0.6551724137931034,1.4111111111111112
0x28736f43f1e871e6aa8b1148d38d4994275d72c4,2024-11-27,169,93,193.66415899999998,74,62.761001,1110.83224852071,187730.65,69,100,130.903158,0.7956989247311828,0.69
0x28736f43f1e871e6aa8b1148d38d4994275d72c4,2024-11-28,207,115,165.532644,78,67.285783,946.0768115942029,195837.9,116,91,98.24686100000001,0.6782608695652174,1.2747252747252746
0x28736f43f1e871e6aa8b1148d38d4994275d72c4,2024-11-29,206,108,9551.73423,92,29.21348375,388.948786407767,80123.45,87,119,9522.52074625,0.8518518518518519,0.7310924369747899
0x28736f43f1e871e6aa8b1148d38d4994275d72c4,2024-11-30,154,87,5590.528248,71,17.77266812,315.52253246753247,48590.47,60,94,5572.7555798799995,0.8160919540229885,0.6382978723404256
0x28736f43f1e871e6aa8b1148d38d4994275d72c4,2024-12-01,193,108,4458.25495,97,16.10546943,247.12725388601035,47695.56,66,127,4442.1494805699995,0.8981481481481481,0.5196850393700787
0x28736f43f1e871e6aa8b1148d38d4994275d72c4,2024-12-02,140,75,1283.846047,73,6.30947724,140.36935714285713,19651.71,70,70,1277.53656976,0.9733333333333334,1.0
0x28736f43f1e871e6aa8b1148d38d4994275d72c4,2024-12-03,78,37,1190.358719,37,2.982829,92.37217948717948,7205.03,28,50,1187.37589,1.0,0.56
0x28736f43f1e871e6aa8b1148d38d4994275d72c4,2024-12-04,112,61,9066.169646,60,7.22773423,165.78285714285715,18567.68,30,82,9058.94191177,0.9836065573770492,0.36585365853658536
0x28736f43f1e871e6aa8b1148d38d4994275d72c4,2024-12-05,98,48,14685.787664,48,9.32634692,259.2459183673469,25406.1,33,65,14676.46131708,1.0,0.5076923076923077
0x28736f43f1e871e6aa8b1148d38d4994275d72c4,2024-12-06,69,16,389.176232,16,2.907485,129.80536231884057,8956.57,27,42,386.268747,1.0,0.6428571428571429
0x28736f43f1e871e6aa8b1148d38d4994275d72c4,2024-12-07,86,36,4008.012049,36,3.66824976,159.67825581395348,13732.33,20,66,4004.34379924,1.0,0.30303030303030304
0x28736f43f1e871e6aa8b1148d38d4994275d72c4,2024-12-08,102,43,554.009942,43,2.81362784,77.67176470588235,7922.52,31,71,551.19631416,1.0,0.43661971830985913
0x28736f43f1e871e6aa8b1148d38d4994275d72c4,2024-12-09,213,129,768.430838,126,6.79214041,88.1318309859155,18772.08,169,44,761.63869759,0.9767441860465116,3.840909090909091
0x28736f43f1e871e6aa8b1148d38d4994275d72c4,2024-12-10,157,110,980.557461,106,5.81611154,119.62222929936306,18780.69,117,40,974.74134946,0.9636363636363636,2.925
0x28736f43f1e871e6aa8b1148d38d4994275d72c4,2024-12-11,93,40,1582.001112,32,4.121023,124.41204301075268,11570.32,16,77,1577.880089,0.8,0.2077922077922078
0x28736f43f1e871e6aa8b1148d38d4994275d72c4,2024-12-12,147,87,5806.86932,82,6.99886242,150.14530612244897,22071.36,28,119,5799.87045758,0.9425287356321839,0.23529411764705882
0x28736f43f1e871e6aa8b1148d38d4994275d72c4,2024-12-13,155,82,1522.284412,71,6.2494111199999995,88.59193548387097,13731.75,83,72,1516.0350008799999,0.8658536585365854,1.1527777777777777
0x28736f43f1e871e6aa8b1148d38d4994275d72c4,2024-12-14,154,122,13281.73126,119,9.858389,187.5361038961039,28880.56,45,109,13271.872871,0.9754098360655737,0.41284403669724773
0x28736f43f1e871e6aa8b1148d38d4994275d72c4,2024-12-15,137,71,5389.96219,68,6.5299154,125.00722627737227,17125.99,61,76,5383.4322746,0.9577464788732394,0.8026315789473685
0x28736f43f1e871e6aa8b1148d38d4994275d72c4,2024-12-16,230,156,13190.248859,154,16.93692959,131.2383043478261,30184.81,85,145,13173.31192941,0.9871794871794872,0.5862068965517241
0x28736f43f1e871e6aa8b1148d38d4994275d72c4,2024-12-17,181,79,4454.939378,78,6.70647033,112.67668508287292,20394.48,98,83,4448.23290767,0.9873417721518988,1.180722891566265
0x28736f43f1e871e6aa8b1148d38d4994275d72c4,2024-12-18,191,85,3624.489655,80,7.0983362,124.92068062827224,23859.85,102,89,3617.3913187999997,0.9411764705882353,1.146067415730337
0x28736f43f1e871e6aa8b1148d38d4994275d72c4,2024-12-19,204,94,1525.329937,80,13.84405958,197.00485294117647,40188.99,159,45,1511.48587742,0.851063829787234,3.533333333333333
0x28736f43f1e871e6aa8b1148d38d4994275d72c4,2024-12-20,194,121,7812.716373,111,20.15432465,289.6046907216495,56183.31,64,130,7792.562048350001,0.9173553719008265,0.49230769230769234
0x28736f43f1e871e6aa8b1148d38d4994275d72c4,2024-12-21,107,55,7465.899936,54,8.17682398,215.33785046728974,23041.15,26,81,7457.7231120199995,0.9818181818181818,0.32098765432098764
0x28736f43f1e871e6aa8b1148d38d4994275d72c4,2024-12-22,79,42,1174.025529,41,4.77912431,174.83481012658228,13811.95,45,34,1169.24640469,0.9761904761904762,1.3235294117647058
0x28736f43f1e871e6aa8b1148d38d4994275d72c4,2024-12-23,95,30,122.889996,29,7.38734551,212.30473684210526,20168.95,86,9,115.50265049,0.9666666666666667,9.555555555555555
0x28736f43f1e871e6aa8b1148d38d4994275d72c4,2024-12-24,48,16,1555.956456,15,3.97064897,282.42354166666667,13556.33,9,39,1551.98580703,0.9375,0.23076923076923078
0x28736f43f1e871e6aa8b1148d38d4994275d72c4,2024-12-25,66,36,1530.919365,30,6.72020595,284.1157575757576,18751.64,12,54,1524.19915905,0.8333333333333334,0.2222222222222222
0x28736f43f1e871e6aa8b1148d38d4994275d72c4,2024-12-26,84,31,101.860928,28,6.35717119,223.8904761904762,18806.8,72,12,95.50375681,0.9032258064516129,6.0
0x28736f43f1e871e6aa8b1148d38d4994275d72c4,2024-12-27,73,26,388.366016,26,5.89000938,221.81794520547948,16192.710000000001,40,33,382.47600662,1.0,1.2121212121212122
0x28736f43f1e871e6aa8b1148d38d4994275d72c4,2024-12-28,63,30,506.512551,23,3.62758387,166.3415873015873,10479.52,35,28,502.88496712999995,0.7666666666666667,1.25
0x28736f43f1e871e6aa8b1148d38d4994275d72c4,2024-12-29,34,17,115.51218300000001,17,1.67428899,140.99176470588236,4793.72,7,27,113.83789401000001,1.0,0.25925925925925924
0x28736f43f1e871e6aa8b1148d38d4994275d72c4,2024-12-30,125,43,255.808312,42,15.93979237,455.63544,56954.43,109,16,239.86851963,0.9767441860465116,6.8125
0x28736f43f1e871e6aa8b1148d38d4994275d72c4,2024-12-31,107,33,496.221792,32,37.09483339,1121.107570093458,119958.51,57,50,459.12695861,0.9696969696969697,1.14
0x28736f43f1e871e6aa8b1148d38d4994275d72c4,2025-01-01,59,21,109.82694000000001,21,4.20683628,263.3476271186441,15537.51,44,15,105.62010372,1.0,2.933333333333333
0x28736f43f1e871e6aa8b1148d38d4994275d72c4,2025-01-02,101,47,416.546688,46,7.715886,217.69336633663366,21987.03,25,76,408.830802,0.9787234042553191,0.32894736842105265
0x28736f43f1e871e6aa8b1148d38d4994275d72c4,2025-01-03,69,39,250.581483,36,5.21759794,217.15115942028987,14983.43,34,35,245.36388506,0.9230769230769231,0.9714285714285714
0x28736f43f1e871e6aa8b1148d38d4994275d72c4,2025-01-04,81,48,232.66549799999999,40,4.45112,156.68296296296296,12691.32,32,49,228.21437799999998,0.8333333333333334,0.6530612244897959
0x28736f43f1e871e6aa8b1148d38d4994275d72c4,2025-01-05,82,47,87.752181,44,2.903942,101.1840243902439,8297.09,39,43,84.84823899999999,0.9361702127659575,0.9069767441860465
0x28736f43f1e871e6aa8b1148d38d4994275d72c4,2025-01-06,80,21,114.68421000000001,21,2.180784,82.075375,6566.03,18,62,112.503426,1.0,0.2903225806451613
0x28736f43f1e871e6aa8b1148d38d4994275d72c4,2025-01-07,103,76,267.846227,72,3.84222532,103.70087378640777,10681.19,87,16,264.00400168,0.9473684210526315,5.4375
0x28736f43f1e871e6aa8b1148d38d4994275d72c4,2025-01-08,149,93,651.469355,85,25.62455377,489.99302013422823,73008.96,111,38,625.8448012299999,0.9139784946236559,2.9210526315789473
0x28736f43f1e871e6aa8b1148d38d4994275d72c4,2025-01-09,103,49,571.688942,49,26.62899091,728.4078640776698,75026.01,64,39,545.05995109,1.0,1.641025641025641
0x28736f43f1e871e6aa8b1148d38d4994275d72c4,2025-01-10,84,40,401.706348,37,12.934459,522.1204761904762,43858.12,34,50,388.771889,0.925,0.68
0x28736f43f1e871e6aa8b1148d38d4994275d72c4,2025-01-11,37,18,157.228232,16,6.271357,484.2756756756757,17918.2,18,19,150.956875,0.8888888888888888,0.9473684210526315
0x28736f43f1e871e6aa8b1148d38d4994275d72c4,2025-01-12,63,40,274.773033,39,9.55187849,446.3861904761905,28122.33,29,34,265.22115451,0.975,0.8529411764705882
0x28736f43f1e871e6aa8b1148d38d4994275d72c4,2025-01-13,61,19,53.846609,19,10.70141637,561.3780327868852,34244.06,49,12,43.14519263,1.0,4.083333333333333
0x28736f43f1e871e6aa8b1148d38d4994275d72c4,2025-01-14,42,35,894.564828,34,11.65985,995.6730952380951,41818.27,4,38,882.904978,0.9714285714285714,0.10526315789473684
0x28736f43f1e871e6aa8b1148d38d4994275d72c4,2025-01-15,19,8,55.137803,8,1.2830669799999999,240.01052631578946,4560.2,10,9,53.85473602,1.0,1.1111111111111112
0x28736f43f1e871e6aa8b1148d38d4994275d72c4,2025-01-16,87,28,238.995461,28,4.286717,136.35540229885058,11862.92,24,63,234.708744,1.0,0.38095238095238093
0x28736f43f1e871e6aa8b1148d38d4994275d72c4,2025-01-17,70,36,168.92152,35,2.93988,118.53914285714285,8297.74,37,33,165.98164,0.9722222222222222,1.121212121212121
0x28736f43f1e871e6aa8b1148d38d4994275d72c4,2025-01-18,259,107,594.135892,105,15.71582039,195.20691119691122,50558.590000000004,128,131,578.42007161,0.9813084112149533,0.9770992366412213
0x28736f43f1e871e6aa8b1148d38d4994275d72c4,2025-01-19,184,90,102.504343,79,9.57127425,155.71684782608696,28651.9,58,126,92.93306875,0.8777777777777778,0.4603174603174603
0x28736f43f1e871e6aa8b1148d38d4994275d72c4,2025-01-20,169,72,608.885905,69,11.29703859,169.7668047337278,28690.59,115,54,597.58886641,0.9583333333333334,2.1296296296296298
0x28736f43f1e871e6aa8b1148d38d4994275d72c4,2025-01-21,94,53,428.3738,46,9.96375392,262.3486170212766,24660.77,48,46,418.41004608000003,0.8679245283018868,1.0434782608695652
0x28736f43f1e871e6aa8b1148d38d4994275d72c4,2025-01-22,112,54,589.467131,51,4.77079692,120.82616071428572,13532.53,57,55,584.69633408,0.9444444444444444,1.0363636363636364
0x28736f43f1e871e6aa8b1148d38d4994275d72c4,2025-01-23,122,61,229.609892,57,4.98842587,128.88065573770493,15723.44,90,32,224.62146613,0.9344262295081968,2.8125
0x28736f43f1e871e6aa8b1148d38d4994275d72c4,2025-01-24,120,62,347.22838,60,6.46564692,145.0465,17405.58,59,61,340.76273308000003,0.967741935483871,0.9672131147540983
0x28736f43f1e871e6aa8b1148d38d4994275d72c4,2025-01-25,118,51,124.70498799999999,47,11.00739186,241.47220338983053,28493.72,73,45,113.69759613999999,0.9215686274509803,1.6222222222222222
0x28736f43f1e871e6aa8b1148d38d4994275d72c4,2025-01-26,106,50,273.211119,48,11.383431,334.20924528301884,35426.18,57,49,261.827688,0.96,1.163265306122449
0x28736f43f1e871e6aa8b1148d38d4994275d72c4,2025-01-27,268,121,838.930696,114,118.08617435,1223.7995522388057,327978.27999999997,154,114,720.84452165,0.9421487603305785,1.3508771929824561
0x28736f43f1e871e6aa8b1148d38d4994275d72c4,2025-01-28,151,82,1019.55769,75,32.20703597,624.2161589403973,94256.64,70,81,987.35065403,0.9146341463414634,0.8641975308641975
0x28736f43f1e871e6aa8b1148d38d4994275d72c4,2025-01-29,42,21,152.618804,21,4.761573,340.8880952380952,14317.3,22,20,147.857231,1.0,1.1
0x28736f43f1e871e6aa8b1148d38d4994275d72c4,2025-01-30,86,62,1234.2072,55,12.06936192,394.06465116279065,33889.56,25,61,1222.1378380800002,0.8870967741935484,0.4098360655737705
0x28736f43f1e871e6aa8b1148d38d4994275d72c4,2025-01-31,49,40,755.916254,38,6.418588,374.2630612244898,18338.89,11,38,749.497666,0.95,0.2894736842105263
0x28736f43f1e871e6aa8b1148d38d4994275d72c4,2025-02-01,51,29,3.536668000000001,21,18.86497698,1057.5154901960784,53933.29,30,21,-15.328308980000001,0.7241379310344828,1.4285714285714286
0x28736f43f1e871e6aa8b1148d38d4994275d72c4,2025-02-02,91,16,-1416.906536,5,35.3271459,1328.6620879120878,120908.25,80,11,-1452.2336819,0.3125,7.2727272727272725
0x28736f43f1e871e6aa8b1148d38d4994275d72c4,2025-02-03,75,46,439.634046,45,19.67962575,1251.5914666666667,93869.36,27,48,419.95442025,0.9782608695652174,0.5625
0x28736f43f1e871e6aa8b1148d38d4994275d72c4,2025-02-04,48,17,1291.500575,17,11.67501298,1139.6597916666667,54703.67,31,17,1279.82556202,1.0,1.8235294117647058
0x28736f43f1e871e6aa8b1148d38d4994275d72c4,2025-02-05,83,38,696.8107239999999,37,22.582462,912.4063855421687,75729.73,45,38,674.228262,0.9736842105263158,1.1842105263157894
0x28736f43f1e871e6aa8b1148d38d4994275d72c4,2025-02-06,45,17,358.877096,17,12.82953248,1453.7044444444446,65416.700000000004,28,17,346.04756352,1.0,1.6470588235294117
0x28736f43f1e871e6aa8b1148d38d4994275d72c4,2025-02-07,54,36,932.4458159999999,36,8.94706289,596.832037037037,32228.93,18,36,923.4987531099999,1.0,0.5
0x28736f43f1e871e6aa8b1148d38d4994275d72c4,2025-02-08,32,0,0.0,0,6.52147324,630.2528125,20168.09,32,0,-6.52147324,,inf
0x28736f43f1e871e6aa8b1148d38d4994275d72c4,2025-02-09,17,11,31.14195,11,4.075936,685.0323529411764,11645.55,6,11,27.066014000000003,1.0,0.5454545454545454
0x28736f43f1e871e6aa8b1148d38d4994275d72c4,2025-02-10,43,29,436.833818,29,11.32409347,1075.9925581395348,46267.68,14,29,425.50972453,1.0,0.4827586206896552
0x28736f43f1e871e6aa8b1148d38d4994275d72c4,2025-02-11,41,19,593.326371,19,10.47421592,984.2039024390244,40352.36,22,19,582.85215508,1.0,1.1578947368421053
0x28736f43f1e871e6aa8b1148d38d4994275d72c4,2025-02-12,59,31,198.780392,27,10.93174577,717.646779661017,42341.16,28,31,187.84864623,0.8709677419354839,0.9032258064516129
0x28736f43f1e871e6aa8b1148d38d4994275d72c4,2025-02-13,42,21,287.27875,21,7.41441345,647.7471428571429,27205.38,27,15,279.86433655,1.0,1.8
0x28736f43f1e871e6aa8b1148d38d4994275d72c4,2025-02-14,47,38,404.813032,37,7.08501143,536.6263829787234,25221.44,5,42,397.72802057,0.9736842105263158,0.11904761904761904
0x28736f43f1e871e6aa8b1148d38d4994275d72c4,2025-02-15,9,8,64.653448,8,0.38499837000000003,257.83222222222224,2320.4900000000002,2,7,64.26844962999999,1.0,0.2857142857142857
0x28736f43f1e871e6aa8b1148d38d4994275d72c4,2025-02-16,11,4,59.664989,4,2.08515748,503.33272727272725,5536.66,6,5,57.57983152,1.0,1.2
0x28736f43f1e871e6aa8b1148d38d4994275d72c4,2025-02-17,28,18,115.824682,18,3.468646,466.69214285714287,13067.380000000001,17,11,112.35603599999999,1.0,1.5454545454545454
0x28736f43f1e871e6aa8b1148d38d4994275d72c4,2025-02-18,36,7,45.659497,7,3.92265877,404.88444444444445,14575.84,33,3,41.736838230000004,1.0,11.0
0x28736f43f1e871e6aa8b1148d38d4994275d72c4,2025-02-19,22,7,20.62415,7,3.82803041,508.5995454545455,11189.19,14,8,16.79611959,1.0,1.75
0x28736f43f1e871e6aa8b1148d38d4994275d72c4,2025-02-20,53,26,278.142839,26,6.97613161,429.3352830188679,22754.77,25,28,271.16670739,1.0,0.8928571428571429
0x28736f43f1e871e6aa8b1148d38d4994275d72c4,2025-02-21,93,61,591.659533,61,8.71799298,320.8220430107527,29836.45,34,59,582.94154002,1.0,0.576271186440678
0x28736f43f1e871e6aa8b1148d38d4994275d72c4,2025-02-22,58,18,408.03639799999996,17,10.403183,523.8093103448275,30380.94,34,24,397.63321499999995,0.9444444444444444,1.4166666666666667
0x28736f43f1e871e6aa8b1148d38d4994275d72c4,2025-02-23,24,9,39.91436,9,4.624798999999999,550.5720833333334,13213.73,10,14,35.289561000000006,1.0,0.7142857142857143
0x28736f43f1e871e6aa8b1148d38d4994275d72c4,2025-02-24,61,27,180.244855,27,4.67033409,282.4104918032787,17227.04,57,4,175.57452091,1.0,14.25
0x28736f43f1e871e6aa8b1148d38d4994275d72c4,2025-02-25,49,13,168.27053,13,12.08812484,883.3975510204082,43286.48,41,8,156.18240516,1.0,5.125
0x28736f43f1e871e6aa8b1148d38d4994275d72c4,2025-02-26,34,15,64.59776,13,2.31881993,242.27088235294116,8237.21,25,9,62.27894006999999,0.8666666666666667,2.7777777777777777
0x28736f43f1e871e6aa8b1148d38d4994275d72c4,2025-02-27,30,14,71.919819,13,7.712264,765.107,22953.21,18,12,64.207555,0.9285714285714286,1.5
0x28736f43f1e871e6aa8b1148d38d4994275d72c4,2025-02-28,81,29,-3425.450348,26,44.055539950000004,1611.6066666666666,130540.14,52,29,-3469.5058879499998,0.896551724137931,1.793103448275862
0x28736f43f1e871e6aa8b1148d38d4994275d72c4,2025-03-01,37,14,557.9358,14,10.630594,840.2127027027027,31087.87,18,19,547.305206,1.0,0.9473684210526315
0x28736f43f1e871e6aa8b1148d38d4994275d72c4,2025-03-02,73,56,8330.21747,56,32.77112491,1432.3072602739728,104558.43000000001,18,55,8297.44634509,1.0,0.32727272727272727
0x28736f43f1e871e6aa8b1148d38d4994275d72c4,2025-03-03,58,21,494.669357,21,9.075943,536.928448275862,31141.85,48,10,485.593414,1.0,4.8
0x28736f43f1e871e6aa8b1148d38d4994275d72c4,2025-03-04,43,13,163.73415,13,12.403976,1091.9493023255814,46953.82,42,1,151.330174,1.0,42.0
0x28736f43f1e871e6aa8b1148d38d4994275d72c4,2025-03-05,26,20,437.35445200000004,20,10.038071,1109.076923076923,28836.0,9,17,427.31638100000004,1.0,0.5294117647058824
0x28736f43f1e871e6aa8b1148d38d4994275d72c4,2025-03-06,21,13,291.46926,13,6.196843,856.63,17989.23,10,11,285.272417,1.0,0.9090909090909091
0x28736f43f1e871e6aa8b1148d38d4994275d72c4,2025-03-07,40,15,411.824274,15,10.478032,748.432,29937.28,26,14,401.346242,1.0,1.8571428571428572
0x28736f43f1e871e6aa8b1148d38d4994275d72c4,2025-03-08,35,14,173.811132,14,5.714768,698.2522857142857,24438.829999999998,23,12,168.096364,1.0,1.9166666666666667
0x28736f43f1e871e6aa8b1148d38d4994275d72c4,2025-03-09,36,6,140.953497,6,8.077071,1118.493611111111,40265.77,31,5,132.876426,1.0,6.2
0x28736f43f1e871e6aa8b1148d38d4994275d72c4,2025-03-10,31,16,-4026.754395,3,9.092939,838.0596774193548,25979.85,15,16,-4035.847334,0.1875,0.9375
0x28736f43f1e871e6aa8b1148d38d4994275d72c4,2025-03-11,24,0,0.0,0,3.08138524,538.44125,12922.59,24,0,-3.08138524,,inf
0x28736f43f1e871e6aa8b1148d38d4994275d72c4,2025-03-12,9,4,33.01095,4,2.419733,851.8611111111111,7666.75,5,4,30.591217,1.0,1.25
0x28736f43f1e871e6aa8b1148d38d4994275d72c4,2025-03-13,22,13,465.046501,12,6.1611094699999995,881.3063636363636,19388.739999999998,9,13,458.88539153,0.9230769230769231,0.6923076923076923
0x28736f43f1e871e6aa8b1148d38d4994275d72c4,2025-03-14,4,0,0.0,0,0.02631992,262.4975,1049.99,3,1,-0.02631992,,3.0
0x28736f43f1e871e6aa8b1148d38d4994275d72c4,2025-03-16,27,18,106.912886,18,3.300477,618.9422222222222,16711.44,9,18,103.612409,1.0,0.5
0x28736f43f1e871e6aa8b1148d38d4994275d72c4,2025-03-17,2,0,0.0,0,0.45752099999999996,653.5999999999999,1307.1999999999998,2,0,-0.45752099999999996,,inf
0x28736f43f1e871e6aa8b1148d38d4994275d72c4,2025-03-18,15,7,40.9165,7,3.695029,703.816,10557.24,12,3,37.221471,1.0,4.0
0x28736f43f1e871e6aa8b1148d38d4994275d72c4,2025-03-19,33,30,54.9718,30,3.580514,539.8872727272727,17816.28,3,30,51.391286,1.0,0.1
0x28736f43f1e871e6aa8b1148d38d4994275d72c4,2025-03-20,20,12,144.656157,10,5.7227,1620.353,32407.06,6,14,138.933457,0.8333333333333334,0.42857142857142855
0x28736f43f1e871e6aa8b1148d38d4994275d72c4,2025-03-21,12,1,0.5844,1,0.7890119999999999,187.86083333333332,2254.33,10,2,-0.2046119999999999,1.0,5.0
0x28736f43f1e871e6aa8b1148d38d4994275d72c4,2025-03-22,17,9,132.087931,9,3.06220897,559.405294117647,9509.89,6,11,129.02572203,1.0,0.5454545454545454
0x28736f43f1e871e6aa8b1148d38d4994275d72c4,2025-03-23,14,13,79.086899,13,3.619859,840.6328571428572,11768.86,1,13,75.46704,1.0,0.07692307692307693
0x28736f43f1e871e6aa8b1148d38d4994275d72c4,2025-03-24,45,31,808.135252,31,19.386062,1334.7422222222222,60063.4,11,34,788.74919,1.0,0.3235294117647059
0x28736f43f1e871e6aa8b1148d38d4994275d72c4,2025-03-25,33,12,417.38885700000003,12,5.44960793,530.670303030303,17512.12,20,13,411.93924907,1.0,1.5384615384615385
0x28736f43f1e871e6aa8b1148d38d4994275d72c4,2025-03-26,35,16,379.04079,16,7.23844293,637.0742857142857,22297.6,17,18,371.80234707,1.0,0.9444444444444444
0x28736f43f1e871e6aa8b1148d38d4994275d72c4,2025-03-27,38,9,-133.035992,6,24.18367894,1857.9734210526317,70602.99,29,9,-157.21967094,0.6666666666666666,3.2222222222222223
0x28736f43f1e871e6aa8b1148d38d4994275d72c4,2025-03-28,41,4,-21.766132,1,9.889059,876.1812195121952,35923.43,37,4,-31.655191,0.25,9.25
0x28736f43f1e871e6aa8b1148d38d4994275d72c4,2025-03-29,15,5,28.499012000000004,5,2.460415,468.65066666666667,7029.76,15,0,26.038597000000003,1.0,inf
0x28736f43f1e871e6aa8b1148d38d4994275d72c4,2025-03-30,44,11,-743.288757,1,10.817133,726.7522727272727,31977.1,31,13,-754.10589,0.09090909090909091,2.3846153846153846
0x28736f43f1e871e6aa8b1148d38d4994275d72c4,2025-03-31,52,14,3.5652170000000005,7,6.77894745,375.1351923076923,19507.03,40,12,-3.21373045,0.5,3.3333333333333335
0x28736f43f1e871e6aa8b1148d38d4994275d72c4,2025-04-01,41,29,768.351892,27,5.24749082,422.4107317073171,17318.84,14,27,763.10440118,0.9310344827586207,0.5185185185185185
0x28736f43f1e871e6aa8b1148d38d4994275d72c4,2025-04-02,70,42,669.381363,42,9.363195900000001,414.13428571428574,28989.4,27,43,660.0181670999999,1.0,0.627906976744186
0x28736f43f1e871e6aa8b1148d38d4994275d72c4,2025-04-03,85,21,149.51234499999998,10,12.648717,453.3190588235294,38532.12,64,21,136.86362799999998,0.47619047619047616,3.0476190476190474
0x28736f43f1e871e6aa8b1148d38d4994275d72c4,2025-04-04,100,63,498.73528200000004,56,9.75008299,280.5443,28054.43,33,67,488.98519901000003,0.8888888888888888,0.4925373134328358
0x28736f43f1e871e6aa8b1148d38d4994275d72c4,2025-04-05,56,38,177.049662,34,5.860857,331.27535714285716,18551.420000000002,18,38,171.188805,0.8947368421052632,0.47368421052631576
0x28736f43f1e871e6aa8b1148d38d4994275d72c4,2025-04-06,74,38,-476.77056300000004,27,9.776648999999999,387.5243243243243,28676.8,40,34,-486.54721200000006,0.7105263157894737,1.1764705882352942
0x28736f43f1e871e6aa8b1148d38d4994275d72c4,2025-04-07,150,110,-19833.530157,27,43.1092219,830.2844666666666,124542.67,40,110,-19876.6393789,0.24545454545454545,0.36363636363636365
0x28736f43f1e871e6aa8b1148d38d4994275d72c4,2025-04-08,65,28,230.103259,24,7.26450408,279.894,18193.11,36,29,222.83875492,0.8571428571428571,1.2413793103448276
0x28736f43f1e871e6aa8b1148d38d4994275d72c4,2025-04-09,53,19,94.077376,12,4.298903175,244.56867924528302,12962.14,34,19,89.778472825,0.631578947368421,1.7894736842105263
0x28736f43f1e871e6aa8b1148d38d4994275d72c4,2025-04-10,22,14,73.76740699999999,11,1.16614887,166.24727272727273,3657.44,10,12,72.60125812999999,0.7857142857142857,0.8333333333333334
0x28736f43f1e871e6aa8b1148d38d4994275d72c4,2025-04-11,14,6,67.00618399999999,6,2.2244274,335.15785714285715,4692.21,7,7,64.7817566,1.0,1.0
0x28736f43f1e871e6aa8b1148d38d4994275d72c4,2025-04-12,3,3,10.499265,3,0.082099,78.19,234.57,0,3,10.417166,1.0,0.0
0x28736f43f1e871e6aa8b1148d38d4994275d72c4,2025-04-13,19,17,-902.0714839999999,6,1.7886240489,269.5942105263158,5122.29,5,14,-903.8601080489,0.35294117647058826,0.35714285714285715
0x28736f43f1e871e6aa8b1148d38d4994275d72c4,2025-04-14,14,8,27.177561,7,0.297245497,180.60857142857142,2528.52,3,11,26.880315503000002,0.875,0.2727272727272727
0x28736f43f1e871e6aa8b1148d38d4994275d72c4,2025-04-15,17,5,-48.794434,1,1.16386893,186.68235294117648,3173.6,6,11,-49.95830293,0.2,0.5454545454545454
0x28736f43f1e871e6aa8b1148d38d4994275d72c4,2025-04-16,9,3,8.738942,3,0.10297,32.69,294.21,3,6,8.635971999999999,1.0,0.5
0x28736f43f1e871e6aa8b1148d38d4994275d72c4,2025-04-17,10,4,-15.688322,1,1.25001893,162.429,1624.29,7,3,-16.93834093,0.25,2.3333333333333335
0x28736f43f1e871e6aa8b1148d38d4994275d72c4,2025-04-18,8,7,22.793679,6,0.44951599999999997,160.54125,1284.33,4,4,22.344163,0.8571428571428571,1.0
0x28736f43f1e871e6aa8b1148d38d4994275d72c4,2025-04-19,7,4,40.803149000000005,4,0.185133,75.5942857142857,529.16,2,5,40.618016000000004,1.0,0.4
0x28736f43f1e871e6aa8b1148d38d4994275d72c4,2025-04-20,2,2,7.707293999999999,2,0.061001,87.145,174.29,0,2,7.646292999999999,1.0,0.0
0x28736f43f1e871e6aa8b1148d38d4994275d72c4,2025-04-21,6,5,19.956089,5,0.164511,78.33833333333334,470.03000000000003,4,2,19.791577999999998,1.0,2.0
0x28736f43f1e871e6aa8b1148d38d4994275d72c4,2025-04-22,5,2,11.839106000000001,2,0.10267899999999999,58.678,293.39,0,5,11.736427,1.0,0.0
0x28736f43f1e871e6aa8b1148d38d4994275d72c4,2025-04-23,13,10,50.899228,8,0.414533,91.10846153846154,1184.41,0,13,50.484695,0.8,0.0
0x28736f43f1e871e6aa8b1148d38d4994275d72c4,2025-04-24,1,1,1.023851,1,0.063819,182.34,182.34,0,1,0.9600320000000001,1.0,0.0
0x28736f43f1e871e6aa8b1148d38d4994275d72c4,2025-04-27,1,1,0.265698,1,0.017485,49.96,49.96,1,0,0.248213,1.0,inf
0x28736f43f1e871e6aa8b1148d38d4994275d72c4,2025-04-28,8,5,-0.08516699999999999,1,0.439232,156.87,1254.96,0,8,-0.5243990000000001,0.2,0.0
0x28736f43f1e871e6aa8b1148d38d4994275d72c4,2025-05-01,2,2,16.923621,2,0.094722,135.32,270.64,0,2,16.828899,1.0,0.0
0x2c229d22b100a7beb69122eed721cee9b24011dd,2024-10-31,9,3,-2.5534149999999998,0,10.482325,3327.722222222222,29949.5,6,3,-13.035739999999999,0.0,2.0
0x2c229d22b100a7beb69122eed721cee9b24011dd,2024-11-01,14,8,-0.09906000000000104,4,9.793994,2139.280714285714,29949.93,6,8,-9.893054000000001,0.5,0.75
0x2c229d22b100a7beb69122eed721cee9b24011dd,2024-11-06,3,2,-3.41119,0,0.70018,666.84,2000.52,1,2,-4.11137,0.0,0.5
0x2c229d22b100a7beb69122eed721cee9b24011dd,2024-11-08,15,10,-710.786946,0,9.653699999999999,2003.9206666666666,30058.81,5,10,-720.4406459999999,0.0,0.5
0x2c229d22b100a7beb69122eed721cee9b24011dd,2024-11-13,10,7,-17.60528,2,2.039937,582.841,5828.41,3,7,-19.645217000000002,0.2857142857142857,0.42857142857142855
0x2c229d22b100a7beb69122eed721cee9b24011dd,2024-11-14,69,14,2215.402997,14,38.231318,1825.0886956521738,125931.12,55,14,2177.171679,1.0,3.9285714285714284
0x2c229d22b100a7beb69122eed721cee9b24011dd,2024-11-15,33,22,2137.203852,22,8.689241,1024.2048484848485,33798.76,11,22,2128.514611,1.0,0.5
0x2c229d22b100a7beb69122eed721cee9b24011dd,2024-11-16,22,13,1484.528402,13,9.866907,1292.3377272727273,28431.43,9,13,1474.6614949999998,1.0,0.6923076923076923
0x2c229d22b100a7beb69122eed721cee9b24011dd,2024-11-18,15,8,-8.138354999999999,4,2.067775,393.86333333333334,5907.95,7,8,-10.206129999999998,0.5,0.875
0x2c229d22b100a7beb69122eed721cee9b24011dd,2024-11-20,76,50,2626.800865,48,63.935804,2627.9109210526312,199721.22999999998,26,50,2562.865061,0.96,0.52
0x2c229d22b100a7beb69122eed721cee9b24011dd,2024-11-21,22,15,-0.15074600000000027,4,11.615881,1508.5563636363636,33188.24,7,15,-11.766627,0.26666666666666666,0.4666666666666667
0x2c229d22b100a7beb69122eed721cee9b24011dd,2024-11-22,57,31,-260.909686,3,135.454691,7077.548245614035,403420.25,26,31,-396.364377,0.0967741935483871,0.8387096774193549
0x2c229d22b100a7beb69122eed721cee9b24011dd,2024-11-29,10,9,31.04129,9,1.838604,525.317,5253.17,1,9,29.202686,1.0,0.1111111111111111
0x2c229d22b100a7beb69122eed721cee9b24011dd,2024-11-30,6,2,59.744873999999996,2,14.580366,6943.03,41658.18,4,2,45.164508,1.0,2.0
0x2c229d22b100a7beb69122eed721cee9b24011dd,2024-12-02,53,30,16196.864846,30,42.163079,2348.7403773584906,124483.23999999999,23,30,16154.701767,1.0,0.7666666666666667
0x2c229d22b100a7beb69122eed721cee9b24011dd,2024-12-03,59,26,121.535562,14,34.807342,1685.5867796610169,99449.62,33,26,86.72822,0.5384615384615384,1.2692307692307692
0x2c229d22b100a7beb69122eed721cee9b24011dd,2024-12-04,37,25,7591.307059,25,36.568131,3426.9959459459456,126798.84999999999,12,25,7554.738928,1.0,0.48
0x2c229d22b100a7beb69122eed721cee9b24011dd,2024-12-05,33,30,2069.92634,30,7.532439,890.1048484848485,29373.46,3,30,2062.393901,1.0,0.1
0x2c229d22b100a7beb69122eed721cee9b24011dd,2024-12-06,9,4,-123.870122,0,7.0556339999999995,2324.0444444444447,20916.4,5,4,-130.925756,0.0,1.25
0x2c229d22b100a7beb69122eed721cee9b24011dd,2024-12-10,12,7,130.883691,7,6.658685,1585.4033333333334,19024.84,5,7,124.225006,1.0,0.7142857142857143
0x2c229d22b100a7beb69122eed721cee9b24011dd,2024-12-11,19,10,8544.6855,10,30.194784,6550.684736842106,124463.01000000001,9,10,8514.490716,1.0,0.9
0x2c229d22b100a7beb69122eed721cee9b24011dd,2024-12-12,62,39,7639.595794,39,120.777867,5565.801451612903,345079.69,23,39,7518.817927,1.0,0.5897435897435898
0x2c229d22b100a7beb69122eed721cee9b24011dd,2024-12-13,63,49,1966.9289449999999,49,40.216161,1823.863492063492,114903.4,14,49,1926.7127839999998,1.0,0.2857142857142857
0x2c229d22b100a7beb69122eed721cee9b24011dd,2024-12-17,15,11,214.770101,11,4.795866,1000.812,15012.18,4,11,209.97423500000002,1.0,0.36363636363636365
0x2c229d22b100a7beb69122eed721cee9b24011dd,2024-12-20,11,10,305.55784,10,10.045819999999999,2609.3063636363636,28702.37,1,10,295.51202,1.0,0.1
0x2c229d22b100a7beb69122eed721cee9b24011dd,2024-12-23,29,23,6.476289999999996,12,77.457938,7631.325517241379,221308.44,6,23,-70.981648,0.5217391304347826,0.2608695652173913
0x2c229d22b100a7beb69122eed721cee9b24011dd,2024-12-24,11,6,343.63336100000004,6,10.125617,2630.031818181818,28930.35,5,6,333.50774400000006,1.0,0.8333333333333334
0x2c229d22b100a7beb69122eed721cee9b24011dd,2024-12-30,2,1,0.19908,1,0.023947,34.21,68.42,1,1,0.175133,1.0,1.0
0x2c229d22b100a7beb69122eed721cee9b24011dd,2024-12-31,49,48,2243.319777,48,70.786621,4127.501224489796,202247.56,1,48,2172.533156,1.0,0.020833333333333332
0x2c229d22b100a7beb69122eed721cee9b24011dd,2025-01-10,136,125,21980.47249,125,69.234015,2289.4099264705883,311359.75,11,125,21911.238475,1.0,0.088
0x2c229d22b100a7beb69122eed721cee9b24011dd,2025-01-11,7,3,-2.454844,0,4.373569,1785.1328571428571,12495.93,4,3,-6.828412999999999,0.0,1.3333333333333333
0x2c229d22b100a7beb69122eed721cee9b24011dd,2025-01-15,12,9,-18.998214,3,8.162897,1943.5483333333332,23322.579999999998,3,9,-27.161111,0.3333333333333333,0.3333333333333333
0x2c229d22b100a7beb69122eed721cee9b24011dd,2025-01-17,57,38,913.985947,38,130.015732,6517.080175438597,371473.57,19,38,783.970215,1.0,0.5
0x2c229d22b100a7beb69122eed721cee9b24011dd,2025-01-18,2,1,-33.4413,0,0.081664,116.66499999999999,233.32999999999998,1,1,-33.522964,0.0,1.0
0x2c229d22b100a7beb69122eed721cee9b24011dd,2025-01-19,74,46,11437.823511999999,46,140.45375,7532.947432432432,557438.11,28,46,11297.369761999998,1.0,0.6086956521739131
0x2c229d22b100a7beb69122eed721cee9b24011dd,2025-01-20,82,30,1535.55008,11,227.337492,8402.275975609757,688986.63,52,30,1308.2125879999999,0.36666666666666664,1.7333333333333334
0x2c229d22b100a7beb69122eed721cee9b24011dd,2025-01-21,15,6,59.672564,6,0.656992,125.14200000000001,1877.13,9,6,59.015572,1.0,1.5
0x2c229d22b100a7beb69122eed721cee9b24011dd,2025-01-22,229,100,12769.669401000001,65,66.962967,1080.5076419213974,247436.25,129,100,12702.706434000002,0.65,1.29
0x2c229d22b100a7beb69122eed721cee9b24011dd,2025-01-23,104,67,3776.64959,60,58.382142,2468.1846153846154,256691.2,37,67,3718.267448,0.8955223880597015,0.5522388059701493
0x2c229d22b100a7beb69122eed721cee9b24011dd,2025-01-24,38,26,363.482456,19,25.068923,2124.9794736842105,80749.22,12,26,338.41353300000003,0.7307692307692307,0.46153846153846156
0x2c229d22b100a7beb69122eed721cee9b24011dd,2025-01-25,53,33,2167.17715,33,60.414479,5537.374905660377,293480.87,20,33,2106.762671,1.0,0.6060606060606061
0x2c229d22b100a7beb69122eed721cee9b24011dd,2025-01-30,15,6,159.201612,6,21.175107,4589.114666666666,68836.72,9,6,138.02650500000001,1.0,1.5
0x2c229d22b100a7beb69122eed721cee9b24011dd,2025-01-31,132,115,14418.18988,113,210.598194,5257.4305303030305,693980.8300000001,17,115,14207.591686,0.9826086956521739,0.14782608695652175
0x2c229d22b100a7beb69122eed721cee9b24011dd,2025-02-01,21,16,88.50699399999999,12,36.52381,5610.000952380952,117810.02,5,16,51.983183999999994,0.75,0.3125
0x2c229d22b100a7beb69122eed721cee9b24011dd,2025-02-06,61,44,-639.3510530000001,35,65.080004,3750.11868852459,228757.24,17,44,-704.4310570000001,0.7954545454545454,0.38636363636363635
0x2c229d22b100a7beb69122eed721cee9b24011dd,2025-02-07,149,102,-1145.924392,6,85.535062,2135.150268456376,318137.39,47,102,-1231.4594539999998,0.058823529411764705,0.46078431372549017
0x2c229d22b100a7beb69122eed721cee9b24011dd,2025-02-13,321,206,17378.569333,206,367.292026,3578.9056074766354,1148828.7,115,206,17011.277307,1.0,0.558252427184466
0x2c229d22b100a7beb69122eed721cee9b24011dd,2025-02-15,47,32,590.06989,32,16.902925,1285.8944680851064,60437.04,15,32,573.166965,1.0,0.46875
0x2c229d22b100a7beb69122eed721cee9b24011dd,2025-02-20,149,141,3057.28245,132,262.355524,5680.961208053691,846463.22,8,141,2794.926926,0.9361702127659575,0.05673758865248227
0x2c229d22b100a7beb69122eed721cee9b24011dd,2025-02-21,60,26,8502.805925,26,56.23903,2810.3466666666664,168620.8,34,26,8446.566895,1.0,1.3076923076923077
0x2c229d22b100a7beb69122eed721cee9b24011dd,2025-02-25,24,18,169.617628,15,8.415849999999999,1016.4883333333333,24395.72,6,18,161.201778,0.8333333333333334,0.3333333333333333
0x2c229d22b100a7beb69122eed721cee9b24011dd,2025-02-26,10,9,25.30602,9,0.547879,156.53799999999998,1565.3799999999999,1,9,24.758141000000002,1.0,0.1111111111111111
0x2c229d22b100a7beb69122eed721cee9b24011dd,2025-03-05,89,58,11113.173067,58,75.572194,2537.6704494382025,225852.67,31,58,11037.600873,1.0,0.5344827586206896
0x2c229d22b100a7beb69122eed721cee9b24011dd,2025-03-06,15,11,279.152034,11,5.7579780000000005,1287.3273333333334,19309.91,4,11,273.39405600000003,1.0,0.36363636363636365
0x2c229d22b100a7beb69122eed721cee9b24011dd,2025-03-07,3,1,1.17533,1,1.021283,972.65,2917.95,2,1,0.15404700000000005,1.0,2.0
0x2c229d22b100a7beb69122eed721cee9b24011dd,2025-03-11,13,10,276.7687,10,15.364144,3849.383076923077,50041.98,3,10,261.404556,1.0,0.3
0x2c229d22b100a7beb69122eed721cee9b24011dd,2025-03-13,25,9,924.898908,1,23.551182999999998,4074.8460000000005,101871.15000000001,16,9,901.347725,0.1111111111111111,1.7777777777777777
0x2c229d22b100a7beb69122eed721cee9b24011dd,2025-03-21,74,53,1215.774424,53,38.586698,1528.0594594594593,113076.4,21,53,1177.1877259999999,1.0,0.39622641509433965
0x2c229d22b100a7beb69122eed721cee9b24011dd,2025-03-23,15,9,514.5145660000001,9,4.826468,919.33,13789.95,6,9,509.6880980000001,1.0,0.6666666666666666
0x2c229d22b100a7beb69122eed721cee9b24011dd,2025-03-25,211,72,-3323.090682,4,147.70533,2000.0732701421803,422015.46,139,72,-3470.796012,0.05555555555555555,1.9305555555555556
0x2c229d22b100a7beb69122eed721cee9b24011dd,2025-03-26,65,49,2323.99174,49,27.420784,1894.7783076923076,123160.59,16,49,2296.570956,1.0,0.32653061224489793
0x2c229d22b100a7beb69122eed721cee9b24011dd,2025-04-01,9,4,1334.414834,4,3.455933,1193.0444444444445,10737.4,5,4,1330.958901,1.0,1.25
0x2c229d22b100a7beb69122eed721cee9b24011dd,2025-04-02,6,3,1.1031579999999999,2,0.830004,395.24,2371.44,3,3,0.2731539999999999,0.6666666666666666,1.0
0x2c229d22b100a7beb69122eed721cee9b24011dd,2025-04-03,26,19,160.127816,19,6.237669,739.3319230769231,19222.63,7,19,153.89014699999998,1.0,0.3684210526315789
0x2c229d22b100a7beb69122eed721cee9b24011dd,2025-04-11,45,34,1419.922474,34,16.622566,1310.5517777777777,58974.83,11,34,1403.299908,1.0,0.3235294117647059
0x2c229d22b100a7beb69122eed721cee9b24011dd,2025-04-14,8,7,18.103863,5,0.146851,133.5325,1068.26,1,7,17.957012,0.7142857142857143,0.14285714285714285
0x2c229d22b100a7beb69122eed721cee9b24011dd,2025-04-18,7,6,11.209037,6,0.178228,74.56857142857143,521.98,1,6,11.030809,1.0,0.16666666666666666
0x2c229d22b100a7beb69122eed721cee9b24011dd,2025-04-23,2,1,29.8368,1,0.899283,1284.69,2569.38,1,1,28.937517,1.0,1.0
0x2c229d22b100a7beb69122eed721cee9b24011dd,2025-04-25,3,2,0.18414,2,0.049439,47.086666666666666,141.26,1,2,0.13470100000000002,1.0,0.5
0x3998f134d6aaa2b6a5f723806d00fd2bbbbce891,2023-05-01,3,0,0.0,0,0.0,159.0,477.0,3,0,0.0,,inf
0x3998f134d6aaa2b6a5f723806d00fd2bbbbce891,2024-01-11,2,0,0.0,0,11.072125999999999,23066.935,46133.87,2,0,-11.072125999999999,,inf
0x3998f134d6aaa2b6a5f723806d00fd2bbbbce891,2024-01-15,9,9,152.85358,9,0.151157,69.98444444444445,629.86,0,9,152.70242299999998,1.0,0.0
0x3998f134d6aaa2b6a5f723806d00fd2bbbbce891,2024-01-16,6,2,-3238.8,0,4.082997,10580.346666666666,63482.08,4,2,-3242.882997,0.0,2.0
0x3998f134d6aaa2b6a5f723806d00fd2bbbbce891,2024-01-28,11,11,-2478.06972,0,-0.362176,1646.2754545454545,18109.03,0,11,-2477.707544,0.0,0.0
0x3998f134d6aaa2b6a5f723806d00fd2bbbbce891,2024-04-16,1,0,0.0,0,0.030602,91.08,91.08,0,1,-0.030602,,0.0
0x3998f134d6aaa2b6a5f723806d00fd2bbbbce891,2024-05-29,5,0,0.0,0,19.41806,6113.468,30567.34,5,0,-19.41806,,inf
0x3998f134d6aaa2b6a5f723806d00fd2bbbbce891,2024-07-24,3,0,0.0,0,0.0,0.4266666666666667,1.28,0,3,0.0,,0.0
0x3998f134d6aaa2b6a5f723806d00fd2bbbbce891,2024-07-26,1,0,0.0,0,0.0,0.81,0.81,0,1,0.0,,0.0
0x3998f134d6aaa2b6a5f723806d00fd2bbbbce891,2024-08-01,1,0,0.0,0,0.0,0.74,0.74,0,1,0.0,,0.0
0x3998f134d6aaa2b6a5f723806d00fd2bbbbce891,2024-08-03,1,0,0.0,0,0.0,0.65,0.65,0,1,0.0,,0.0
0x3998f134d6aaa2b6a5f723806d00fd2bbbbce891,2024-08-04,1,0,0.0,0,0.0,0.01,0.01,0,1,0.0,,0.0
0x3998f134d6aaa2b6a5f723806d00fd2bbbbce891,2024-08-06,27,21,215.754798,8,0.889599,28.555555555555557,771.0,1,26,214.865199,0.38095238095238093,0.038461538461538464
0x3998f134d6aaa2b6a5f723806d00fd2bbbbce891,2024-08-07,11,0,0.0,0,0.0,0.0036363636363636364,0.04,0,11,0.0,,0.0
0x3998f134d6aaa2b6a5f723806d00fd2bbbbce891,2024-08-17,29,0,0.0,0,17.07537,1035.7675862068966,30037.26,29,0,-17.07537,,inf
0x3998f134d6aaa2b6a5f723806d00fd2bbbbce891,2024-08-30,1,0,0.0,0,0.0,0.69,0.69,0,1,0.0,,0.0
0x3998f134d6aaa2b6a5f723806d00fd2bbbbce891,2024-09-05,1,0,0.0,0,0.0,0.84,0.84,0,1,0.0,,0.0
0x3998f134d6aaa2b6a5f723806d00fd2bbbbce891,2024-11-18,6,4,48.185146,2,0.643771,116.12333333333333,696.74,1,5,47.541375,0.5,0.2
0x3998f134d6aaa2b6a5f723806d00fd2bbbbce891,2024-11-19,1,0,0.0,0,0.0,0.01,0.01,0,1,0.0,,0.0
0x3998f134d6aaa2b6a5f723806d00fd2bbbbce891,2024-11-29,56,37,17511.326788,36,5.7672259,1817.6805357142857,101790.11,17,39,17505.5595621,0.972972972972973,0.4358974358974359
0x3998f134d6aaa2b6a5f723806d00fd2bbbbce891,2024-11-30,39,27,19050.661786,27,5.65004186,2556.5420512820515,99705.14,7,32,19045.01174414,1.0,0.21875
0x3998f134d6aaa2b6a5f723806d00fd2bbbbce891,2024-12-01,3,2,13.566929,2,0.00577068,11.366666666666667,34.1,1,2,13.56115832,1.0,0.5
0x3998f134d6aaa2b6a5f723806d00fd2bbbbce891,2024-12-02,1,0,0.0,0,0.0,0.0,0.0,0,1,0.0,,0.0
0x3998f134d6aaa2b6a5f723806d00fd2bbbbce891,2024-12-14,36,0,0.0,0,0.98587664,5555.551944444444,199999.87,36,0,-0.98587664,,inf
0x3998f134d6aaa2b6a5f723806d00fd2bbbbce891,2024-12-15,6,5,346.827642,5,0.11950780999999999,117.02833333333335,702.1700000000001,1,5,346.70813419,1.0,0.2
0x3998f134d6aaa2b6a5f723806d00fd2bbbbce891,2024-12-16,4,0,0.0,0,0.0,0.0,0.0,0,4,0.0,,0.0
0x3998f134d6aaa2b6a5f723806d00fd2bbbbce891,2024-12-20,3,1,22.80272,1,0.00800663,15.183333333333332,45.55,1,2,22.79471337,1.0,0.5
0x3998f134d6aaa2b6a5f723806d00fd2bbbbce891,2025-01-20,2,0,0.0,0,0.00551699,183.07999999999998,366.15999999999997,2,0,-0.00551699,,inf
0x3998f134d6aaa2b6a5f723806d00fd2bbbbce891,2025-01-23,3,3,-5978.38652,2,0.006232,6.186666666666667,18.560000000000002,0,3,-5978.392752,0.6666666666666666,0.0
0x3998f134d6aaa2b6a5f723806d00fd2bbbbce891,2025-01-24,2,0,0.0,0,0.0,0.005,0.01,0,2,0.0,,0.0
0x3998f134d6aaa2b6a5f723806d00fd2bbbbce891,2025-02-14,2,2,19.530304,2,0.01706,25.39,50.78,0,2,19.513244,1.0,0.0
0x3998f134d6aaa2b6a5f723806d00fd2bbbbce891,2025-02-21,7,5,-350.632694,0,0.21500587000000002,184.87857142857143,1294.15,2,5,-350.84769987000004,0.0,0.4
0x3998f134d6aaa2b6a5f723806d00fd2bbbbce891,2025-03-06,37,37,600.008922,26,4.975173,1400.675945945946,51825.01,0,37,595.033749,0.7027027027027027,0.0
0x3998f134d6aaa2b6a5f723806d00fd2bbbbce891,2025-03-10,26,26,-8224.491085,0,4.1280280000000005,1653.866153846154,43000.520000000004,0,26,-8228.619112999999,0.0,0.0
0x3998f134d6aaa2b6a5f723806d00fd2bbbbce891,2025-03-11,119,119,-58444.949486,0,22.255574,1948.151092436975,231829.98,0,119,-58467.20506,0.0,0.0
0x3998f134d6aaa2b6a5f723806d00fd2bbbbce891,2025-04-06,19,0,0.0,0,3.8396399999999997,2105.072105263158,39996.37,0,19,-3.8396399999999997,,0.0
0x3998f134d6aaa2b6a5f723806d00fd2bbbbce891,2025-04-07,61,21,9485.86,21,10.608879,1811.634426229508,110509.7,21,40,9475.251121000001,1.0,0.525
0x3998f134d6aaa2b6a5f723806d00fd2bbbbce891,2025-04-09,30,0,0.0,0,3.839931,1333.3193333333334,39999.58,0,30,-3.839931,,0.0
0x3998f134d6aaa2b6a5f723806d00fd2bbbbce891,2025-04-12,32,32,2466.604719,32,3.3970969999999996,1105.835625,35386.74,32,0,2463.207622,1.0,inf
0x3998f134d6aaa2b6a5f723806d00fd2bbbbce891,2025-04-13,9,9,1076.778732,9,2.999618,2341.0022222222224,21069.02,9,0,1073.779114,1.0,inf
0x3998f134d6aaa2b6a5f723806d00fd2bbbbce891,2025-04-21,124,124,-3533.6725370000004,116,19.455411,1459.0874193548386,180926.84,8,116,-3553.1279480000003,0.9354838709677419,0.06896551724137931
0x3998f134d6aaa2b6a5f723806d00fd2bbbbce891,2025-04-22,1,0,0.0,0,0.0,0.01,0.01,0,1,0.0,,0.0
0x3998f134d6aaa2b6a5f723806d00fd2bbbbce891,2025-04-25,73,73,34.63999,73,5.793662,826.7301369863014,60351.3,0,73,28.846327999999996,1.0,0.0
0x39cef799f8b69da1995852eea189df24eb5cae3c,2024-11-12,2,0,0.0,0,3.6367089999999997,5195.3,10390.6,2,0,-3.6367089999999997,,inf
0x39cef799f8b69da1995852eea189df24eb5cae3c,2024-11-20,2,1,-808.158708,0,7.617513000000001,10882.16,21764.32,1,1,-815.7762210000001,0.0,1.0
0x39cef799f8b69da1995852eea189df24eb5cae3c,2024-12-01,1,0,0.0,0,0.069934,199.81,199.81,0,1,-0.069934,,0.0
0x39cef799f8b69da1995852eea189df24eb5cae3c,2024-12-03,1,0,0.0,0,0.073479,209.94,209.94,0,1,-0.073479,,0.0
0x39cef799f8b69da1995852eea189df24eb5cae3c,2024-12-05,6,0,0.0,0,19.757147359999998,10238.081666666667,61428.49,6,0,-19.757147359999998,,inf
0x39cef799f8b69da1995852eea189df24eb5cae3c,2024-12-06,20,0,0.0,0,8.60627,1657.5529999999999,33151.06,5,15,-8.60627,,0.3333333333333333
0x39cef799f8b69da1995852eea189df24eb5cae3c,2024-12-09,8,8,483.662076,8,0.48248,603.1,4824.8,8,0,483.179596,1.0,inf
0x39cef799f8b69da1995852eea189df24eb5cae3c,2024-12-10,3,0,0.0,0,22.963763999999998,22522.036666666667,67566.11,3,0,-22.963763999999998,,inf
0x39cef799f8b69da1995852eea189df24eb5cae3c,2024-12-11,4,4,3721.345649,4,56.017569,40012.55,160050.2,0,4,3665.3280799999998,1.0,0.0
0x39cef799f8b69da1995852eea189df24eb5cae3c,2024-12-13,26,13,1116.8006,13,5.50834285,2954.652692307692,76820.97,13,13,1111.29225715,1.0,1.0
0x39cef799f8b69da1995852eea189df24eb5cae3c,2024-12-14,1,1,1898.178342,1,0.659146,6591.46,6591.46,0,1,1897.519196,1.0,0.0
0x39cef799f8b69da1995852eea189df24eb5cae3c,2024-12-15,28,23,6623.483154,23,2.98179288,1993.9885714285715,55831.68,5,23,6620.501361119999,1.0,0.21739130434782608
0x39cef799f8b69da1995852eea189df24eb5cae3c,2024-12-16,14,9,6942.186825,9,4.25589888,5866.705,82133.87,5,9,6937.93092612,1.0,0.5555555555555556
0x39cef799f8b69da1995852eea189df24eb5cae3c,2024-12-18,12,3,136.054186,3,0.10415878,679.3075,8151.69,9,3,135.95002721999998,1.0,3.0
0x39cef799f8b69da1995852eea189df24eb5cae3c,2024-12-20,4,3,1676.3027260000001,3,1.37994,2837.6875,11350.75,2,2,1674.922786,1.0,1.0
0x39cef799f8b69da1995852eea189df24eb5cae3c,2024-12-24,19,16,14849.788861,16,17.45726591,17744.187894736842,337139.57,3,16,14832.331595090001,1.0,0.1875
0x39cef799f8b69da1995852eea189df24eb5cae3c,2025-01-01,12,6,-9655.676981,5,9.853497840000001,15270.597499999998,183247.16999999998,6,6,-9665.53047884,0.8333333333333334,1.0
0x39cef799f8b69da1995852eea189df24eb5cae3c,2025-01-03,1,0,0.0,0,0.02667297,6217.48,6217.48,1,0,-0.02667297,,inf
0x39cef799f8b69da1995852eea189df24eb5cae3c,2025-01-14,3,0,0.0,0,0.840304,800.29,2400.87,0,3,-0.840304,,0.0
0x39cef799f8b69da1995852eea189df24eb5cae3c,2025-01-19,3,3,-1584.55781,0,4.58152,15271.743333333334,45815.23,0,3,-1589.13933,0.0,0.0
0x39cef799f8b69da1995852eea189df24eb5cae3c,2025-01-20,4,3,-401.2638,0,13.404088000000002,14949.164999999999,59796.659999999996,1,3,-414.667888,0.0,0.3333333333333333
0x39cef799f8b69da1995852eea189df24eb5cae3c,2025-01-23,4,0,0.0,0,0.19999994000000001,11250.0,45000.0,4,0,-0.19999994000000001,,inf
0x39cef799f8b69da1995852eea189df24eb5cae3c,2025-02-23,6,1,2.9205,1,1.44068,2401.1383333333333,14406.83,5,1,1.4798200000000001,1.0,5.0
0x39cef799f8b69da1995852eea189df24eb5cae3c,2025-03-04,63,30,863.956464,30,18.52469533,3213.5458730158734,202453.39,33,30,845.43176867,1.0,1.1
0x39cef799f8b69da1995852eea189df24eb5cae3c,2025-03-05,43,24,8187.59426,24,10.78872833,3514.7537209302327,151134.41,19,24,8176.80553167,1.0,0.7916666666666666
0x39cef799f8b69da1995852eea189df24eb5cae3c,2025-03-10,2,2,-37230.786609,0,9.626909,48134.545,96269.09,0,2,-37240.413518,0.0,0.0
0x39cef799f8b69da1995852eea189df24eb5cae3c,2025-03-12,39,0,0.0,0,9.944007,2549.7482051282054,99440.18000000001,0,39,-9.944007,,0.0
0x39cef799f8b69da1995852eea189df24eb5cae3c,2025-03-17,205,107,17926.355742,107,39.115225,1908.0640975609756,391153.14,107,98,17887.240517,1.0,1.0918367346938775
0x39cef799f8b69da1995852eea189df24eb5cae3c,2025-03-18,283,51,238.31419899999997,51,58.330524,2061.155088339223,583306.89,51,232,179.98367499999998,1.0,0.21982758620689655
0x39cef799f8b69da1995852eea189df24eb5cae3c,2025-03-19,119,2,909.907336,2,28.818302,2421.7106722689077,288183.57,2,117,881.089034,1.0,0.017094017094017096
0x39cef799f8b69da1995852eea189df24eb5cae3c,2025-03-20,82,0,0.0,0,4.983753,607.7802439024391,49837.98,0,82,-4.983753,,0.0
0x39cef799f8b69da1995852eea189df24eb5cae3c,2025-03-21,3,0,0.0,0,3.017585,10058.62,30175.86,3,0,-3.017585,,inf
0x39cef799f8b69da1995852eea189df24eb5cae3c,2025-03-23,93,52,4988.749429,52,38.329658,4121.473548387096,383297.04,52,41,4950.419771000001,1.0,1.2682926829268293
0x39cef799f8b69da1995852eea189df24eb5cae3c,2025-03-24,20,20,3896.627832,20,3.407223,1703.6174999999998,34072.35,0,20,3893.220609,1.0,0.0
0x39cef799f8b69da1995852eea189df24eb5cae3c,2025-03-25,1,0,0.0,0,10.01761,100176.1,100176.1,0,1,-10.01761,,0.0
0x39cef799f8b69da1995852eea189df24eb5cae3c,2025-03-26,28,28,3782.33025,28,6.423789,2294.2153571428576,64238.030000000006,28,0,3775.906461,1.0,inf
0x39cef799f8b69da1995852eea189df24eb5cae3c,2025-03-27,178,30,6504.316844999999,30,27.473021,1543.4331460674157,274731.1,30,148,6476.843824,1.0,0.20270270270270271
0x39cef799f8b69da1995852eea189df24eb5cae3c,2025-04-03,142,0,0.0,0,67.34912,4742.898943661972,673491.65,0,142,-67.34912,,0.0
0x39cef799f8b69da1995852eea189df24eb5cae3c,2025-04-04,34,34,266.39774,34,67.322498,19800.740588235294,673225.18,34,0,199.075242,1.0,inf
0x39cef799f8b69da1995852eea189df24eb5cae3c,2025-04-06,68,21,24553.541149999997,21,19.208714,2824.8166176470586,192087.53,21,47,24534.332435999997,1.0,0.44680851063829785
0x39cef799f8b69da1995852eea189df24eb5cae3c,2025-04-07,929,461,25941.716413,294,361.901282,3895.6048546824545,3619016.91,478,451,25579.815131,0.6377440347071583,1.0598669623059866
0x39cef799f8b69da1995852eea189df24eb5cae3c,2025-04-08,14,14,3366.444714,14,7.128185,10183.131428571429,142563.84,14,0,3359.316529,1.0,inf
0x39cef799f8b69da1995852eea189df24eb5cae3c,2025-04-09,617,526,-77308.420095,142,218.992405,4099.378930307941,2529316.8,505,112,-77527.41249999999,0.26996197718631176,4.508928571428571
0x39cef799f8b69da1995852eea189df24eb5cae3c,2025-04-10,306,206,-831.2396219999999,176,88.67408,5795.6883333333335,1773480.6300000001,121,185,-919.913702,0.8543689320388349,0.654054054054054
0x39cef799f8b69da1995852eea189df24eb5cae3c,2025-04-13,135,64,3271.3693780000003,64,135.12893,20019.11111111111,2702580.0,71,64,3136.2404480000005,1.0,1.109375
0x39cef799f8b69da1995852eea189df24eb5cae3c,2025-04-14,1,1,128.67829,1,42.232709,844654.19,844654.19,0,1,86.445581,1.0,0.0
0x3f9a0aadc7f04a7c9d75dc1b5a6ddd6e36486cf6,2024-10-03,5,3,100.375782,3,4.5243400000000005,2585.338,12926.69,2,3,95.851442,1.0,0.6666666666666666
0x3f9a0aadc7f04a7c9d75dc1b5a6ddd6e36486cf6,2024-11-03,2,0,0.0,0,1.90613,9530.66,19061.32,2,0,-1.90613,,inf
0x3f9a0aadc7f04a7c9d75dc1b5a6ddd6e36486cf6,2024-11-04,10,10,540.05911,10,6.860463,1960.1330000000003,19601.33,0,10,533.198647,1.0,0.0
0x3f9a0aadc7f04a7c9d75dc1b5a6ddd6e36486cf6,2024-11-07,16,11,503.46257599999996,11,3.086842,1929.28125,30868.5,5,11,500.37573399999997,1.0,0.45454545454545453
0x3f9a0aadc7f04a7c9d75dc1b5a6ddd6e36486cf6,2024-11-10,1,0,0.0,0,0.983688,9836.88,9836.88,1,0,-0.983688,,inf
0x3f9a0aadc7f04a7c9d75dc1b5a6ddd6e36486cf6,2024-11-11,4,4,393.07947,4,3.580485,2557.49,10229.96,0,4,389.498985,1.0,0.0
0x3f9a0aadc7f04a7c9d75dc1b5a6ddd6e36486cf6,2024-11-12,4,0,0.0,0,0.527654,1319.1399999999999,5276.5599999999995,4,0,-0.527654,,inf
0x3f9a0aadc7f04a7c9d75dc1b5a6ddd6e36486cf6,2024-11-13,8,7,135.09947,7,4.024645,1860.1075,14880.86,1,7,131.074825,1.0,0.14285714285714285
0x3f9a0aadc7f04a7c9d75dc1b5a6ddd6e36486cf6,2024-11-15,35,0,0.0,0,3.257612,930.75,32576.25,35,0,-3.257612,,inf
0x3f9a0aadc7f04a7c9d75dc1b5a6ddd6e36486cf6,2024-11-19,5,5,245.44495999999998,5,11.487605,6564.348,32821.74,0,5,233.95735499999998,1.0,0.0
0x3f9a0aadc7f04a7c9d75dc1b5a6ddd6e36486cf6,2024-11-22,22,7,1050.894,7,11.79219,2990.737727272727,65796.23,15,7,1039.1018100000001,1.0,2.142857142857143
0x3f9a0aadc7f04a7c9d75dc1b5a6ddd6e36486cf6,2024-11-23,7,7,788.45072,7,3.190604,3091.247142857143,21638.73,0,7,785.260116,1.0,0.0
0x3f9a0aadc7f04a7c9d75dc1b5a6ddd6e36486cf6,2024-11-26,36,0,0.0,0,3.644624,1012.4008333333334,36446.43,36,0,-3.644624,,inf
0x3f9a0aadc7f04a7c9d75dc1b5a6ddd6e36486cf6,2024-11-28,25,25,3855.7522,25,14.105744999999999,1612.0868,40302.17,0,25,3841.646455,1.0,0.0
0x3f9a0aadc7f04a7c9d75dc1b5a6ddd6e36486cf6,2024-11-29,10,0,0.0,0,38.02359206,13325.11,133251.1,10,0,-38.02359206,,inf
0x3f9a0aadc7f04a7c9d75dc1b5a6ddd6e36486cf6,2024-12-02,1,0,0.0,0,0.583659,46692.72,46692.72,1,0,-0.583659,,inf
0x3f9a0aadc7f04a7c9d75dc1b5a6ddd6e36486cf6,2024-12-26,32,10,29897.971695000004,10,3.9493730200000003,2297.953125,73534.5,22,10,29894.022321980003,1.0,2.2
0x3f9a0aadc7f04a7c9d75dc1b5a6ddd6e36486cf6,2024-12-28,10,0,0.0,0,0.23781576,6154.678,61546.78,10,0,-0.23781576,,inf
0x3f9a0aadc7f04a7c9d75dc1b5a6ddd6e36486cf6,2025-01-12,3,3,3699.757273,3,8.356281999999998,7958.366666666666,23875.1,0,3,3691.400991,1.0,0.0
0x3f9a0aadc7f04a7c9d75dc1b5a6ddd6e36486cf6,2025-01-13,1,0,0.0,0,0.0,0.22,0.22,0,1,0.0,,0.0
0x3f9a0aadc7f04a7c9d75dc1b5a6ddd6e36486cf6,2025-02-14,1,1,8019.163096,1,6.373468,63734.69,63734.69,0,1,8012.789628,1.0,0.0
0x3f9a0aadc7f04a7c9d75dc1b5a6ddd6e36486cf6,2025-04-04,1,0,0.0,0,7.678e-05,63727.4,63727.4,1,0,-7.678e-05,,inf
0x3f9a0aadc7f04a7c9d75dc1b5a6ddd6e36486cf6,2025-04-05,19,19,562.1943200000001,19,22.501253,3383.65,64289.35,0,19,539.693067,1.0,0.0
0x3f9a0aadc7f04a7c9d75dc1b5a6ddd6e36486cf6,2025-04-06,21,0,0.0,0,7.8515e-05,3060.3452380952376,64267.24999999999,20,1,-7.8515e-05,,20.0
0x3f9a0aadc7f04a7c9d75dc1b5a6ddd6e36486cf6,2025-04-09,19,19,110.553364,19,6.43773,3388.287368421053,64377.46000000001,0,19,104.115634,1.0,0.0
0x3f9a0aadc7f04a7c9d75dc1b5a6ddd6e36486cf6,2025-04-10,6,0,0.0,0,8.1782e-05,10728.526666666667,64371.16,5,1,-8.1782e-05,,5.0
0x3f9a0aadc7f04a7c9d75dc1b5a6ddd6e36486cf6,2025-04-12,27,27,3593.989207,27,16.838139,2517.1996296296297,67964.39,0,27,3577.151068,1.0,0.0
0x3f9a0aadc7f04a7c9d75dc1b5a6ddd6e36486cf6,2025-04-13,1,0,0.0,0,0.0,0.69,0.69,0,1,0.0,,0.0
0x420ab45e0bd8863569a5efbb9c05d91f40624641,2024-12-06,45,0,0.0,0,76.264613,10673.925777777777,480326.66,0,45,-76.264613,,0.0
0x420ab45e0bd8863569a5efbb9c05d91f40624641,2024-12-12,10,10,1762.46,10,17.102716,6750.81,67508.1,10,0,1745.357284,1.0,inf
0x420ab45e0bd8863569a5efbb9c05d91f40624641,2024-12-17,20,11,27.63736,11,14.159007,3976.0629999999996,79521.26,2,18,13.478353,1.0,0.1111111111111111
0x420ab45e0bd8863569a5efbb9c05d91f40624641,2024-12-18,44,0,0.0,0,13.568712,3081.5213636363637,135586.94,0,44,-13.568712,,0.0
0x420ab45e0bd8863569a5efbb9c05d91f40624641,2024-12-19,4,4,2229.5212300000003,4,6.702547,4987.015,19948.06,4,0,2222.8186830000004,1.0,inf
0x420ab45e0bd8863569a5efbb9c05d91f40624641,2024-12-23,2,2,12082.95,2,2.609998,13593.75,27187.5,2,0,12080.340002,1.0,inf
0x420ab45e0bd8863569a5efbb9c05d91f40624641,2024-12-24,7,0,0.0,0,2.897994,4312.501428571429,30187.510000000002,0,7,-2.897994,,0.0
0x420ab45e0bd8863569a5efbb9c05d91f40624641,2025-01-08,12,0,0.0,0,7.216085,2966.789166666667,35601.47,0,12,-7.216085,,0.0
0x420ab45e0bd8863569a5efbb9c05d91f40624641,2025-01-15,2,0,0.0,0,9.303358000000001,48455.0,96910.0,0,2,-9.303358000000001,,0.0
0x420ab45e0bd8863569a5efbb9c05d91f40624641,2025-01-16,30,0,0.0,0,5.304123000000001,1508.392,45251.76,0,30,-5.304123000000001,,0.0
0x420ab45e0bd8863569a5efbb9c05d91f40624641,2025-02-08,5,0,0.0,0,4.9549009999999996,10322.714,51613.57,0,5,-4.9549009999999996,,0.0
0x420ab45e0bd8863569a5efbb9c05d91f40624641,2025-02-14,12,0,0.0,0,5.39327,2078.9283333333333,24947.14,0,12,-5.39327,,0.0
0x420ab45e0bd8863569a5efbb9c05d91f40624641,2025-03-08,11,11,11894.061848,11,13.970236,5318.463636363636,58503.1,11,0,11880.091612,1.0,inf
0x420ab45e0bd8863569a5efbb9c05d91f40624641,2025-03-11,61,3,9461.082288,3,26.326207999999998,2446.7424590163937,149251.29,3,58,9434.75608,1.0,0.05172413793103448
0x420ab45e0bd8863569a5efbb9c05d91f40624641,2025-03-14,8,8,16017.255710000001,8,2.42254,1201.78,9614.24,8,0,16014.833170000002,1.0,inf
0x420ab45e0bd8863569a5efbb9c05d91f40624641,2025-03-15,25,25,74293.663505,25,13.707583999999999,3134.3723999999997,78359.31,25,0,74279.955921,1.0,inf
0x420ab45e0bd8863569a5efbb9c05d91f40624641,2025-03-18,5,5,63015.976505,5,11.038543,22996.97,114984.85,4,1,63004.937961999996,1.0,4.0
0x420ab45e0bd8863569a5efbb9c05d91f40624641,2025-03-19,58,0,0.0,0,16.256326979,5839.154827586207,338670.98,21,37,-16.256326979,,0.5675675675675675
0x420ab45e0bd8863569a5efbb9c05d91f40624641,2025-03-25,11,0,0.0,0,9.55458,9047.907272727272,99526.98,0,11,-9.55458,,0.0
0x420ab45e0bd8863569a5efbb9c05d91f40624641,2025-04-10,11,11,8720.984286,11,9.213747,4002.4445454545453,44026.89,11,0,8711.770539000001,1.0,inf
0x430f09841d65beb3f27765503d0f850b8bce7713,2024-04-20,20,0,0.0,0,117.08919,2436.6825,48733.65,20,0,-117.08919,,inf
0x430f09841d65beb3f27765503d0f850b8bce7713,2024-04-25,68,0,0.0,0,136.01682,753.8510294117647,51261.869999999995,68,0,-136.01682,,inf
0x430f09841d65beb3f27765503d0f850b8bce7713,2024-06-19,3,0,0.0,0,7.235789,7722.796666666666,23168.39,3,0,-7.235789,,inf
0x430f09841d65beb3f27765503d0f850b8bce7713,2024-06-20,8,8,57478.456026,8,0.0,21188.46875,169507.75,0,8,57478.456026,1.0,0.0
0x430f09841d65beb3f27765503d0f850b8bce7713,2024-07-23,229,229,88084.992348,229,24.554663,1072.2595633187773,245547.44,0,229,88060.437685,1.0,0.0
0x430f09841d65beb3f27765503d0f850b8bce7713,2024-07-24,2,0,0.0,0,0.0,0.335,0.67,0,2,0.0,,0.0
0x430f09841d65beb3f27765503d0f850b8bce7713,2024-07-25,1,0,0.0,0,0.0,0.94,0.94,0,1,0.0,,0.0
0x430f09841d65beb3f27765503d0f850b8bce7713,2024-08-09,1,0,0.0,0,0.0,0.12,0.12,0,1,0.0,,0.0
0x430f09841d65beb3f27765503d0f850b8bce7713,2024-08-10,1,0,0.0,0,0.0,0.68,0.68,0,1,0.0,,0.0
0x430f09841d65beb3f27765503d0f850b8bce7713,2024-08-12,1,0,0.0,0,0.0,0.61,0.61,0,1,0.0,,0.0
0x430f09841d65beb3f27765503d0f850b8bce7713,2024-08-13,1,0,0.0,0,0.0,0.67,0.67,0,1,0.0,,0.0
0x430f09841d65beb3f27765503d0f850b8bce7713,2024-08-14,1,0,0.0,0,0.0,0.53,0.53,0,1,0.0,,0.0
0x430f09841d65beb3f27765503d0f850b8bce7713,2024-08-30,1,0,0.0,0,0.0,0.62,0.62,0,1,0.0,,0.0
0x430f09841d65beb3f27765503d0f850b8bce7713,2024-08-31,1,0,0.0,0,0.0,0.96,0.96,0,1,0.0,,0.0
0x430f09841d65beb3f27765503d0f850b8bce7713,2024-09-11,1,0,0.0,0,0.0,0.54,0.54,0,1,0.0,,0.0
0x430f09841d65beb3f27765503d0f850b8bce7713,2024-09-14,1,0,0.0,0,0.0,0.65,0.65,0,1,0.0,,0.0
0x430f09841d65beb3f27765503d0f850b8bce7713,2024-09-21,23,23,36165.56933,23,57.976841,7202.092173913044,165648.12,0,23,36107.592488999995,1.0,0.0
0x430f09841d65beb3f27765503d0f850b8bce7713,2024-10-05,1,0,0.0,0,0.0,0.61,0.61,0,1,0.0,,0.0
0x430f09841d65beb3f27765503d0f850b8bce7713,2024-10-11,1,0,0.0,0,0.0,0.73,0.73,0,1,0.0,,0.0
0x430f09841d65beb3f27765503d0f850b8bce7713,2024-11-29,15,15,124284.948775,15,43.499863,8285.689333333334,124285.34,0,15,124241.44891199999,1.0,0.0
0x430f09841d65beb3f27765503d0f850b8bce7713,2025-02-07,93,24,5615.052102,24,47.838547,4485.160645161291,417119.94,69,24,5567.213554999999,1.0,2.875
0x430f09841d65beb3f27765503d0f850b8bce7713,2025-02-12,108,45,22795.8104,45,154.768112,4261.555092592593,460247.95,63,45,22641.042287999997,1.0,1.4
0x430f09841d65beb3f27765503d0f850b8bce7713,2025-02-21,255,255,82117.04336,255,38.391857,1500.5277647058824,382634.58,0,255,82078.651503,1.0,0.0
0x430f09841d65beb3f27765503d0f850b8bce7713,2025-04-09,79,0,0.0,0,44.005053,5570.2651898734175,440050.95,79,0,-44.005053,,inf
0x430f09841d65beb3f27765503d0f850b8bce7713,2025-04-16,78,0,0.0,0,9.604321,1231.3267948717948,96043.49,0,78,-9.604321,,0.0
0x430f09841d65beb3f27765503d0f850b8bce7713,2025-04-18,58,0,0.0,0,8.784419,1514.5613793103448,87844.56,0,58,-8.784419,,0.0
0x430f09841d65beb3f27765503d0f850b8bce7713,2025-04-26,132,0,0.0,0,11.06274,838.0906060606061,110627.96,0,132,-11.06274,,0.0
0x430f09841d65beb3f27765503d0f850b8bce7713,2025-04-29,54,0,0.0,0,46.178716,2655.1648148148147,143378.9,0,54,-46.178716,,0.0
0x47add9a56df66b524d5e2c1993a43cde53b6ed85,2024-11-30,8,1,8.570313,1,0.10899953,249.58375,1996.67,7,1,8.46131347,1.0,7.0
0x47add9a56df66b524d5e2c1993a43cde53b6ed85,2024-12-01,4,2,197.422418,2,0.26578693999999997,358.71500000000003,1434.8600000000001,2,2,197.15663106,1.0,1.0
0x47add9a56df66b524d5e2c1993a43cde53b6ed85,2024-12-03,42,1,30.727222,1,2.2336630299999998,330.0188095238095,13860.79,26,16,28.493558970000002,1.0,1.625
0x47add9a56df66b524d5e2c1993a43cde53b6ed85,2024-12-04,102,28,910.584797,14,21.44827514,795.8152941176471,81173.16,39,63,889.13652186,0.5,0.6190476190476191
0x47add9a56df66b524d5e2c1993a43cde53b6ed85,2024-12-05,290,118,3174.023699,106,48.58217003,587.6594137931035,170421.23,145,145,3125.44152897,0.8983050847457628,1.0
0x47add9a56df66b524d5e2c1993a43cde53b6ed85,2024-12-06,108,38,514.886454,32,22.34087872,1009.2267592592593,108996.49,61,47,492.54557528,0.8421052631578947,1.297872340425532
0x47add9a56df66b524d5e2c1993a43cde53b6ed85,2024-12-07,180,74,1040.616939,63,30.76567825,580.1653888888889,104429.77,83,97,1009.85126075,0.8513513513513513,0.8556701030927835
0x47add9a56df66b524d5e2c1993a43cde53b6ed85,2024-12-08,69,27,227.072158,25,8.07278965,423.3769565217391,29213.01,33,36,218.99936835,0.9259259259259259,0.9166666666666666
0x47add9a56df66b524d5e2c1993a43cde53b6ed85,2024-12-09,55,22,311.290605,19,5.26450568,399.53854545454544,21974.62,32,23,306.02609932,0.8636363636363636,1.391304347826087
0x47add9a56df66b524d5e2c1993a43cde53b6ed85,2024-12-10,182,76,1474.670598,67,22.51617703,512.06510989011,93195.85,109,73,1452.1544209699998,0.881578947368421,1.4931506849315068
0x47add9a56df66b524d5e2c1993a43cde53b6ed85,2024-12-11,325,110,1157.689489,109,26.5157439,307.6034769230769,99971.13,117,208,1131.1737451000001,0.990909090909091,0.5625
0x47add9a56df66b524d5e2c1993a43cde53b6ed85,2024-12-12,159,61,574.398074,46,22.0703145,458.38842767295597,72883.76,75,84,552.3277595,0.7540983606557377,0.8928571428571429
0x47add9a56df66b524d5e2c1993a43cde53b6ed85,2024-12-13,148,59,587.630504,52,25.65326308,573.9341216216217,84942.25,78,70,561.97724092,0.8813559322033898,1.1142857142857143
0x47add9a56df66b524d5e2c1993a43cde53b6ed85,2024-12-14,62,32,1178.021061,28,8.74278152,488.356935483871,30278.13,36,26,1169.2782794799998,0.875,1.3846153846153846
0x47add9a56df66b524d5e2c1993a43cde53b6ed85,2024-12-15,181,73,10303.889423,73,23.25335902,622.4760773480663,112668.17,94,87,10280.63606398,1.0,1.0804597701149425
0x47add9a56df66b524d5e2c1993a43cde53b6ed85,2024-12-16,92,32,333.398209,27,16.03156007,574.7419565217391,52876.26,36,56,317.36664893,0.84375,0.6428571428571429
0x47add9a56df66b524d5e2c1993a43cde53b6ed85,2024-12-17,396,141,21172.081622,116,199.94217869000002,327.79242424242426,129805.8,149,247,20972.139443310003,0.8226950354609929,0.6032388663967612
0x47add9a56df66b524d5e2c1993a43cde53b6ed85,2024-12-18,226,83,3311.822419,47,18.89955487,380.76508849557524,86052.91,117,109,3292.92286413,0.5662650602409639,1.073394495412844
0x47add9a56df66b524d5e2c1993a43cde53b6ed85,2024-12-19,135,64,3491.018544,63,13.976246,427.7865185185185,57751.18,74,61,3477.042298,0.984375,1.2131147540983607
0x47add9a56df66b524d5e2c1993a43cde53b6ed85,2024-12-20,128,56,6049.6938279999995,54,19.1604582,718.267421875,91938.23,70,58,6030.5333697999995,0.9642857142857143,1.206896551724138
0x47add9a56df66b524d5e2c1993a43cde53b6ed85,2024-12-21,229,95,7454.276452,86,26.48990497,475.0544978165939,108787.48,66,163,7427.78654703,0.9052631578947369,0.4049079754601227
0x47add9a56df66b524d5e2c1993a43cde53b6ed85,2024-12-22,102,45,1063.854341,30,11.49957516,441.9328431372549,45077.15,52,50,1052.35476584,0.6666666666666666,1.04
0x47add9a56df66b524d5e2c1993a43cde53b6ed85,2024-12-23,486,230,4704.4420789999995,193,49.01431857,478.66473251028805,232631.06,236,250,4655.42776043,0.8391304347826087,0.944
0x47add9a56df66b524d5e2c1993a43cde53b6ed85,2024-12-24,121,62,1506.989241,51,11.80372348,393.04826446280987,47558.84,56,65,1495.18551752,0.8225806451612904,0.8615384615384616
0x47add9a56df66b524d5e2c1993a43cde53b6ed85,2024-12-25,99,40,271.246809,30,12.22302302,434.2566666666667,42991.41,41,58,259.02378597999996,0.75,0.7068965517241379
0x47add9a56df66b524d5e2c1993a43cde53b6ed85,2024-12-26,160,62,9136.439892,56,23.77648759,875.6657499999999,140106.52,46,114,9112.663404410001,0.9032258064516129,0.40350877192982454
0x47add9a56df66b524d5e2c1993a43cde53b6ed85,2024-12-27,115,76,1473.2450880000001,70,8.41063022,439.5926086956522,50553.15,70,45,1464.83445778,0.9210526315789473,1.5555555555555556
0x47add9a56df66b524d5e2c1993a43cde53b6ed85,2024-12-28,43,10,74.156745,10,3.056162,286.27116279069764,12309.66,10,33,71.100583,1.0,0.30303030303030304
0x47add9a56df66b524d5e2c1993a43cde53b6ed85,2024-12-29,92,39,1609.679253,39,9.68390019,473.0703260869565,43522.47,48,44,1599.99535281,1.0,1.0909090909090908
0x47add9a56df66b524d5e2c1993a43cde53b6ed85,2024-12-30,59,31,240.749155,30,7.35761818,530.9594915254237,31326.61,36,23,233.39153682,0.967741935483871,1.565217391304348
0x47add9a56df66b524d5e2c1993a43cde53b6ed85,2024-12-31,99,14,97.688169,7,10.834892759999999,541.9542424242425,53653.47,34,65,86.85327624,0.5,0.5230769230769231
0x47add9a56df66b524d5e2c1993a43cde53b6ed85,2025-01-01,16,3,17.784696,3,2.4354733299999998,632.90125,10126.42,9,7,15.34922267,1.0,1.2857142857142858
0x47add9a56df66b524d5e2c1993a43cde53b6ed85,2025-01-02,90,45,677.276764,43,12.32442837,548.5241111111111,49367.17,30,60,664.95233563,0.9555555555555556,0.5
0x47add9a56df66b524d5e2c1993a43cde53b6ed85,2025-01-03,102,46,846.655814,24,8.26689217,321.5754901960784,32800.7,51,51,838.38892183,0.5217391304347826,1.0
0x47add9a56df66b524d5e2c1993a43cde53b6ed85,2025-01-04,57,17,73.451675,15,11.11830504,628.7080701754386,35836.36,20,37,62.33336996,0.8823529411764706,0.5405405405405406
0x47add9a56df66b524d5e2c1993a43cde53b6ed85,2025-01-05,38,5,8.594753,4,3.637846,439.9673684210526,16718.76,1,37,4.956907000000001,0.8,0.02702702702702703
0x47add9a56df66b524d5e2c1993a43cde53b6ed85,2025-01-06,84,29,559.643925,17,8.41166125,414.94607142857143,34855.47,27,57,551.23226375,0.5862068965517241,0.47368421052631576
0x47add9a56df66b524d5e2c1993a43cde53b6ed85,2025-01-07,40,34,289.257865,31,15.45636535,1311.98475,52479.39,30,10,273.80149965,0.9117647058823529,3.0
0x47add9a56df66b524d5e2c1993a43cde53b6ed85,2025-01-08,187,84,1377.989592,59,21.28229039,524.9171122994652,98159.5,125,62,1356.7073016099998,0.7023809523809523,2.0161290322580645
0x47add9a56df66b524d5e2c1993a43cde53b6ed85,2025-01-09,95,26,279.587921,18,8.90539163,498.5522105263158,47362.46,45,50,270.68252937,0.6923076923076923,0.9
0x47add9a56df66b524d5e2c1993a43cde53b6ed85,2025-01-10,97,43,-271.259943,26,12.70929915,586.3769072164948,56878.56,39,58,-283.96924215,0.6046511627906976,0.6724137931034483
0x47add9a56df66b524d5e2c1993a43cde53b6ed85,2025-01-11,39,20,71.39075800000003,7,4.54955043,484.43128205128204,18892.82,16,23,66.84120757000004,0.35,0.6956521739130435
0x47add9a56df66b524d5e2c1993a43cde53b6ed85,2025-01-12,44,8,103.67729899999999,6,3.293735,282.01,12408.44,10,34,100.38356399999999,0.75,0.29411764705882354
0x47add9a56df66b524d5e2c1993a43cde53b6ed85,2025-01-13,67,15,218.429393,8,6.27312638,540.2710447761193,36198.159999999996,28,39,212.15626662,0.5333333333333333,0.717948717948718
0x47add9a56df66b524d5e2c1993a43cde53b6ed85,2025-01-14,79,27,992.803005,25,10.242217,484.3945569620253,38267.17,31,48,982.560788,0.9259259259259259,0.6458333333333334
0x47add9a56df66b524d5e2c1993a43cde53b6ed85,2025-01-15,72,35,361.155853,27,12.192425,792.0838888888889,57030.04,17,55,348.96342799999996,0.7714285714285715,0.3090909090909091
0x47add9a56df66b524d5e2c1993a43cde53b6ed85,2025-01-16,88,30,319.22369499999996,23,10.940006,467.3454545454546,41126.4,21,67,308.283689,0.7666666666666667,0.31343283582089554
0x47add9a56df66b524d5e2c1993a43cde53b6ed85,2025-01-17,50,25,498.16985999999997,25,6.950725,558.7280000000001,27936.4,20,30,491.219135,1.0,0.6666666666666666
0x47add9a56df66b524d5e2c1993a43cde53b6ed85,2025-01-18,34,21,307.105046,17,5.770882,583.8729411764706,19851.68,18,16,301.334164,0.8095238095238095,1.125
0x47add9a56df66b524d5e2c1993a43cde53b6ed85,2025-01-19,27,10,541.742729,10,6.11348625,855.0277777777778,23085.75,15,12,535.62924275,1.0,1.25
0x47add9a56df66b524d5e2c1993a43cde53b6ed85,2025-01-20,66,44,2262.94445,37,19.95400583,1131.5053030303031,74679.35,47,19,2242.99044417,0.8409090909090909,2.473684210526316
0x47add9a56df66b524d5e2c1993a43cde53b6ed85,2025-01-21,13,6,287.821918,6,1.319882,645.536153846154,8391.970000000001,9,4,286.502036,1.0,2.25
0x47add9a56df66b524d5e2c1993a43cde53b6ed85,2025-01-22,98,37,2867.6138889999997,35,15.80750989,587.97,57621.06,24,74,2851.80637911,0.9459459459459459,0.32432432432432434
0x47add9a56df66b524d5e2c1993a43cde53b6ed85,2025-01-23,26,14,420.491149,12,3.0741254,501.15999999999997,13030.16,19,7,417.4170236,0.8571428571428571,2.7142857142857144
0x47add9a56df66b524d5e2c1993a43cde53b6ed85,2025-01-24,40,20,553.5255989999999,18,5.12333,583.839,23353.56,28,12,548.4022689999999,0.9,2.3333333333333335
0x47add9a56df66b524d5e2c1993a43cde53b6ed85,2025-01-25,36,21,416.148576,20,5.431335,607.7458333333333,21878.85,19,17,410.717241,0.9523809523809523,1.1176470588235294
0x47add9a56df66b524d5e2c1993a43cde53b6ed85,2025-01-26,18,16,535.938645,16,2.92850952,586.3983333333333,10555.17,4,14,533.0101354799999,1.0,0.2857142857142857
0x47add9a56df66b524d5e2c1993a43cde53b6ed85,2025-01-27,83,42,1295.825632,34,12.12066081,600.4903614457832,49840.7,67,16,1283.7049711900002,0.8095238095238095,4.1875
0x47add9a56df66b524d5e2c1993a43cde53b6ed85,2025-01-28,43,35,475.702642,27,5.93309995,577.776511627907,24844.39,8,35,469.76954205000004,0.7714285714285715,0.22857142857142856
0x47add9a56df66b524d5e2c1993a43cde53b6ed85,2025-01-29,14,3,41.935052,3,0.8821652,446.21642857142854,6247.03,13,1,41.052886799999996,1.0,13.0
0x47add9a56df66b524d5e2c1993a43cde53b6ed85,2025-01-30,44,20,783.829317,19,5.71837649,634.8495454545455,27933.38,4,40,778.11094051,0.95,0.1
0x47add9a56df66b524d5e2c1993a43cde53b6ed85,2025-01-31,57,23,488.582241,23,6.77194479,426.12614035087717,24289.19,11,46,481.81029621,1.0,0.2391304347826087
0x47add9a56df66b524d5e2c1993a43cde53b6ed85,2025-02-01,33,25,526.448209,23,4.45882435,490.5812121212121,16189.18,23,10,521.98938465,0.92,2.3
0x47add9a56df66b524d5e2c1993a43cde53b6ed85,2025-02-02,108,38,-782.6517170000001,27,9.80744787,475.55675925925925,51360.13,83,25,-792.4591648700001,0.7105263157894737,3.32
0x47add9a56df66b524d5e2c1993a43cde53b6ed85,2025-02-03,182,84,2440.916534,73,31.19285849,633.5157142857142,115299.86,108,74,2409.72367551,0.8690476190476191,1.4594594594594594
0x47add9a56df66b524d5e2c1993a43cde53b6ed85,2025-02-04,34,18,874.3810560000001,16,3.60856375,389.9655882352941,13258.83,14,20,870.77249225,0.8888888888888888,0.7
0x47add9a56df66b524d5e2c1993a43cde53b6ed85,2025-02-05,3,1,32.72269,1,0.435353,431.90000000000003,1295.7,2,1,32.287337,1.0,2.0
0x47add9a56df66b524d5e2c1993a43cde53b6ed85,2025-02-06,63,16,922.6724320000001,15,6.66840897,414.6168253968254,26120.86,39,24,916.0040230300001,0.9375,1.625
0x47add9a56df66b524d5e2c1993a43cde53b6ed85,2025-02-07,17,15,126.11297599999999,14,1.310367,288.2288235294118,4899.89,9,8,124.80260899999999,0.9333333333333333,1.125
0x47add9a56df66b524d5e2c1993a43cde53b6ed85,2025-02-08,22,5,78.902492,5,2.55113821,532.6045454545455,11717.3,19,3,76.35135378999999,1.0,6.333333333333333
0x47add9a56df66b524d5e2c1993a43cde53b6ed85,2025-02-09,29,25,378.027954,22,2.657353,352.76931034482755,10230.31,9,20,375.370601,0.88,0.45
0x47add9a56df66b524d5e2c1993a43cde53b6ed85,2025-02-10,6,2,4.42722,2,0.8109869999999999,521.32,3127.92,0,6,3.6162330000000003,1.0,0.0
0x47add9a56df66b524d5e2c1993a43cde53b6ed85,2025-02-11,17,7,314.918282,7,2.30745508,456.26176470588234,7756.45,5,12,312.61082691999997,1.0,0.4166666666666667
0x47add9a56df66b524d5e2c1993a43cde53b6ed85,2025-02-12,5,5,117.09923500000001,4,1.11158,661.658,3308.29,3,2,115.987655,0.8,1.5
0x47add9a56df66b524d5e2c1993a43cde53b6ed85,2025-02-13,47,27,534.854304,27,4.51872351,383.71595744680855,18034.65,11,36,530.33558049,1.0,0.3055555555555556
0x47add9a56df66b524d5e2c1993a43cde53b6ed85,2025-02-14,47,35,-10.630689999999959,32,3.663806,315.5821276595745,14832.36,12,35,-14.29449599999996,0.9142857142857143,0.34285714285714286
0x47add9a56df66b524d5e2c1993a43cde53b6ed85,2025-02-15,21,5,231.07204,5,1.2971864499999999,367.2038095238095,7711.28,11,10,229.77485355,1.0,1.1
0x47add9a56df66b524d5e2c1993a43cde53b6ed85,2025-02-16,41,27,278.922501,17,4.83805,396.6439024390244,16262.4,31,10,274.084451,0.6296296296296297,3.1
0x47add9a56df66b524d5e2c1993a43cde53b6ed85,2025-02-17,13,7,19.482565,5,0.77200926,392.2353846153846,5099.0599999999995,9,4,18.71055574,0.7142857142857143,2.25
0x47add9a56df66b524d5e2c1993a43cde53b6ed85,2025-02-18,54,20,336.64107,20,4.86822791,415.7527777777778,22450.65,38,16,331.77284209000004,1.0,2.375
0x47add9a56df66b524d5e2c1993a43cde53b6ed85,2025-02-19,22,8,89.261197,6,1.10465516,303.90090909090907,6685.82,19,3,88.15654183999999,0.75,6.333333333333333
0x47add9a56df66b524d5e2c1993a43cde53b6ed85,2025-02-20,13,11,168.023469,11,1.654399,378.7576923076923,4923.85,7,6,166.36907,1.0,1.1666666666666667
0x47add9a56df66b524d5e2c1993a43cde53b6ed85,2025-02-21,15,12,165.776644,11,1.340015,301.59066666666666,4523.86,6,9,164.436629,0.9166666666666666,0.6666666666666666
0x47add9a56df66b524d5e2c1993a43cde53b6ed85,2025-02-22,18,5,31.523152,2,1.777801,343.53666666666663,6183.66,6,12,29.745351,0.4,0.5
0x47add9a56df66b524d5e2c1993a43cde53b6ed85,2025-02-23,7,7,122.057796,5,0.690269,369.9928571428572,2589.9500000000003,6,1,121.367527,0.7142857142857143,6.0
0x47add9a56df66b524d5e2c1993a43cde53b6ed85,2025-02-24,29,12,437.185458,11,3.11996306,543.7444827586207,15768.59,25,4,434.06549494,0.9166666666666666,6.25
0x47add9a56df66b524d5e2c1993a43cde53b6ed85,2025-02-25,190,84,3455.584856,70,22.8050811,512.5179473684211,97378.41,139,51,3432.7797749,0.8333333333333334,2.7254901960784315
0x47add9a56df66b524d5e2c1993a43cde53b6ed85,2025-02-26,28,15,-200.798196,3,4.536323,603.3185714285713,16892.92,4,24,-205.334519,0.2,0.16666666666666666
0x47add9a56df66b524d5e2c1993a43cde53b6ed85,2025-02-27,18,5,-195.841458,1,1.576707,330.11833333333334,5942.13,7,11,-197.418165,0.2,0.6363636363636364
0x47add9a56df66b524d5e2c1993a43cde53b6ed85,2025-02-28,71,30,933.170538,26,9.075402,514.1759154929578,36506.49,47,24,924.0951359999999,0.8666666666666667,1.9583333333333333
0x47add9a56df66b524d5e2c1993a43cde53b6ed85,2025-03-01,27,18,109.593094,12,4.519368,617.1918518518519,16664.18,5,22,105.073726,0.6666666666666666,0.22727272727272727
0x47add9a56df66b524d5e2c1993a43cde53b6ed85,2025-03-02,21,8,349.12092600000005,8,4.79176368,1106.6938095238095,23240.57,3,18,344.3291623200001,1.0,0.16666666666666666
0x47add9a56df66b524d5e2c1993a43cde53b6ed85,2025-03-03,33,16,376.017126,12,5.595643,591.2160606060606,19510.13,7,26,370.421483,0.75,0.2692307692307692
0x47add9a56df66b524d5e2c1993a43cde53b6ed85,2025-03-04,32,7,444.266681,7,3.82318985,502.8234375,16090.35,31,1,440.44349115,1.0,31.0
0x47add9a56df66b524d5e2c1993a43cde53b6ed85,2025-03-05,21,6,423.18325600000003,6,1.48670832,550.0914285714285,11551.92,13,8,421.69654768000004,1.0,1.625
0x47add9a56df66b524d5e2c1993a43cde53b6ed85,2025-03-06,12,8,102.92652,6,2.50836533,742.9966666666666,8915.96,4,8,100.41815466999999,0.75,0.5
0x47add9a56df66b524d5e2c1993a43cde53b6ed85,2025-03-07,62,17,781.670551,16,5.64248208,463.668064516129,28747.42,43,19,776.02806892,0.9411764705882353,2.263157894736842
0x47add9a56df66b524d5e2c1993a43cde53b6ed85,2025-03-08,31,7,119.3611,7,2.828469,449.9274193548387,13947.75,26,5,116.532631,1.0,5.2
0x47add9a56df66b524d5e2c1993a43cde53b6ed85,2025-03-09,8,0,0.0,0,0.8009230599999999,827.6537500000001,6621.2300000000005,8,0,-0.8009230599999999,,inf
0x47add9a56df66b524d5e2c1993a43cde53b6ed85,2025-03-10,16,0,0.0,0,3.46105317,734.3568750000001,11749.710000000001,16,0,-3.46105317,,inf
0x47add9a56df66b524d5e2c1993a43cde53b6ed85,2025-03-11,32,6,266.837111,4,3.39704929,504.60375,16147.32,22,10,263.44006171,0.6666666666666666,2.2
0x47add9a56df66b524d5e2c1993a43cde53b6ed85,2025-03-12,7,3,78.714444,3,1.737054,738.5457142857142,5169.82,0,7,76.97739,1.0,0.0
0x47add9a56df66b524d5e2c1993a43cde53b6ed85,2025-03-13,9,3,-1.2672399999999993,2,0.37254174,364.46555555555557,3280.19,8,1,-1.6397817399999992,0.6666666666666666,8.0
0x47add9a56df66b524d5e2c1993a43cde53b6ed85,2025-03-15,36,31,202.313183,30,9.170037,837.4561111111111,30148.420000000002,3,33,193.143146,0.967741935483871,0.09090909090909091
0x47add9a56df66b524d5e2c1993a43cde53b6ed85,2025-03-16,7,5,-6.342484000000001,2,1.220354,569.8328571428572,3988.83,6,1,-7.562838000000001,0.4,6.0
0x47add9a56df66b524d5e2c1993a43cde53b6ed85,2025-03-17,3,1,-31.277088,0,0.5310239999999999,705.3433333333334,2116.03,0,3,-31.808111999999998,0.0,0.0
0x47add9a56df66b524d5e2c1993a43cde53b6ed85,2025-03-19,12,7,-2.8135689999999993,2,1.5372599999999998,485.3908333333334,5824.6900000000005,1,11,-4.350828999999999,0.2857142857142857,0.09090909090909091
0x47add9a56df66b524d5e2c1993a43cde53b6ed85,2025-03-20,20,17,-147.78931200000002,14,4.329674,769.2385,15384.77,9,11,-152.11898600000004,0.8235294117647058,0.8181818181818182
0x47add9a56df66b524d5e2c1993a43cde53b6ed85,2025-03-21,6,2,39.1247,2,0.81683,494.46000000000004,2966.76,2,4,38.307869999999994,1.0,0.5
0x47add9a56df66b524d5e2c1993a43cde53b6ed85,2025-03-22,11,11,-1184.046158,0,0.899586,340.78363636363633,3748.62,0,11,-1184.945744,0.0,0.0
0x47add9a56df66b524d5e2c1993a43cde53b6ed85,2025-03-23,2,0,0.0,0,0.251646,374.475,748.95,0,2,-0.251646,,0.0
0x47add9a56df66b524d5e2c1993a43cde53b6ed85,2025-03-24,25,14,-216.431703,10,2.960264,545.196,13629.9,8,17,-219.391967,0.7142857142857143,0.47058823529411764
0x47add9a56df66b524d5e2c1993a43cde53b6ed85,2025-03-25,3,3,87.95347999999998,1,0.200845,377.80999999999995,1133.4299999999998,1,2,87.75263499999998,0.3333333333333333,0.5
0x47add9a56df66b524d5e2c1993a43cde53b6ed85,2025-03-26,3,1,69.285,1,0.08228819999999999,749.9666666666667,2249.9,3,0,69.2027118,1.0,inf
0x47add9a56df66b524d5e2c1993a43cde53b6ed85,2025-03-30,3,0,0.0,0,0.01968259,250.07333333333335,750.22,3,0,-0.01968259,,inf
0x47add9a56df66b524d5e2c1993a43cde53b6ed85,2025-03-31,16,5,798.187528,5,2.41508,471.555,7544.88,15,1,795.772448,1.0,15.0
0x47add9a56df66b524d5e2c1993a43cde53b6ed85,2025-04-01,19,18,-680.287463,6,1.579629,247.43947368421055,4701.35,6,13,-681.867092,0.3333333333333333,0.46153846153846156
0x47add9a56df66b524d5e2c1993a43cde53b6ed85,2025-04-02,4,3,93.006465,3,0.36569,405.9275,1623.71,3,1,92.640775,1.0,3.0
0x47add9a56df66b524d5e2c1993a43cde53b6ed85,2025-04-03,14,2,7.052034,2,1.78190857,635.2357142857143,8893.3,12,2,5.27012543,1.0,6.0
0x47add9a56df66b524d5e2c1993a43cde53b6ed85,2025-04-04,2,0,0.0,0,0.43421763,874.78,1749.56,2,0,-0.43421763,,inf
0x47add9a56df66b524d5e2c1993a43cde53b6ed85,2025-04-05,25,11,-132.88134,10,4.088152,586.6572,14666.43,4,21,-136.969492,0.9090909090909091,0.19047619047619047
0x47add9a56df66b524d5e2c1993a43cde53b6ed85,2025-04-06,15,7,-1400.5515480000001,4,2.31362,661.3813333333333,9920.72,6,9,-1402.865168,0.5714285714285714,0.6666666666666666
0x47add9a56df66b524d5e2c1993a43cde53b6ed85,2025-04-07,48,27,-5651.552238,7,8.287402,569.6545833333333,27343.420000000002,21,27,-5659.83964,0.25925925925925924,0.7777777777777778
0x47add9a56df66b524d5e2c1993a43cde53b6ed85,2025-04-08,42,31,-6745.027414,11,5.6987836099999996,700.9559523809525,29440.15,15,27,-6750.72619761,0.3548387096774194,0.5555555555555556
0x47add9a56df66b524d5e2c1993a43cde53b6ed85,2025-04-09,56,46,-3911.273892,26,9.128053,638.1583928571429,35736.87,27,29,-3920.401945,0.5652173913043478,0.9310344827586207
0x47add9a56df66b524d5e2c1993a43cde53b6ed85,2025-04-10,21,9,258.032458,8,2.2793912,520.317619047619,10926.67,18,3,255.75306680000003,0.8888888888888888,6.0
0x47add9a56df66b524d5e2c1993a43cde53b6ed85,2025-04-11,28,19,608.246567,17,2.3168819100999998,378.8592857142857,10608.06,14,14,605.9296850899,0.8947368421052632,1.0
0x47add9a56df66b524d5e2c1993a43cde53b6ed85,2025-04-12,41,27,3105.920269,24,6.1437547,550.1919512195121,22557.87,26,15,3099.7765143,0.8888888888888888,1.7333333333333334
0x47add9a56df66b524d5e2c1993a43cde53b6ed85,2025-04-13,26,10,490.32631200000003,10,2.246355916,601.84,15647.84,18,8,488.079956084,1.0,2.25
0x47add9a56df66b524d5e2c1993a43cde53b6ed85,2025-04-14,7,5,263.769257,5,0.47633217,377.75428571428574,2644.28,6,1,263.29292483,1.0,6.0
0x47add9a56df66b524d5e2c1993a43cde53b6ed85,2025-04-16,11,3,17.022667,3,1.81605923,768.989090909091,8458.880000000001,10,1,15.206607769999998,1.0,10.0
0x47add9a56df66b524d5e2c1993a43cde53b6ed85,2025-04-17,29,15,169.67583499999998,15,2.73851699,456.538275862069,13239.61,7,22,166.93731800999998,1.0,0.3181818181818182
0x47add9a56df66b524d5e2c1993a43cde53b6ed85,2025-04-19,2,2,64.128219,2,0.25204899999999997,375.075,750.15,0,2,63.87617,1.0,0.0
0x47add9a56df66b524d5e2c1993a43cde53b6ed85,2025-04-20,21,12,12.652267000000005,11,1.6668287458,580.8100000000001,12197.01,15,6,10.985438254200005,0.9166666666666666,2.5
0x47add9a56df66b524d5e2c1993a43cde53b6ed85,2025-04-21,12,8,-2.1503300000000003,5,0.51616288,249.97833333333332,2999.74,9,3,-2.6664928800000003,0.625,3.0
0x47add9a56df66b524d5e2c1993a43cde53b6ed85,2025-04-22,14,4,-282.266207,1,0.957551,343.8335714285714,4813.67,2,12,-283.22375800000003,0.25,0.16666666666666666
0x47add9a56df66b524d5e2c1993a43cde53b6ed85,2025-04-23,45,17,511.720343,16,3.78354597,336.54622222222224,15144.58,11,34,507.93679703000004,0.9411764705882353,0.3235294117647059
0x47add9a56df66b524d5e2c1993a43cde53b6ed85,2025-04-24,24,8,350.896638,6,1.7637399599999999,396.0429166666667,9505.03,11,13,349.13289804,0.75,0.8461538461538461
0x47add9a56df66b524d5e2c1993a43cde53b6ed85,2025-04-25,7,0,0.0,0,0.17323044999999998,392.83714285714285,2749.86,3,4,-0.17323044999999998,,0.75
0x47add9a56df66b524d5e2c1993a43cde53b6ed85,2025-04-26,18,4,147.607393,4,1.17737927,288.9161111111111,5200.49,6,12,146.43001373,1.0,0.5
0x47add9a56df66b524d5e2c1993a43cde53b6ed85,2025-04-27,13,12,361.183441,9,1.3554278899999999,370.71153846153845,4819.25,5,8,359.82801311000003,0.75,0.625
0x47add9a56df66b524d5e2c1993a43cde53b6ed85,2025-04-28,9,8,146.420556,8,0.551158,360.80111111111114,3247.21,5,4,145.86939800000002,1.0,1.25
0x47add9a56df66b524d5e2c1993a43cde53b6ed85,2025-04-29,7,1,30.495403,1,0.359619,356.9714285714286,2498.8,1,6,30.135784,1.0,0.16666666666666666
0x47add9a56df66b524d5e2c1993a43cde53b6ed85,2025-05-01,7,1,37.385304,1,0.703274,299.0128571428572,2093.09,0,7,36.68203,1.0,0.0
0x4acb90e786d897ecffb614dc822eb231b4ffb9f4,2024-12-14,1,0,0.0,0,4.898,24979.8,24979.8,1,0,-4.898,,inf
0x4acb90e786d897ecffb614dc822eb231b4ffb9f4,2024-12-19,89,36,7440.638159,36,102.865112,5090.390786516854,453044.78,53,36,7337.773047,1.0,1.4722222222222223
0x4acb90e786d897ecffb614dc822eb231b4ffb9f4,2024-12-20,238,108,53635.529649,99,621.675856,9628.82474789916,2291660.29,129,109,53013.853792999995,0.9166666666666666,1.18348623853211
0x4acb90e786d897ecffb614dc822eb231b4ffb9f4,2024-12-27,18,9,357.346725,9,45.300667000000004,7190.583333333333,129430.5,9,9,312.046058,1.0,1.0
0x4acb90e786d897ecffb614dc822eb231b4ffb9f4,2024-12-30,38,25,2227.18659,25,56.166067999999996,6536.572105263158,248389.74,13,25,2171.020522,1.0,0.52
0x4acb90e786d897ecffb614dc822eb231b4ffb9f4,2025-01-08,139,0,0.0,0,245.199569,5040.074460431654,700570.35,139,0,-245.199569,,inf
0x4acb90e786d897ecffb614dc822eb231b4ffb9f4,2025-01-09,96,56,35352.95374,56,205.33857300000003,7755.243541666667,744503.38,40,56,35147.615166999996,1.0,0.7142857142857143
0x4acb90e786d897ecffb614dc822eb231b4ffb9f4,2025-01-10,27,27,2812.7685,27,39.650688,4195.841481481481,113287.72,0,27,2773.117812,1.0,0.0
0x4acb90e786d897ecffb614dc822eb231b4ffb9f4,2025-01-12,390,390,927.412681,390,32.376978,830.1821794871795,323771.05,0,390,895.035703,1.0,0.0
0x4acb90e786d897ecffb614dc822eb231b4ffb9f4,2025-01-13,23,0,0.0,0,15.743859,6845.160434782609,157438.69,23,0,-15.743859,,inf
0x4acb90e786d897ecffb614dc822eb231b4ffb9f4,2025-01-16,4,4,13963.52,4,17.14022,42850.549999999996,171402.19999999998,0,4,13946.379780000001,1.0,0.0
0x4acb90e786d897ecffb614dc822eb231b4ffb9f4,2025-01-19,30,20,1519.769822,20,41.12595,3916.7593333333334,117502.78,10,20,1478.6438719999999,1.0,0.5
0x4acb90e786d897ecffb614dc822eb231b4ffb9f4,2025-01-20,43,36,-2427.873799,0,39.079508000000004,2596.646976744186,111655.81999999999,7,36,-2466.9533069999998,0.0,0.19444444444444445
0x4acb90e786d897ecffb614dc822eb231b4ffb9f4,2025-02-20,13,0,0.0,0,0.28503619,1538.4553846153844,19999.92,13,0,-0.28503619,,inf
0x4acb90e786d897ecffb614dc822eb231b4ffb9f4,2025-02-24,41,7,856.4737299999999,7,84.333708,5876.914634146341,240953.5,34,7,772.1400219999999,1.0,4.857142857142857
0x4acb90e786d897ecffb614dc822eb231b4ffb9f4,2025-02-25,215,114,11271.895074,114,211.517568,5634.781581395349,1211478.04,101,114,11060.377506,1.0,0.8859649122807017
0x4acb90e786d897ecffb614dc822eb231b4ffb9f4,2025-02-26,50,50,22137.551238,50,147.74759799999998,8442.721599999999,422136.07999999996,0,50,21989.80364,1.0,0.0
0x4acb90e786d897ecffb614dc822eb231b4ffb9f4,2025-02-27,12,4,503.31943,4,35.188087,8378.118333333334,100537.42,8,4,468.131343,1.0,2.0
0x4acb90e786d897ecffb614dc822eb231b4ffb9f4,2025-02-28,89,72,22299.186495,72,387.823865,14857.899887640451,1322353.09,17,72,21911.362630000003,1.0,0.2361111111111111
0x4acb90e786d897ecffb614dc822eb231b4ffb9f4,2025-03-03,19,0,0.0,0,69.977691,10522.962631578948,199936.29,19,0,-69.977691,,inf
0x4acb90e786d897ecffb614dc822eb231b4ffb9f4,2025-03-04,155,0,0.0,0,126.050573,5549.306774193548,860142.5499999999,155,0,-126.050573,,inf
0x4acb90e786d897ecffb614dc822eb231b4ffb9f4,2025-03-06,15,5,5109.859504,5,50.848044,9685.342,145280.13,10,5,5059.01146,1.0,2.0
0x4acb90e786d897ecffb614dc822eb231b4ffb9f4,2025-03-07,57,0,0.0,0,35.027224,1755.7517543859651,100077.85,57,0,-35.027224,,inf
0x4acb90e786d897ecffb614dc822eb231b4ffb9f4,2025-03-10,114,1,0.08712,1,173.070731,5590.744561403509,637344.88,113,1,-172.983611,1.0,113.0
0x4acb90e786d897ecffb614dc822eb231b4ffb9f4,2025-03-11,84,0,0.0,0,44.565215,3216.501666666667,270186.14,84,0,-44.565215,,inf
0x4acb90e786d897ecffb614dc822eb231b4ffb9f4,2025-03-13,15,0,0.0,0,6.5244860000000005,4349.66,65244.9,15,0,-6.5244860000000005,,inf
0x4acb90e786d897ecffb614dc822eb231b4ffb9f4,2025-03-20,195,151,4839.59228,151,113.748428,3233.520923076923,630536.58,44,151,4725.843852,1.0,0.2913907284768212
0x4acb90e786d897ecffb614dc822eb231b4ffb9f4,2025-03-21,17,0,0.0,0,2.499981,1470.5794117647058,24999.85,17,0,-2.499981,,inf
0x4acb90e786d897ecffb614dc822eb231b4ffb9f4,2025-03-22,53,53,4350.379248,53,16.261935,1308.6299999999999,69357.39,0,53,4334.117313,1.0,0.0
0x4acb90e786d897ecffb614dc822eb231b4ffb9f4,2025-03-23,76,26,2897.148962,26,81.04532900000001,3986.6614473684212,302986.27,50,26,2816.103633,1.0,1.9230769230769231
0x4acb90e786d897ecffb614dc822eb231b4ffb9f4,2025-03-24,185,185,48946.705539,185,175.744309,6360.884432432433,1176763.62,0,185,48770.96123,1.0,0.0
0x4acb90e786d897ecffb614dc822eb231b4ffb9f4,2025-03-25,50,50,30531.101000000002,50,223.952992,12797.315200000001,639865.76,0,50,30307.148008000004,1.0,0.0
0x4acb90e786d897ecffb614dc822eb231b4ffb9f4,2025-03-26,140,85,9261.449882,85,121.230248,4924.3603571428575,689410.4500000001,55,85,9140.219634000001,1.0,0.6470588235294118
0x4acb90e786d897ecffb614dc822eb231b4ffb9f4,2025-03-29,23,3,314.6728,3,122.619356,15232.22,350341.06,20,3,192.053444,1.0,6.666666666666667
0x4acb90e786d897ecffb614dc822eb231b4ffb9f4,2025-03-30,21,21,5362.529222,21,38.937127000000004,12161.259047619047,255386.44,0,21,5323.592095,1.0,0.0
0x4acb90e786d897ecffb614dc822eb231b4ffb9f4,2025-03-31,47,26,4750.8109939999995,26,105.667381,9463.05744680851,444763.7,21,26,4645.143612999999,1.0,0.8076923076923077
0x4acb90e786d897ecffb614dc822eb231b4ffb9f4,2025-04-02,16,10,444.205198,10,184.853869,37473.885625,599582.17,10,6,259.35132899999996,1.0,1.6666666666666667
0x4acb90e786d897ecffb614dc822eb231b4ffb9f4,2025-04-03,60,0,0.0,0,74.999717,16666.611,999996.66,60,0,-74.999717,,inf
0x4acb90e786d897ecffb614dc822eb231b4ffb9f4,2025-04-04,51,0,0.0,0,126.439802,8264.040980392158,421466.09,51,0,-126.439802,,inf
0x4acb90e786d897ecffb614dc822eb231b4ffb9f4,2025-04-05,102,102,31134.240601999998,102,127.578406,5175.765784313725,527928.11,0,102,31006.662195999997,1.0,0.0
0x4acb90e786d897ecffb614dc822eb231b4ffb9f4,2025-04-06,103,0,0.0,0,107.712409,5508.490970873787,567374.5700000001,103,0,-107.712409,,inf
0x4acb90e786d897ecffb614dc822eb231b4ffb9f4,2025-04-07,189,40,13642.628143,40,164.470105,7781.819788359788,1470763.94,149,40,13478.158038,1.0,3.725
0x4acb90e786d897ecffb614dc822eb231b4ffb9f4,2025-04-08,3,1,221.0,1,47.047498,52275.0,156825.0,1,2,173.952502,1.0,0.5
0x4acb90e786d897ecffb614dc822eb231b4ffb9f4,2025-04-09,290,143,107892.62706,137,834.927894,17935.84644827586,5201395.47,147,143,107057.699166,0.958041958041958,1.027972027972028
0x4acb90e786d897ecffb614dc822eb231b4ffb9f4,2025-04-10,222,80,84856.33534,80,1584.415224,26118.342432432433,5798272.0200000005,142,80,83271.92011600001,1.0,1.775
0x4acb90e786d897ecffb614dc822eb231b4ffb9f4,2025-04-11,74,74,122461.112004,74,90.243471,24390.13621621622,1804870.08,0,74,122370.868533,1.0,0.0
0x4acb90e786d897ecffb614dc822eb231b4ffb9f4,2025-04-12,68,0,0.0,0,175.727839,16878.26676470588,1147722.14,0,68,-175.727839,,0.0
0x4acb90e786d897ecffb614dc822eb231b4ffb9f4,2025-04-14,76,56,21531.8321,56,210.146766,26925.528815789472,2046340.19,53,23,21321.685333999998,1.0,2.3043478260869565
0x4acb90e786d897ecffb614dc822eb231b4ffb9f4,2025-04-15,51,0,0.0,0,8.552978,3354.117450980392,171059.99,0,51,-8.552978,,0.0
0x4acb90e786d897ecffb614dc822eb231b4ffb9f4,2025-04-16,1,1,3088.0,1,8.3222,166444.0,166444.0,1,0,3079.6778,1.0,inf
0x4acb90e786d897ecffb614dc822eb231b4ffb9f4,2025-04-17,6,6,-110.0,0,50.892595,28273.666666666668,169642.0,6,0,-160.892595,0.0,inf
0x4acb90e786d897ecffb614dc822eb231b4ffb9f4,2025-04-21,23,22,-681.29819,0,122.852796,30543.59565217391,702502.7,1,22,-804.150986,0.0,0.045454545454545456
0x4acb90e786d897ecffb614dc822eb231b4ffb9f4,2025-04-22,6,1,132.0,1,27.387897000000002,15215.498333333335,91292.99,1,5,104.61210299999999,1.0,0.2
0x4acb90e786d897ecffb614dc822eb231b4ffb9f4,2025-04-23,121,66,2875.230157,30,122.91815,6709.732727272728,811877.66,66,55,2752.312007,0.45454545454545453,1.2
0x4acb90e786d897ecffb614dc822eb231b4ffb9f4,2025-04-24,23,22,459.24741,22,7.062931,4407.6721739130435,101376.46,22,1,452.184479,1.0,22.0
0x4acb90e786d897ecffb614dc822eb231b4ffb9f4,2025-04-25,3,0,0.0,0,9.471399,63142.666666666664,189428.0,0,3,-9.471399,,0.0
0x4acb90e786d897ecffb614dc822eb231b4ffb9f4,2025-04-26,41,41,47.876234000000004,41,14.13899,6897.073170731707,282780.0,41,0,33.737244000000004,1.0,inf
0x4acb90e786d897ecffb614dc822eb231b4ffb9f4,2025-04-30,5,4,510.0,4,84.601498,75258.0,376290.0,4,1,425.398502,1.0,4.0
0x4f93fead39b70a1824f981a54d4e55b278e9f760,2024-03-13,7,0,0.0,0,2.100278,857.2571428571428,6000.799999999999,7,0,-2.100278,,inf
0x4f93fead39b70a1824f981a54d4e55b278e9f760,2024-03-14,1,1,65.480454,1,2.123198,6066.28,6066.28,0,1,63.35725599999999,1.0,0.0
0x4f93fead39b70a1824f981a54d4e55b278e9f760,2024-03-15,8,1,338.42832,1,9.218929,3292.47625,26339.81,7,1,329.209391,1.0,7.0
0x4f93fead39b70a1824f981a54d4e55b278e9f760,2024-03-16,6,1,228.57984,1,9.528281,4537.276666666667,27223.66,5,1,219.051559,1.0,5.0
0x4f93fead39b70a1824f981a54d4e55b278e9f760,2024-03-17,14,4,429.683075,4,30.472167,6218.810714285714,87063.35,10,4,399.21090799999996,1.0,2.5
0x4f93fead39b70a1824f981a54d4e55b278e9f760,2024-03-18,12,0,0.0,0,11.900658,2833.491666666667,34001.9,12,0,-11.900658,,inf
0x4f93fead39b70a1824f981a54d4e55b278e9f760,2024-03-19,4,0,0.0,0,3.173628,2266.8775,9067.51,4,0,-3.173628,,inf
0x4f93fead39b70a1824f981a54d4e55b278e9f760,2024-03-21,1,0,0.0,0,3.410463,9744.18,9744.18,1,0,-3.410463,,inf
0x4f93fead39b70a1824f981a54d4e55b278e9f760,2024-03-25,7,6,1302.916428,6,19.990712,8159.4742857142855,57116.32,0,7,1282.925716,1.0,0.0
0x4f93fead39b70a1824f981a54d4e55b278e9f760,2024-03-26,7,1,20.599193,1,8.395214,3426.62,23986.34,6,1,12.203979,1.0,6.0
0x4f93fead39b70a1824f981a54d4e55b278e9f760,2024-03-27,27,12,189.192,12,30.473126,3224.6703703703706,87066.1,12,15,158.718874,1.0,0.8
0x4f93fead39b70a1824f981a54d4e55b278e9f760,2024-03-28,3,0,0.0,0,7.00486,6671.296666666666,20013.89,3,0,-7.00486,,inf
0x4f93fead39b70a1824f981a54d4e55b278e9f760,2024-03-29,15,6,883.097404,6,30.420029999999997,5794.291333333333,86914.37,9,6,852.677374,1.0,1.5
0x4f93fead39b70a1824f981a54d4e55b278e9f760,2024-03-31,13,10,912.786145,10,13.969522000000001,3070.2276923076925,39912.96,0,13,898.816623,1.0,0.0
0x4f93fead39b70a1824f981a54d4e55b278e9f760,2024-04-01,29,2,0.840939,2,47.246296,4654.808275862069,134989.44,25,4,-46.405357,1.0,6.25
0x4f93fead39b70a1824f981a54d4e55b278e9f760,2024-04-02,37,12,883.760812,12,78.632589,6072.016756756757,224664.62,6,31,805.1282229999999,1.0,0.1935483870967742
0x4f93fead39b70a1824f981a54d4e55b278e9f760,2024-04-04,32,0,0.0,0,33.595684999999996,2999.6165625,95987.73,0,32,-33.595684999999996,,0.0
0x4f93fead39b70a1824f981a54d4e55b278e9f760,2024-04-05,10,7,4444.4983010000005,7,60.38604000000001,17253.157,172531.56999999998,10,0,4384.112261,1.0,inf
0x4f93fead39b70a1824f981a54d4e55b278e9f760,2024-04-06,16,4,236.33513399999998,4,23.878277,4263.979375,68223.67,0,16,212.45685699999999,1.0,0.0
0x4f93fead39b70a1824f981a54d4e55b278e9f760,2024-04-07,23,0,0.0,0,17.495845,2173.397391304348,49988.14,0,23,-17.495845,,0.0
0x4f93fead39b70a1824f981a54d4e55b278e9f760,2024-04-08,28,0,0.0,0,57.10822,5827.370357142857,163166.37,0,28,-57.10822,,0.0
0x4f93fead39b70a1824f981a54d4e55b278e9f760,2024-04-09,3,0,0.0,0,19.972341,19021.280000000002,57063.840000000004,0,3,-19.972341,,0.0
0x4f93fead39b70a1824f981a54d4e55b278e9f760,2024-04-10,41,36,5207.443414,36,123.107562,8578.926097560974,351735.97,40,1,5084.335852,1.0,40.0
0x4f93fead39b70a1824f981a54d4e55b278e9f760,2024-04-11,16,2,389.743164,2,26.740329,4775.06,76400.96,14,2,363.002835,1.0,7.0
0x4f93fead39b70a1824f981a54d4e55b278e9f760,2024-04-12,21,0,0.0,0,52.468165,7138.52761904762,149909.08000000002,21,0,-52.468165,,inf
0x4f93fead39b70a1824f981a54d4e55b278e9f760,2024-04-13,18,0,0.0,0,54.666038,8677.150000000001,156188.7,18,0,-54.666038,,inf
0x4f93fead39b70a1824f981a54d4e55b278e9f760,2024-04-14,64,41,-36565.98544,3,206.068057,9199.4678125,588765.94,23,41,-36772.05349699999,0.07317073170731707,0.5609756097560976
0x4f93fead39b70a1824f981a54d4e55b278e9f760,2024-04-15,3,0,0.0,0,17.504880999999997,16671.31666666667,50013.950000000004,3,0,-17.504880999999997,,inf
0x4f93fead39b70a1824f981a54d4e55b278e9f760,2024-04-19,35,27,1946.4454620000001,27,118.04025999999999,9635.940571428573,337257.92000000004,5,30,1828.4052020000001,1.0,0.16666666666666666
0x4f93fead39b70a1824f981a54d4e55b278e9f760,2024-04-20,2,0,0.0,0,4.199857,5999.795,11999.59,0,2,-4.199857,,0.0
0x4f93fead39b70a1824f981a54d4e55b278e9f760,2024-04-22,9,0,0.0,0,16.797764,5332.623333333333,47993.61,0,9,-16.797764,,0.0
0x4f93fead39b70a1824f981a54d4e55b278e9f760,2024-04-23,54,31,759.2148159999999,31,67.430431,3567.7494444444446,192658.47,35,19,691.7843849999999,1.0,1.8421052631578947
0x4f93fead39b70a1824f981a54d4e55b278e9f760,2024-04-24,20,7,279.185907,6,49.446315999999996,7063.762,141275.24,13,7,229.739591,0.8571428571428571,1.8571428571428572
0x4f93fead39b70a1824f981a54d4e55b278e9f760,2024-04-25,6,0,0.0,0,24.142691999999997,11496.523333333333,68979.14,6,0,-24.142691999999997,,inf
0x4f93fead39b70a1824f981a54d4e55b278e9f760,2024-04-27,27,19,4281.488139,19,53.99255,5713.498888888889,154264.47,0,27,4227.495589,1.0,0.0
0x4f93fead39b70a1824f981a54d4e55b278e9f760,2024-04-28,8,0,0.0,0,9.449794,3374.92625,26999.41,0,8,-9.449794,,0.0
0x4f93fead39b70a1824f981a54d4e55b278e9f760,2024-04-29,31,17,526.9338359999999,17,36.566300999999996,3370.167419354839,104475.19,24,7,490.3675349999999,1.0,3.4285714285714284
0x4f93fead39b70a1824f981a54d4e55b278e9f760,2024-04-30,24,0,0.0,0,43.75655,5209.114583333333,125018.75,24,0,-43.75655,,inf
0x4f93fead39b70a1824f981a54d4e55b278e9f760,2024-05-01,14,0,0.0,0,30.458908,6216.103571428571,87025.45,14,0,-30.458908,,inf
0x4f93fead39b70a1824f981a54d4e55b278e9f760,2024-05-03,23,16,5319.861625,16,97.080639,12059.708260869564,277373.29,0,23,5222.780986,1.0,0.0
0x4f93fead39b70a1824f981a54d4e55b278e9f760,2024-05-04,6,0,0.0,0,18.899767,8999.890000000001,53999.340000000004,0,6,-18.899767,,0.0
0x4f93fead39b70a1824f981a54d4e55b278e9f760,2024-05-05,4,0,0.0,0,8.395113,5996.512500000001,23986.050000000003,0,4,-8.395113,,0.0
0x4f93fead39b70a1824f981a54d4e55b278e9f760,2024-05-06,9,4,968.59038,4,72.105746,22890.714444444442,206016.43,8,1,896.484634,1.0,8.0
0x4f93fead39b70a1824f981a54d4e55b278e9f760,2024-05-07,10,7,656.21704,7,34.615441,9890.126,98901.26000000001,4,6,621.601599,1.0,0.6666666666666666
0x4f93fead39b70a1824f981a54d4e55b278e9f760,2024-05-08,10,0,0.0,0,23.04196,6583.419,65834.19,10,0,-23.04196,,inf
0x4f93fead39b70a1824f981a54d4e55b278e9f760,2024-05-09,25,11,1147.595856,11,75.946694,8679.6232,216990.58,9,16,1071.649162,1.0,0.5625
0x4f93fead39b70a1824f981a54d4e55b278e9f760,2024-05-10,22,6,2101.741695,6,54.90869,7131.0,156882.0,16,6,2046.8330050000002,1.0,2.6666666666666665
0x4f93fead39b70a1824f981a54d4e55b278e9f760,2024-05-11,9,9,251.604742,9,22.137125,7027.661111111111,63248.95,0,9,229.467617,1.0,0.0
0x4f93fead39b70a1824f981a54d4e55b278e9f760,2024-05-12,10,0,0.0,0,15.751622000000001,4500.464,45004.64,10,0,-15.751622000000001,,inf
0x4f93fead39b70a1824f981a54d4e55b278e9f760,2024-05-13,25,10,2136.853859,10,65.850416,7525.7636,188144.09,5,20,2071.0034429999996,1.0,0.25
0x4f93fead39b70a1824f981a54d4e55b278e9f760,2024-05-14,23,4,1150.5233050000002,4,51.048685,6341.452173913043,145853.4,23,0,1099.4746200000002,1.0,inf
0x4f93fead39b70a1824f981a54d4e55b278e9f760,2024-05-15,36,17,948.970582,17,82.222887,6525.626944444444,234922.57,11,25,866.747695,1.0,0.44
0x4f93fead39b70a1824f981a54d4e55b278e9f760,2024-05-16,24,5,214.5898,5,55.573295,6615.870416666668,158780.89,14,10,159.016505,1.0,1.4
0x4f93fead39b70a1824f981a54d4e55b278e9f760,2024-05-18,25,16,3522.3946610000003,16,44.206092,5052.1256,126303.14,7,18,3478.1885690000004,1.0,0.3888888888888889
0x4f93fead39b70a1824f981a54d4e55b278e9f760,2024-05-19,8,0,0.0,0,10.499327000000001,3749.76125,29998.09,8,0,-10.499327000000001,,inf
0x4f93fead39b70a1824f981a54d4e55b278e9f760,2024-05-20,7,0,0.0,0,11.55119,4714.771428571429,33003.4,7,0,-11.55119,,inf
0x4f93fead39b70a1824f981a54d4e55b278e9f760,2024-05-21,53,7,6017.309216,7,168.74476099999998,9096.75358490566,482127.94,11,42,5848.564455,1.0,0.2619047619047619
0x4f93fead39b70a1824f981a54d4e55b278e9f760,2024-05-22,6,0,0.0,0,15.748349000000001,7499.215,44995.29,0,6,-15.748349000000001,,0.0
0x4f93fead39b70a1824f981a54d4e55b278e9f760,2024-06-07,52,30,7329.223137999999,30,275.090432,15114.859615384614,785972.7,39,13,7054.132705999999,1.0,3.0
0x4f93fead39b70a1824f981a54d4e55b278e9f760,2024-06-08,7,0,0.0,0,15.750927,6428.95,45002.65,7,0,-15.750927,,inf
0x4f93fead39b70a1824f981a54d4e55b278e9f760,2024-06-09,5,0,0.0,0,7.349985,4199.992,20999.96,5,0,-7.349985,,inf
0x4f93fead39b70a1824f981a54d4e55b278e9f760,2024-06-10,4,0,0.0,0,8.400105,6000.075,24000.3,4,0,-8.400105,,inf
0x4f93fead39b70a1824f981a54d4e55b278e9f760,2024-06-11,21,0,0.0,0,96.60119399999999,13143.021904761907,276003.46,21,0,-96.60119399999999,,inf
0x4f93fead39b70a1824f981a54d4e55b278e9f760,2024-06-14,16,0,0.0,0,34.296119,6124.31,97988.96,16,0,-34.296119,,inf
0x4f93fead39b70a1824f981a54d4e55b278e9f760,2024-06-15,38,29,2084.433906,29,207.234159,15581.516578947369,592097.63,9,29,1877.1997470000001,1.0,0.3103448275862069
0x4f93fead39b70a1824f981a54d4e55b278e9f760,2024-06-17,14,5,1268.7590360000002,4,88.37205,18035.112857142856,252491.58,8,6,1180.3869860000002,0.8,1.3333333333333333
0x4f93fead39b70a1824f981a54d4e55b278e9f760,2024-06-18,7,0,0.0,0,22.049377,8999.745714285715,62998.22,7,0,-22.049377,,inf
0x4f93fead39b70a1824f981a54d4e55b278e9f760,2024-06-19,17,17,2053.973644,17,66.52153,11180.089411764706,190061.52,0,17,1987.4521140000002,1.0,0.0
0x4f93fead39b70a1824f981a54d4e55b278e9f760,2024-06-20,4,0,0.0,0,10.499073,7499.34,29997.36,0,4,-10.499073,,0.0
0x4f93fead39b70a1824f981a54d4e55b278e9f760,2024-06-21,11,3,773.5582039999999,3,25.975694999999998,6746.9345454545455,74216.28,11,0,747.582509,1.0,inf
0x4f93fead39b70a1824f981a54d4e55b278e9f760,2024-06-22,3,0,0.0,0,6.300072,6000.07,18000.21,3,0,-6.300072,,inf
0x4f93fead39b70a1824f981a54d4e55b278e9f760,2024-06-24,21,0,0.0,0,88.202567,12000.350952380952,252007.37,21,0,-88.202567,,inf
0x4f93fead39b70a1824f981a54d4e55b278e9f760,2024-06-26,31,21,4197.732182,21,127.46818,11748.220645161291,364194.84,0,31,4070.264002,1.0,0.0
0x4f93fead39b70a1824f981a54d4e55b278e9f760,2024-06-27,12,0,0.0,0,41.996528,9999.173333333334,119990.08,0,12,-41.996528,,0.0
0x4f93fead39b70a1824f981a54d4e55b278e9f760,2024-06-29,17,13,1842.738325,13,78.235829,13148.880588235294,223530.97,16,1,1764.502496,1.0,16.0
0x4f93fead39b70a1824f981a54d4e55b278e9f760,2024-06-30,3,0,0.0,0,10.499745,9999.756666666666,29999.27,3,0,-10.499745,,inf
0x4f93fead39b70a1824f981a54d4e55b278e9f760,2024-07-01,13,9,1202.488212,9,34.02019,7476.965384615385,97200.55,2,11,1168.468022,1.0,0.18181818181818182
0x4f93fead39b70a1824f981a54d4e55b278e9f760,2024-07-03,10,4,1118.387284,4,36.358022,10388.008,103880.08,10,0,1082.029262,1.0,inf
0x4f93fead39b70a1824f981a54d4e55b278e9f760,2024-07-04,14,0,0.0,0,89.257767,18215.87285714286,255022.22,14,0,-89.257767,,inf
0x4f93fead39b70a1824f981a54d4e55b278e9f760,2024-07-05,20,0,0.0,0,94.604547,13514.937,270298.74,20,0,-94.604547,,inf
0x4f93fead39b70a1824f981a54d4e55b278e9f760,2024-07-10,43,33,11595.627026,33,235.170963,15625.97930232558,671917.11,10,33,11360.456063,1.0,0.30303030303030304
0x4f93fead39b70a1824f981a54d4e55b278e9f760,2024-07-11,19,9,1876.812082,9,59.460443,8941.422105263156,169887.02,10,9,1817.351639,1.0,1.1111111111111112
0x4f93fead39b70a1824f981a54d4e55b278e9f760,2024-07-12,10,0,0.0,0,26.602324,7600.664999999999,76006.65,10,0,-26.602324,,inf
0x4f93fead39b70a1824f981a54d4e55b278e9f760,2024-07-13,13,13,2678.839374,13,48.541495,10668.462307692309,138690.01,0,13,2630.297879,1.0,0.0
0x4f93fead39b70a1824f981a54d4e55b278e9f760,2024-07-14,7,0,0.0,0,29.400389,12000.16142857143,84001.13,0,7,-29.400389,,0.0
0x4f93fead39b70a1824f981a54d4e55b278e9f760,2024-07-15,21,0,0.0,0,58.797837,7999.7071428571435,167993.85,0,21,-58.797837,,0.0
0x4f93fead39b70a1824f981a54d4e55b278e9f760,2024-07-16,22,0,0.0,0,50.400180999999996,6545.480454545454,144000.57,0,22,-50.400180999999996,,0.0
0x4f93fead39b70a1824f981a54d4e55b278e9f760,2024-07-17,9,0,0.0,0,57.727006,18326.035555555558,164934.32,0,9,-57.727006,,0.0
0x4f93fead39b70a1824f981a54d4e55b278e9f760,2024-07-18,53,41,2569.979964,41,224.82460700000001,12119.926603773585,642356.11,53,0,2345.155357,1.0,inf
0x4f93fead39b70a1824f981a54d4e55b278e9f760,2024-07-19,16,11,2120.091364,11,51.142944,9132.66875,146122.7,0,16,2068.9484199999997,1.0,0.0
0x4f93fead39b70a1824f981a54d4e55b278e9f760,2024-07-20,9,4,129.66130099999998,4,34.957881,11097.74111111111,99879.67,9,0,94.70341999999998,1.0,inf
0x4f93fead39b70a1824f981a54d4e55b278e9f760,2024-07-21,3,0,0.0,0,15.398312,14665.06,43995.18,3,0,-15.398312,,inf
0x4f93fead39b70a1824f981a54d4e55b278e9f760,2024-07-22,21,13,2273.29301,13,78.8579,10728.97,225308.37,10,11,2194.43511,1.0,0.9090909090909091
0x4f93fead39b70a1824f981a54d4e55b278e9f760,2024-07-23,2,0,0.0,0,8.398064,11997.235,23994.47,2,0,-8.398064,,inf
0x4f93fead39b70a1824f981a54d4e55b278e9f760,2024-07-24,21,0,0.0,0,9.803735000000001,1333.8833333333332,28011.55,3,18,-9.803735000000001,,0.16666666666666666
0x4f93fead39b70a1824f981a54d4e55b278e9f760,2024-07-25,65,0,0.0,0,181.783127,7990.4683076923075,519380.44,65,0,-181.783127,,inf
0x4f93fead39b70a1824f981a54d4e55b278e9f760,2024-07-26,10,0,0.0,0,52.503374,15000.965,150009.65,10,0,-52.503374,,inf
0x4f93fead39b70a1824f981a54d4e55b278e9f760,2024-07-27,52,42,6400.623656,42,315.264931,17322.249807692308,900756.99,9,43,6085.358725,1.0,0.20930232558139536
0x4f93fead39b70a1824f981a54d4e55b278e9f760,2024-07-28,3,0,0.0,0,11.199886000000001,10666.563333333334,31999.690000000002,3,0,-11.199886000000001,,inf
0x4f93fead39b70a1824f981a54d4e55b278e9f760,2024-07-30,6,0,0.0,0,12.602264,6001.078333333334,36006.47,6,0,-12.602264,,inf
0x4f93fead39b70a1824f981a54d4e55b278e9f760,2024-07-31,3,0,0.0,0,14.001799000000002,13335.046666666667,40005.14,3,0,-14.001799000000002,,inf
0x4f93fead39b70a1824f981a54d4e55b278e9f760,2024-08-01,13,0,0.0,0,50.398244999999996,11076.539230769231,143995.01,13,0,-50.398244999999996,,inf
0x4f93fead39b70a1824f981a54d4e55b278e9f760,2024-08-02,36,0,0.0,0,103.58846199999999,8221.31,295967.16,35,1,-103.58846199999999,,35.0
0x4f93fead39b70a1824f981a54d4e55b278e9f760,2024-08-03,13,0,0.0,0,39.367641,8652.23,112478.98999999999,13,0,-39.367641,,inf
0x4f93fead39b70a1824f981a54d4e55b278e9f760,2024-08-04,72,60,-108604.496278,0,315.542853,12521.542916666665,901551.09,12,60,-108920.03913100001,0.0,0.2
0x4f93fead39b70a1824f981a54d4e55b278e9f760,2024-08-05,17,2,-4779.219012,0,74.808346,12572.832941176472,213738.16,15,2,-4854.027357999999,0.0,7.5
0x4f93fead39b70a1824f981a54d4e55b278e9f760,2024-08-09,12,9,11147.900554,9,46.213288,11003.166666666666,132038.0,3,9,11101.687265999999,1.0,0.3333333333333333
0x4f93fead39b70a1824f981a54d4e55b278e9f760,2024-08-11,8,4,847.7766200000001,4,14.293947,5104.981250000001,40839.850000000006,0,8,833.4826730000001,1.0,0.0
0x4f93fead39b70a1824f981a54d4e55b278e9f760,2024-08-12,16,6,858.6705000000001,6,15.449134,2758.775,44140.4,16,0,843.2213660000001,1.0,inf
0x4f93fead39b70a1824f981a54d4e55b278e9f760,2024-08-13,5,0,0.0,0,4.375033999999999,2500.02,12500.1,4,1,-4.375033999999999,,4.0
0x4f93fead39b70a1824f981a54d4e55b278e9f760,2024-08-14,9,5,2168.9015130000003,5,22.633216,7185.148888888889,64666.34,4,5,2146.268297,1.0,0.8
0x4f93fead39b70a1824f981a54d4e55b278e9f760,2024-08-16,2,0,0.0,0,4.3750469999999995,6250.0650000000005,12500.130000000001,2,0,-4.3750469999999995,,inf
0x4f93fead39b70a1824f981a54d4e55b278e9f760,2024-08-18,14,12,307.201888,12,21.981557000000002,4486.033571428571,62804.47,0,14,285.220331,1.0,0.0
0x4f93fead39b70a1824f981a54d4e55b278e9f760,2024-08-20,8,1,192.602844,1,14.846248,5302.23375,42417.87,5,3,177.756596,1.0,1.6666666666666667
0x4f93fead39b70a1824f981a54d4e55b278e9f760,2024-08-23,10,3,1005.30527,3,22.228341999999998,6350.956,63509.56,0,10,983.076928,1.0,0.0
0x4f93fead39b70a1824f981a54d4e55b278e9f760,2024-08-24,2,0,0.0,0,5.250025,7500.035,15000.07,0,2,-5.250025,,0.0
0x4f93fead39b70a1824f981a54d4e55b278e9f760,2024-08-25,4,0,0.0,0,5.248717,3749.0825,14996.33,0,4,-5.248717,,0.0
0x4f93fead39b70a1824f981a54d4e55b278e9f760,2024-08-26,5,2,231.236918,2,32.292232,18452.704,92263.52,5,0,198.944686,1.0,inf
0x4f93fead39b70a1824f981a54d4e55b278e9f760,2024-08-27,7,0,0.0,0,22.751812,9286.455714285714,65005.19,7,0,-22.751812,,inf
0x4f93fead39b70a1824f981a54d4e55b278e9f760,2024-08-28,7,0,0.0,0,16.623098,6784.937142857142,47494.56,7,0,-16.623098,,inf
0x4f93fead39b70a1824f981a54d4e55b278e9f760,2024-08-30,3,0,0.0,0,9.622392,9164.183333333334,27492.550000000003,3,0,-9.622392,,inf
0x4f93fead39b70a1824f981a54d4e55b278e9f760,2024-09-02,2,0,0.0,0,10.500148,15000.21,30000.42,2,0,-10.500148,,inf
0x4f93fead39b70a1824f981a54d4e55b278e9f760,2024-09-04,1,0,0.0,0,12.251742,35004.98,35004.98,1,0,-12.251742,,inf
0x4f93fead39b70a1824f981a54d4e55b278e9f760,2024-09-06,4,0,0.0,0,12.246734,8747.6675,34990.67,4,0,-12.246734,,inf
0x4f93fead39b70a1824f981a54d4e55b278e9f760,2024-09-20,12,9,9585.03428,8,106.600063,25380.9675,304571.61,3,9,9478.434217,0.8888888888888888,0.3333333333333333
0x4f93fead39b70a1824f981a54d4e55b278e9f760,2024-09-22,3,0,0.0,0,6.999907,6666.579999999999,19999.739999999998,3,0,-6.999907,,inf
0x4f93fead39b70a1824f981a54d4e55b278e9f760,2024-09-23,2,1,334.760796,1,14.117002000000001,20167.145,40334.29,1,1,320.643794,1.0,1.0
0x4f93fead39b70a1824f981a54d4e55b278e9f760,2024-09-25,6,0,0.0,0,17.500387999999997,8333.518333333333,50001.11,6,0,-17.500387999999997,,inf
0x4f93fead39b70a1824f981a54d4e55b278e9f760,2024-09-26,3,2,439.812513,2,28.154144,26813.47333333333,80440.42,0,3,411.65836900000005,1.0,0.0
0x4f93fead39b70a1824f981a54d4e55b278e9f760,2024-09-27,10,0,0.0,0,34.997307,9999.232,99992.31999999999,0,10,-34.997307,,0.0
0x4f93fead39b70a1824f981a54d4e55b278e9f760,2024-09-30,10,5,2710.626288,5,62.048308,17728.09,177280.9,10,0,2648.57798,1.0,inf
0x4f93fead39b70a1824f981a54d4e55b278e9f760,2024-10-01,4,0,0.0,0,48.98401,34988.58,139954.32,4,0,-48.98401,,inf
0x4f93fead39b70a1824f981a54d4e55b278e9f760,2024-10-02,4,0,0.0,0,34.984016999999994,24988.585,99954.34,4,0,-34.984016999999994,,inf
0x4f93fead39b70a1824f981a54d4e55b278e9f760,2024-10-03,4,0,0.0,0,42.003151,30002.25,120009.0,4,0,-42.003151,,inf
0x4f93fead39b70a1824f981a54d4e55b278e9f760,2024-10-05,36,24,5767.161892,24,211.961771,16822.36472222222,605605.13,9,27,5555.200121,1.0,0.3333333333333333
0x4f93fead39b70a1824f981a54d4e55b278e9f760,2024-10-06,22,5,130.487079,5,105.045693,13642.298181818182,300130.56,6,16,25.441385999999994,1.0,0.375
0x4f93fead39b70a1824f981a54d4e55b278e9f760,2024-10-07,21,0,0.0,0,76.994616,10475.459523809524,219984.65,0,21,-76.994616,,0.0
0x4f93fead39b70a1824f981a54d4e55b278e9f760,2024-10-08,35,33,5396.546638,33,152.10422,12416.672857142858,434583.55,34,1,5244.442418,1.0,34.0
0x4f93fead39b70a1824f981a54d4e55b278e9f760,2024-10-09,14,3,396.06272,3,77.139967,15742.852142857142,220399.93,11,3,318.922753,1.0,3.6666666666666665
0x4f93fead39b70a1824f981a54d4e55b278e9f760,2024-10-10,16,0,0.0,0,105.00851,18751.521249999998,300024.33999999997,16,0,-105.00851,,inf
0x4f93fead39b70a1824f981a54d4e55b278e9f760,2024-10-11,25,18,8885.327477,18,171.116194,19556.1384,488903.45999999996,0,25,8714.211283,1.0,0.0
0x4f93fead39b70a1824f981a54d4e55b278e9f760,2024-10-12,10,7,541.55471,7,55.899685,15971.34,159713.4,7,3,485.655025,1.0,2.3333333333333335
0x4f93fead39b70a1824f981a54d4e55b278e9f760,2024-10-13,10,0,0.0,0,21.000841,6000.242,60002.42,10,0,-21.000841,,inf
0x4f93fead39b70a1824f981a54d4e55b278e9f760,2024-10-14,5,5,1913.61958,5,21.670604,12383.204000000002,61916.020000000004,0,5,1891.9489760000001,1.0,0.0
0x4f93fead39b70a1824f981a54d4e55b278e9f760,2024-10-15,7,4,1170.2260760000001,4,28.410673,11596.194285714286,81173.36,3,4,1141.815403,1.0,0.75
0x4f93fead39b70a1824f981a54d4e55b278e9f760,2024-10-16,11,3,219.480876,3,28.080204000000002,7293.560909090909,80229.17,8,3,191.400672,1.0,2.6666666666666665
0x4f93fead39b70a1824f981a54d4e55b278e9f760,2024-10-17,8,2,36.11496,1,49.011206,17504.00375,140032.03,6,2,-12.896245999999998,0.5,3.0
0x4f93fead39b70a1824f981a54d4e55b278e9f760,2024-10-18,6,5,333.219141,5,42.115998,20055.238333333335,120331.43000000001,1,5,291.103143,1.0,0.2
0x4f93fead39b70a1824f981a54d4e55b278e9f760,2024-10-19,4,0,0.0,0,34.998901000000004,24999.215,99996.86,4,0,-34.998901000000004,,inf
0x4f93fead39b70a1824f981a54d4e55b278e9f760,2024-10-20,6,5,229.060526,5,42.078993,20037.618333333336,120225.71,1,5,186.981533,1.0,0.2
0x4f93fead39b70a1824f981a54d4e55b278e9f760,2024-10-21,11,0,0.0,0,52.508459,13638.561818181817,150024.18,11,0,-52.508459,,inf
0x4f93fead39b70a1824f981a54d4e55b278e9f760,2024-10-22,3,0,0.0,0,21.000124,20000.12,60000.36,3,0,-21.000124,,inf
0x4f93fead39b70a1824f981a54d4e55b278e9f760,2024-10-23,18,3,-46.489941,0,73.502111,11667.003888888888,210006.07,15,3,-119.992052,0.0,5.0
0x4f93fead39b70a1824f981a54d4e55b278e9f760,2024-10-25,25,16,4543.862071,16,141.605503,16183.4872,404587.18,9,16,4402.256568,1.0,0.5625
0x4f93fead39b70a1824f981a54d4e55b278e9f760,2024-10-27,4,3,666.6623079999999,3,31.73254,22666.1025,90664.41,0,4,634.929768,1.0,0.0
0x4f93fead39b70a1824f981a54d4e55b278e9f760,2024-10-28,9,0,0.0,0,41.998005,13332.702222222222,119994.32,0,9,-41.998005,,0.0
0x4f93fead39b70a1824f981a54d4e55b278e9f760,2024-10-29,37,0,0.0,0,210.901209,16285.80864864865,602574.92,0,37,-210.901209,,0.0
0x4f93fead39b70a1824f981a54d4e55b278e9f760,2024-10-31,28,23,765.475192,23,298.77469,30487.215,853642.02,25,3,466.700502,1.0,8.333333333333334
0x4f93fead39b70a1824f981a54d4e55b278e9f760,2024-11-01,9,2,1040.5747959999999,2,80.860881,25670.122222222224,231031.1,7,2,959.7139149999998,1.0,3.5
0x4f93fead39b70a1824f981a54d4e55b278e9f760,2024-11-02,2,0,0.0,0,13.999997,20000.0,40000.0,2,0,-13.999997,,inf
0x4f93fead39b70a1824f981a54d4e55b278e9f760,2024-11-03,4,0,0.0,0,38.498022,27498.585,109994.34,4,0,-38.498022,,inf
0x4f93fead39b70a1824f981a54d4e55b278e9f760,2024-11-04,26,13,2259.351364,13,151.273717,16623.486153846156,432210.64,13,13,2108.077647,1.0,1.0
0x4f93fead39b70a1824f981a54d4e55b278e9f760,2024-11-05,10,5,678.4759280000001,5,70.219524,20062.723,200627.23,5,5,608.2564040000001,1.0,1.0
0x4f93fead39b70a1824f981a54d4e55b278e9f760,2024-11-06,12,7,2821.24842,7,42.66723,10158.865,121906.38,5,7,2778.58119,1.0,0.7142857142857143
0x4f93fead39b70a1824f981a54d4e55b278e9f760,2024-11-07,2,1,628.96246,1,21.220097000000003,30314.425,60628.85,1,1,607.742363,1.0,1.0
0x4f93fead39b70a1824f981a54d4e55b278e9f760,2024-11-08,24,6,646.3734049999999,6,84.224557,10026.734583333333,240641.63,18,6,562.1488479999999,1.0,3.0
0x4f93fead39b70a1824f981a54d4e55b278e9f760,2024-11-09,9,0,0.0,0,52.500144,16666.712222222224,150000.41,9,0,-52.500144,,inf
0x4f93fead39b70a1824f981a54d4e55b278e9f760,2024-11-10,8,6,548.36595,6,63.191428,22568.36875,180546.95,2,6,485.174522,1.0,0.3333333333333333
0x4f93fead39b70a1824f981a54d4e55b278e9f760,2024-11-11,20,9,1479.677222,9,115.997742,16571.107,331422.14,11,9,1363.67948,1.0,1.2222222222222223
0x4f93fead39b70a1824f981a54d4e55b278e9f760,2024-11-12,74,12,2053.119744,12,371.776165,14354.293783783784,1062217.74,62,12,1681.343579,1.0,5.166666666666667
0x4f93fead39b70a1824f981a54d4e55b278e9f760,2024-11-13,25,16,7680.907897,16,170.734136,19512.4728,487811.82,9,16,7510.173761,1.0,0.5625
0x4f93fead39b70a1824f981a54d4e55b278e9f760,2024-11-14,41,14,2348.106228,14,296.797484,21522.69975609756,882430.6900000001,27,14,2051.308744,1.0,1.9285714285714286
0x4f93fead39b70a1824f981a54d4e55b278e9f760,2024-11-15,79,33,2003.536586,33,454.091596,17219.896202531647,1360371.8,45,34,1549.44499,1.0,1.3235294117647058
0x4f93fead39b70a1824f981a54d4e55b278e9f760,2024-11-16,12,7,255.14686999999998,7,72.952967,18322.8475,219874.16999999998,7,5,182.19390299999998,1.0,1.4
0x4f93fead39b70a1824f981a54d4e55b278e9f760,2024-11-17,26,8,546.624374,8,186.119492,23861.476153846153,620398.38,18,8,360.50488199999995,1.0,2.25
0x4f93fead39b70a1824f981a54d4e55b278e9f760,2024-11-18,35,15,3158.176614,15,282.631803,26917.316857142858,942106.09,19,16,2875.5448109999998,1.0,1.1875
0x4f93fead39b70a1824f981a54d4e55b278e9f760,2024-11-19,30,15,1573.210981,15,95.922665,10658.076000000001,319742.28,17,13,1477.288316,1.0,1.3076923076923077
0x4f93fead39b70a1824f981a54d4e55b278e9f760,2024-11-20,33,16,2259.775633,16,251.486098,25402.638787878786,838287.08,15,18,2008.2895350000001,1.0,0.8333333333333334
0x4f93fead39b70a1824f981a54d4e55b278e9f760,2024-11-21,9,4,909.745283,4,48.024651999999996,17786.91,160082.19,5,4,861.720631,1.0,1.25
0x4f93fead39b70a1824f981a54d4e55b278e9f760,2024-11-22,18,12,1825.01255,12,90.55524199999999,16769.490555555556,301850.83,6,12,1734.457308,1.0,0.5
0x4f93fead39b70a1824f981a54d4e55b278e9f760,2024-11-23,9,0,0.0,0,18.002012,6667.414444444444,60006.729999999996,9,0,-18.002012,,inf
0x4f93fead39b70a1824f981a54d4e55b278e9f760,2024-11-24,33,5,445.338356,5,156.132723,15770.984848484848,520442.5,28,5,289.205633,1.0,5.6
0x4f93fead39b70a1824f981a54d4e55b278e9f760,2024-11-25,30,10,5059.459732,10,259.328448,28814.273999999998,864428.22,20,10,4800.131284,1.0,2.0
0x4f93fead39b70a1824f981a54d4e55b278e9f760,2024-11-26,22,0,0.0,0,127.50797299999999,19319.39181818182,425026.62,22,0,-127.50797299999999,,inf
0x4f93fead39b70a1824f981a54d4e55b278e9f760,2024-11-27,44,37,-2848.159792,0,376.953535,28557.08818181818,1256511.88,3,41,-3225.113327,0.0,0.07317073170731707
0x4f93fead39b70a1824f981a54d4e55b278e9f760,2024-11-28,12,6,1174.315571,6,101.63559000000001,28232.108333333334,338785.3,9,3,1072.679981,1.0,3.0
0x4f93fead39b70a1824f981a54d4e55b278e9f760,2024-11-29,7,1,610.52512,1,54.175978,25798.085714285717,180586.6,0,7,556.349142,1.0,0.0
0x4f93fead39b70a1824f981a54d4e55b278e9f760,2024-11-30,12,5,850.54514,5,71.736379,19926.774999999998,239121.3,12,0,778.808761,1.0,inf
0x4f93fead39b70a1824f981a54d4e55b278e9f760,2024-12-01,27,16,337.835516,16,180.061741,22229.845925925925,600205.84,5,22,157.77377499999997,1.0,0.22727272727272727
0x4f93fead39b70a1824f981a54d4e55b278e9f760,2024-12-02,17,6,754.7378,6,90.225362,17691.249411764704,300751.24,11,6,664.512438,1.0,1.8333333333333333
0x4f93fead39b70a1824f981a54d4e55b278e9f760,2024-12-03,9,4,1467.1002210000001,4,84.711504,31374.63555555556,282371.72000000003,5,4,1382.388717,1.0,1.25
0x4f93fead39b70a1824f981a54d4e55b278e9f760,2024-12-04,13,3,291.35271,3,78.315715,20080.955384615383,261052.41999999998,10,3,213.036995,1.0,3.3333333333333335
0x4f93fead39b70a1824f981a54d4e55b278e9f760,2024-12-05,19,2,1435.68724,2,228.422723,40074.16368421053,761409.11,0,19,1207.264517,1.0,0.0
0x4f93fead39b70a1824f981a54d4e55b278e9f760,2024-12-06,59,21,7206.315268,21,444.769922,25128.245762711864,1482566.5,39,20,6761.545346,1.0,1.95
0x4f93fead39b70a1824f981a54d4e55b278e9f760,2024-12-07,4,4,2342.996384,4,59.54443,49620.3625,198481.45,4,0,2283.451954,1.0,inf
0x4f93fead39b70a1824f981a54d4e55b278e9f760,2024-12-08,7,0,0.0,0,17.998084,8570.51857142857,59993.63,0,7,-17.998084,,0.0
0x4f93fead39b70a1824f981a54d4e55b278e9f760,2024-12-09,17,7,2350.499742,7,107.900648,21156.991764705883,359668.86,13,4,2242.599094,1.0,3.25
0x4f93fead39b70a1824f981a54d4e55b278e9f760,2024-12-10,36,12,3986.312514,12,210.282321,19470.586944444443,700941.13,27,9,3776.030193,1.0,3.0
0x4f93fead39b70a1824f981a54d4e55b278e9f760,2024-12-11,30,8,1083.777057,8,209.981818,23331.314333333332,699939.4299999999,6,24,873.795239,1.0,0.25
0x4f93fead39b70a1824f981a54d4e55b278e9f760,2024-12-12,31,0,0.0,0,113.963809,12254.174838709678,379879.42,0,31,-113.963809,,0.0
0x4f93fead39b70a1824f981a54d4e55b278e9f760,2024-12-13,49,27,6790.274613,27,304.524077,20715.92551020408,1015080.35,37,12,6485.750536,1.0,3.0833333333333335
0x4f93fead39b70a1824f981a54d4e55b278e9f760,2024-12-14,19,6,570.1898180000001,6,59.89466,10507.837368421053,199648.91,14,5,510.2951580000001,1.0,2.8
0x4f93fead39b70a1824f981a54d4e55b278e9f760,2024-12-15,21,5,263.914304,5,90.071403,14297.049523809523,300238.04,4,17,173.842901,1.0,0.23529411764705882
0x4f93fead39b70a1824f981a54d4e55b278e9f760,2024-12-16,27,0,0.0,0,263.896686,32579.84037037037,879655.69,0,27,-263.896686,,0.0
0x4f93fead39b70a1824f981a54d4e55b278e9f760,2024-12-17,12,0,0.0,0,53.999413,14999.839166666667,179998.07,0,12,-53.999413,,0.0
0x4f93fead39b70a1824f981a54d4e55b278e9f760,2024-12-18,62,40,-4627.220257,5,523.944398,28169.055161290322,1746481.42,57,5,-5151.164655,0.125,11.4
0x4f93fead39b70a1824f981a54d4e55b278e9f760,2024-12-19,53,6,1582.2032900000002,6,276.256905,17374.649433962266,920856.42,47,6,1305.9463850000002,1.0,7.833333333333333
0x4f93fead39b70a1824f981a54d4e55b278e9f760,2024-12-20,6,0,0.0,0,66.68628,37047.935,222287.61,6,0,-66.68628,,inf
0x4f93fead39b70a1824f981a54d4e55b278e9f760,2024-12-21,50,28,1367.500173,28,303.355802,20223.721400000002,1011186.0700000001,22,28,1064.1443709999999,1.0,0.7857142857142857
0x4f93fead39b70a1824f981a54d4e55b278e9f760,2024-12-22,3,0,0.0,0,39.003061,43336.74,130010.22,3,0,-39.003061,,inf
0x4f93fead39b70a1824f981a54d4e55b278e9f760,2024-12-23,16,0,0.0,0,101.745443,21196.97,339151.52,16,0,-101.745443,,inf
0x4f93fead39b70a1824f981a54d4e55b278e9f760,2024-12-24,32,21,2081.2674110000003,21,280.894037,29259.798125,936313.54,3,29,1800.3733740000002,1.0,0.10344827586206896
0x4f93fead39b70a1824f981a54d4e55b278e9f760,2024-12-25,3,0,0.0,0,20.999761,23333.069999999996,69999.20999999999,0,3,-20.999761,,0.0
0x4f93fead39b70a1824f981a54d4e55b278e9f760,2024-12-26,21,8,7617.597338,8,132.724225,21067.338571428572,442414.11,20,1,7484.873113,1.0,20.0
0x4f93fead39b70a1824f981a54d4e55b278e9f760,2024-12-27,18,0,0.0,0,21.011257,3890.9755555555553,70037.56,18,0,-21.011257,,inf
0x4f93fead39b70a1824f981a54d4e55b278e9f760,2024-12-28,6,3,16.972942,3,33.016011,18342.231666666667,110053.39,0,6,-16.043069,1.0,0.0
0x4f93fead39b70a1824f981a54d4e55b278e9f760,2024-12-29,14,4,390.062046,4,23.878344,5685.322142857142,79594.51,7,7,366.18370200000004,1.0,1.0
0x4f93fead39b70a1824f981a54d4e55b278e9f760,2024-12-30,22,9,4235.298688000001,9,169.256913,25644.989545454548,564189.77,13,9,4066.0417750000006,1.0,1.4444444444444444
0x4f93fead39b70a1824f981a54d4e55b278e9f760,2024-12-31,47,2,2301.21954,2,147.665905,10472.761489361701,492219.79,45,2,2153.553635,1.0,22.5
0x4f93fead39b70a1824f981a54d4e55b278e9f760,2025-01-01,1,0,0.0,0,14.999852,49999.51,49999.51,1,0,-14.999852,,inf
0x4f93fead39b70a1824f981a54d4e55b278e9f760,2025-01-02,19,8,2399.9471460000004,8,111.619916,19582.443684210524,372066.43,11,8,2288.3272300000003,1.0,1.375
0x4f93fead39b70a1824f981a54d4e55b278e9f760,2025-01-03,48,29,3084.287743,29,151.997587,9644.217708333334,462922.45,19,29,2932.290156,1.0,0.6551724137931034
0x4f93fead39b70a1824f981a54d4e55b278e9f760,2025-01-04,14,0,0.0,0,30.499879,7142.837142857143,99999.72,14,0,-30.499879,,inf
0x4f93fead39b70a1824f981a54d4e55b278e9f760,2025-01-05,19,4,890.33157,4,122.659064,19427.31105263158,369118.91000000003,15,4,767.6725060000001,1.0,3.75
0x4f93fead39b70a1824f981a54d4e55b278e9f760,2025-01-06,32,14,3575.442423,14,120.242894,10735.9740625,343551.17,18,14,3455.199529,1.0,1.2857142857142858
0x4f93fead39b70a1824f981a54d4e55b278e9f760,2025-01-07,39,0,0.0,0,165.80684,12147.022564102565,473733.88,39,0,-165.80684,,inf
0x4f93fead39b70a1824f981a54d4e55b278e9f760,2025-01-08,16,0,0.0,0,108.03025600000001,19291.1175,308657.88,16,0,-108.03025600000001,,inf
0x4f93fead39b70a1824f981a54d4e55b278e9f760,2025-01-10,219,117,-36229.641811,98,1917.277186,26918.19479452055,5895084.66,102,117,-38146.918997,0.8376068376068376,0.8717948717948718
0x4f93fead39b70a1824f981a54d4e55b278e9f760,2025-01-11,76,27,1559.841529,27,466.531808,20461.92407894737,1555106.23,49,27,1093.309721,1.0,1.8148148148148149
0x4f93fead39b70a1824f981a54d4e55b278e9f760,2025-01-12,75,34,736.621517,34,556.587573,24737.227600000002,1855292.07,30,45,180.03394400000002,1.0,0.6666666666666666
0x4f93fead39b70a1824f981a54d4e55b278e9f760,2025-01-13,97,54,1756.982034,54,704.272981,24201.82237113402,2347576.77,49,48,1052.709053,1.0,1.0208333333333333
0x4f93fead39b70a1824f981a54d4e55b278e9f760,2025-01-14,42,17,1878.804638,17,189.523418,15041.543095238096,631744.81,25,17,1689.28122,1.0,1.4705882352941178
0x4f93fead39b70a1824f981a54d4e55b278e9f760,2025-01-15,73,42,7470.003118,42,468.546657,21394.826301369863,1561822.32,26,47,7001.456461,1.0,0.5531914893617021
0x4f93fead39b70a1824f981a54d4e55b278e9f760,2025-01-16,100,57,5170.4237570000005,55,817.820014,27260.669100000003,2726066.91,45,55,4352.603743000001,0.9649122807017544,0.8181818181818182
0x4f93fead39b70a1824f981a54d4e55b278e9f760,2025-01-17,21,7,811.1445319999999,7,192.217931,30510.78523809524,640726.49,14,7,618.9266009999999,1.0,2.0
0x4f93fead39b70a1824f981a54d4e55b278e9f760,2025-01-18,58,32,4078.848863,32,564.312396,32431.74827586207,1881041.4000000001,32,26,3514.536467,1.0,1.2307692307692308
0x4f93fead39b70a1824f981a54d4e55b278e9f760,2025-01-19,88,32,3253.260003,32,664.76231,25180.392613636363,2215874.55,63,25,2588.497693,1.0,2.52
0x4f93fead39b70a1824f981a54d4e55b278e9f760,2025-01-20,194,69,7466.841136,69,1639.313144,29887.263092783505,5798129.04,133,61,5827.527992,1.0,2.180327868852459
0x4f93fead39b70a1824f981a54d4e55b278e9f760,2025-01-21,92,40,2953.3108039999997,40,326.348643,14189.073260869565,1305394.74,34,58,2626.962161,1.0,0.5862068965517241
0x4f93fead39b70a1824f981a54d4e55b278e9f760,2025-01-22,61,25,2971.896355,25,266.21073,17456.443770491805,1064843.07,35,26,2705.685625,1.0,1.3461538461538463
0x4f93fead39b70a1824f981a54d4e55b278e9f760,2025-01-23,82,22,6749.1349199999995,22,368.996825,17999.84780487805,1475987.52,55,27,6380.138094999999,1.0,2.037037037037037
0x4f93fead39b70a1824f981a54d4e55b278e9f760,2025-01-24,42,16,1707.06994,16,153.980421,14664.804285714286,615921.78,14,28,1553.089519,1.0,0.5
0x4f93fead39b70a1824f981a54d4e55b278e9f760,2025-01-25,18,4,446.44485399999996,4,101.18649400000001,22485.88888888889,404746.0,18,0,345.2583599999999,1.0,inf
0x4f93fead39b70a1824f981a54d4e55b278e9f760,2025-01-27,15,0,0.0,0,149.267029,33170.452666666664,497556.79,15,0,-149.267029,,inf
0x4f93fead39b70a1824f981a54d4e55b278e9f760,2025-01-30,75,38,3278.847724,35,478.80782899999997,21280.349733333333,1596026.23,39,36,2800.0398950000003,0.9210526315789473,1.0833333333333333
0x4f93fead39b70a1824f981a54d4e55b278e9f760,2025-01-31,59,21,975.654751,21,243.118715,13735.521525423728,810395.77,35,24,732.536036,1.0,1.4583333333333333
0x4f93fead39b70a1824f981a54d4e55b278e9f760,2025-02-01,4,0,0.0,0,27.000824,22500.69,90002.76,4,0,-27.000824,,inf
0x4f93fead39b70a1824f981a54d4e55b278e9f760,2025-02-02,30,0,0.0,0,228.766141,25418.461333333333,762553.84,30,0,-228.766141,,inf
0x4f93fead39b70a1824f981a54d4e55b278e9f760,2025-02-04,9,9,6403.5061239999995,9,257.687851,95439.94666666667,858959.52,0,9,6145.818273,1.0,0.0
0x4f93fead39b70a1824f981a54d4e55b278e9f760,2025-02-05,9,0,0.0,0,44.99017,16663.026666666665,149967.24,9,0,-44.99017,,inf
0x4f93fead39b70a1824f981a54d4e55b278e9f760,2025-02-06,10,4,440.753133,4,90.12418000000001,30041.394,300413.94,6,4,350.62895299999997,1.0,1.5
0x4f93fead39b70a1824f981a54d4e55b278e9f760,2025-02-07,27,9,3691.30885,9,158.017151,19508.291481481483,526723.87,12,15,3533.291699,1.0,0.8
0x4f93fead39b70a1824f981a54d4e55b278e9f760,2025-02-08,8,0,0.0,0,53.995802,22498.25125,179986.01,8,0,-53.995802,,inf
0x4f93fead39b70a1824f981a54d4e55b278e9f760,2025-02-09,3,1,866.203569,1,81.26354,90292.82333333335,270878.47000000003,0,3,784.940029,1.0,0.0
0x4f93fead39b70a1824f981a54d4e55b278e9f760,2025-02-10,84,29,2069.55836,29,364.664948,14470.832976190475,1215549.97,46,38,1704.893412,1.0,1.2105263157894737
0x4f93fead39b70a1824f981a54d4e55b278e9f760,2025-02-11,56,22,1353.604398,22,211.362965,12581.13017857143,704543.29,28,28,1142.241433,1.0,1.0
0x4f93fead39b70a1824f981a54d4e55b278e9f760,2025-02-12,84,45,5212.729861,45,373.017115,14802.268214285714,1243390.53,22,62,4839.712746,1.0,0.3548387096774194
0x4f93fead39b70a1824f981a54d4e55b278e9f760,2025-02-13,23,11,2205.413149,11,120.83883600000001,17512.87652173913,402796.16,23,0,2084.574313,1.0,inf
0x4f93fead39b70a1824f981a54d4e55b278e9f760,2025-02-14,58,25,2678.115601,25,346.454002,19911.15103448276,1154846.76,27,31,2331.661599,1.0,0.8709677419354839
0x4f93fead39b70a1824f981a54d4e55b278e9f760,2025-02-15,21,13,3884.0032459999998,13,142.908493,22683.889523809525,476361.68,17,4,3741.094753,1.0,4.25
0x4f93fead39b70a1824f981a54d4e55b278e9f760,2025-02-16,25,11,314.96786,11,108.04312900000001,14405.7528,360143.82,15,10,206.92473099999995,1.0,1.5
0x4f93fead39b70a1824f981a54d4e55b278e9f760,2025-02-17,42,5,1204.110761,5,161.70132,12833.438095238096,539004.4,24,18,1042.4094409999998,1.0,1.3333333333333333
0x4f93fead39b70a1824f981a54d4e55b278e9f760,2025-02-18,44,14,1670.219701,14,174.131512,13191.782954545453,580438.45,30,14,1496.088189,1.0,2.142857142857143
0x4f93fead39b70a1824f981a54d4e55b278e9f760,2025-02-19,58,23,3512.2119079999998,23,282.718338,16248.182068965516,942394.5599999999,45,13,3229.4935699999996,1.0,3.4615384615384617
0x4f93fead39b70a1824f981a54d4e55b278e9f760,2025-02-20,90,40,1829.292797,40,462.079905,17114.072111111112,1540266.49,48,42,1367.212892,1.0,1.1428571428571428
0x4f93fead39b70a1824f981a54d4e55b278e9f760,2025-02-21,76,8,5993.575314,8,388.202533,17026.42842105263,1294008.56,30,46,5605.372781,1.0,0.6521739130434783
0x4f93fead39b70a1824f981a54d4e55b278e9f760,2025-02-22,91,52,1287.143384,52,456.391868,16717.653406593407,1521306.46,39,52,830.751516,1.0,0.75
0x4f93fead39b70a1824f981a54d4e55b278e9f760,2025-02-23,31,13,109.68322,7,83.978128,9029.90806451613,279927.15,22,9,25.705092000000008,0.5384615384615384,2.4444444444444446
0x4f93fead39b70a1824f981a54d4e55b278e9f760,2025-02-24,17,5,1925.839355,5,138.564153,27169.443529411765,461880.54,12,5,1787.275202,1.0,2.4
0x4f93fead39b70a1824f981a54d4e55b278e9f760,2025-02-25,51,0,0.0,0,299.266928,19559.930980392157,997556.48,51,0,-299.266928,,inf
0x4f93fead39b70a1824f981a54d4e55b278e9f760,2025-03-02,26,21,11005.991600000001,21,338.570135,43406.429615384615,1128567.17,5,21,10667.421465000001,1.0,0.23809523809523808
0x4f93fead39b70a1824f981a54d4e55b278e9f760,2025-03-03,12,6,1136.272279,6,96.350832,26764.120833333334,321169.45,6,6,1039.921447,1.0,1.0
0x4f93fead39b70a1824f981a54d4e55b278e9f760,2025-03-04,59,28,8002.939313,28,457.945929,25872.653898305085,1526486.58,22,37,7544.993383999999,1.0,0.5945945945945946
0x4f93fead39b70a1824f981a54d4e55b278e9f760,2025-03-05,54,20,2741.101375,20,467.701068,28870.43833333333,1559003.67,23,31,2273.4003070000003,1.0,0.7419354838709677
0x4f93fead39b70a1824f981a54d4e55b278e9f760,2025-03-06,37,14,3069.196282,10,192.95788399999998,17383.593783783785,643192.97,23,14,2876.238398,0.7142857142857143,1.6428571428571428
0x4f93fead39b70a1824f981a54d4e55b278e9f760,2025-03-07,22,18,3273.5394420000002,18,66.595837,10090.28,221986.16,7,15,3206.9436050000004,1.0,0.4666666666666667
0x4f93fead39b70a1824f981a54d4e55b278e9f760,2025-03-08,17,0,0.0,0,36.002359999999996,7059.288823529412,120007.91,17,0,-36.002359999999996,,inf
0x4f93fead39b70a1824f981a54d4e55b278e9f760,2025-03-09,11,0,0.0,0,125.953025,38167.586363636365,419843.45,11,0,-125.953025,,inf
0x4f93fead39b70a1824f981a54d4e55b278e9f760,2025-03-10,103,42,14133.265684,42,780.175852,25248.4113592233,2600586.37,61,42,13353.089832,1.0,1.4523809523809523
0x4f93fead39b70a1824f981a54d4e55b278e9f760,2025-03-11,33,21,2479.265806,21,315.364477,31854.999696969695,1051214.99,12,21,2163.901329,1.0,0.5714285714285714
0x4f93fead39b70a1824f981a54d4e55b278e9f760,2025-03-12,10,0,0.0,0,53.998123,17999.379,179993.79,10,0,-53.998123,,inf
0x4f93fead39b70a1824f981a54d4e55b278e9f760,2025-03-13,22,8,5770.595066,8,187.70031799999998,28439.44318181818,625667.75,14,8,5582.894748,1.0,1.75
0x4f93fead39b70a1824f981a54d4e55b278e9f760,2025-03-14,25,10,11039.384571,10,165.276882,22036.92,550923.0,0,25,10874.107689,1.0,0.0
0x4f93fead39b70a1824f981a54d4e55b278e9f760,2025-03-15,8,7,575.945518,7,41.819272,17424.6975,139397.58,8,0,534.126246,1.0,inf
0x4f93fead39b70a1824f981a54d4e55b278e9f760,2025-03-16,6,2,144.99309,2,48.040901,26689.39,160136.34,4,2,96.952189,1.0,2.0
0x4f93fead39b70a1824f981a54d4e55b278e9f760,2025-03-17,11,8,2220.589556,8,60.669694,18384.756363636363,202232.32,1,10,2159.9198619999997,1.0,0.1
0x4f93fead39b70a1824f981a54d4e55b278e9f760,2025-03-18,44,1,362.477712,1,119.905596,9083.757954545454,399685.35,41,3,242.572116,1.0,13.666666666666666
0x4f93fead39b70a1824f981a54d4e55b278e9f760,2025-03-19,29,28,1438.717656,28,102.457321,11776.706206896552,341524.48,1,28,1336.260335,1.0,0.03571428571428571
0x4f93fead39b70a1824f981a54d4e55b278e9f760,2025-03-20,8,0,0.0,0,35.999967,14999.98875,119999.91,8,0,-35.999967,,inf
0x4f93fead39b70a1824f981a54d4e55b278e9f760,2025-03-21,6,0,0.0,0,54.001302,30000.725000000002,180004.35,6,0,-54.001302,,inf
0x4f93fead39b70a1824f981a54d4e55b278e9f760,2025-03-22,24,24,58.007635,24,90.018592,12502.583333333334,300062.0,0,24,-32.010957,1.0,0.0
0x4f93fead39b70a1824f981a54d4e55b278e9f760,2025-03-23,10,9,134.82844,9,12.040356,4013.454,40134.54,1,9,122.788084,1.0,0.1111111111111111
0x4f93fead39b70a1824f981a54d4e55b278e9f760,2025-03-24,14,0,0.0,0,17.999653000000002,4285.6335714285715,59998.869999999995,0,14,-17.999653000000002,,0.0
0x4f93fead39b70a1824f981a54d4e55b278e9f760,2025-03-25,9,5,217.47456799999998,5,37.934482,13309.063333333334,119781.57,9,0,179.54008599999997,1.0,inf
0x4f93fead39b70a1824f981a54d4e55b278e9f760,2025-03-26,10,6,980.433384,6,70.264919,20075.693,200756.93,4,6,910.1684650000001,1.0,0.6666666666666666
0x4f93fead39b70a1824f981a54d4e55b278e9f760,2025-03-27,40,16,4329.319769,16,274.528951,19609.212,784368.48,24,16,4054.7908179999995,1.0,1.5
0x4f93fead39b70a1824f981a54d4e55b278e9f760,2025-03-28,10,0,0.0,0,69.99566300000001,19998.763,199987.63,10,0,-69.99566300000001,,inf
0x4f93fead39b70a1824f981a54d4e55b278e9f760,2025-03-29,8,0,0.0,0,76.998063,27499.309999999998,219994.47999999998,8,0,-76.998063,,inf
0x4f93fead39b70a1824f981a54d4e55b278e9f760,2025-03-31,40,22,2112.5276,22,252.736124,18052.58175,722103.27,18,22,1859.7914759999999,1.0,0.8181818181818182
0x4f93fead39b70a1824f981a54d4e55b278e9f760,2025-04-01,20,8,1402.082488,8,49.492214,7070.317,141406.34,12,8,1352.590274,1.0,1.5
0x4f93fead39b70a1824f981a54d4e55b278e9f760,2025-04-02,1,0,0.0,0,6.999896,19999.7,19999.7,1,0,-6.999896,,inf
0x4f93fead39b70a1824f981a54d4e55b278e9f760,2025-04-03,9,0,0.0,0,97.978681,31104.344444444443,279939.1,9,0,-97.978681,,inf
0x4f93fead39b70a1824f981a54d4e55b278e9f760,2025-04-04,21,13,4591.427138999999,13,148.592715,20216.697142857145,424550.64,8,13,4442.834424,1.0,0.6153846153846154
0x4f93fead39b70a1824f981a54d4e55b278e9f760,2025-04-06,7,0,0.0,0,62.990758,25710.512857142858,179973.59,7,0,-62.990758,,inf
0x4f93fead39b70a1824f981a54d4e55b278e9f760,2025-04-07,45,0,0.0,0,209.990572,13332.73688888889,599973.16,45,0,-209.990572,,inf
0x4f93fead39b70a1824f981a54d4e55b278e9f760,2025-04-08,28,24,21114.136771999998,24,374.87886100000003,38252.94535714285,1071082.47,4,24,20739.257910999997,1.0,0.16666666666666666
0x4f93fead39b70a1824f981a54d4e55b278e9f760,2025-04-09,45,24,25875.837656,24,306.563536,19464.35377777778,875895.92,21,24,25569.27412,1.0,0.875
0x4f93fead39b70a1824f981a54d4e55b278e9f760,2025-04-10,9,0,0.0,0,44.970233,16655.645555555555,149900.81,9,0,-44.970233,,inf
0x4f93fead39b70a1824f981a54d4e55b278e9f760,2025-04-11,3,3,3188.3381949999994,3,53.581188,51029.70333333334,153089.11000000002,0,3,3134.7570069999992,1.0,0.0
0x4f93fead39b70a1824f981a54d4e55b278e9f760,2025-04-13,8,3,253.67505,3,17.588483,6281.60375,50252.83,5,3,236.086567,1.0,1.6666666666666667
0x4f93fead39b70a1824f981a54d4e55b278e9f760,2025-04-14,27,4,322.73095,4,43.869724,4642.299259259259,125342.08,23,4,278.861226,1.0,5.75
0x4f93fead39b70a1824f981a54d4e55b278e9f760,2025-04-16,4,0,0.0,0,26.249583,18749.704999999998,74998.81999999999,4,0,-26.249583,,inf
0x4f93fead39b70a1824f981a54d4e55b278e9f760,2025-04-17,9,8,1713.120195,8,61.854364,19636.307777777776,176726.77,1,8,1651.265831,1.0,0.125
0x4f93fead39b70a1824f981a54d4e55b278e9f760,2025-04-18,4,0,0.0,0,17.49932,12499.515,49998.06,4,0,-17.49932,,inf
0x4f93fead39b70a1824f981a54d4e55b278e9f760,2025-04-19,18,13,721.976596,13,52.752346,8373.388333333334,150720.99000000002,5,13,669.22425,1.0,0.38461538461538464
0x4f93fead39b70a1824f981a54d4e55b278e9f760,2025-04-20,8,0,0.0,0,43.748961,15624.63125,124997.05,8,0,-43.748961,,inf
0x4f93fead39b70a1824f981a54d4e55b278e9f760,2025-04-21,9,9,459.153994,9,52.659392999999994,16717.272222222222,150455.44999999998,0,9,406.494601,1.0,0.0
0x4f93fead39b70a1824f981a54d4e55b278e9f760,2025-04-24,4,0,0.0,0,26.249421,18749.59,74998.36,0,4,-26.249421,,0.0
0x4f93fead39b70a1824f981a54d4e55b278e9f760,2025-04-25,16,0,0.0,0,157.50983,28126.7575,450028.12,0,16,-157.50983,,0.0
0x4f93fead39b70a1824f981a54d4e55b278e9f760,2025-04-30,36,23,5286.100993,23,243.16447399999998,19298.768333333333,694755.66,26,10,5042.936519,1.0,2.6
0x4f93fead39b70a1824f981a54d4e55b278e9f760,2025-05-01,14,10,1220.746604,7,70.42867100000001,14373.198571428571,201224.78,3,11,1150.3179329999998,0.7,0.2727272727272727
0x513b8629fe877bb581bf244e326a047b249c4ff1,2024-12-09,42,0,0.0,0,1.90281219,1682.2211904761903,70653.29,42,0,-1.90281219,,inf
0x513b8629fe877bb581bf244e326a047b249c4ff1,2024-12-12,89,0,0.0,0,5.42675177,3332.177640449438,296563.81,89,0,-5.42675177,,inf
0x513b8629fe877bb581bf244e326a047b249c4ff1,2024-12-15,28,0,0.0,0,1.7473268100000001,4194.129285714285,117435.62,28,0,-1.7473268100000001,,inf
0x513b8629fe877bb581bf244e326a047b249c4ff1,2024-12-19,64,0,0.0,0,3.30336134,3791.86515625,242679.37,64,0,-3.30336134,,inf
0x513b8629fe877bb581bf244e326a047b249c4ff1,2025-02-14,464,464,194499.072534,464,309.734741,1986.7047629310346,921831.01,0,464,194189.337793,1.0,0.0
0x513b8629fe877bb581bf244e326a047b249c4ff1,2025-02-17,292,0,0.0,0,11.76278358,3155.894726027397,921521.26,292,0,-11.76278358,,inf
0x513b8629fe877bb581bf244e326a047b249c4ff1,2025-03-17,35,0,0.0,0,107.542891,9144.806857142858,320068.24,35,0,-107.542891,,inf
0x513b8629fe877bb581bf244e326a047b249c4ff1,2025-03-18,6,6,5429.87424,6,24.827891,43103.988333333335,258623.93000000002,0,6,5405.046349,1.0,0.0
0x513b8629fe877bb581bf244e326a047b249c4ff1,2025-03-19,133,43,13272.411278,20,255.50186300000001,6491.884887218045,863420.6900000001,69,64,13016.909415,0.46511627906976744,1.078125
0x513b8629fe877bb581bf244e326a047b249c4ff1,2025-03-20,75,75,3865.013572,75,10.415377,1391.7530666666667,104381.48,0,75,3854.598195,1.0,0.0
0x513b8629fe877bb581bf244e326a047b249c4ff1,2025-03-27,77,0,0.0,0,53.410361,2064.410909090909,158959.64,77,0,-53.410361,,inf
0x513b8629fe877bb581bf244e326a047b249c4ff1,2025-03-28,84,84,1470.407794,84,53.904336,1909.8789285714283,160429.83,0,84,1416.503458,1.0,0.0
0x513b8629fe877bb581bf244e326a047b249c4ff1,2025-04-01,13,0,0.0,0,17.232134000000002,13807.81,179501.53,13,0,-17.232134000000002,,inf
0x513b8629fe877bb581bf244e326a047b249c4ff1,2025-04-03,49,0,0.0,0,15.327551,2260.9597959183675,110787.03,49,0,-15.327551,,inf
0x513b8629fe877bb581bf244e326a047b249c4ff1,2025-04-05,34,0,0.0,0,23.31552,2537.0485294117643,86259.65,34,0,-23.31552,,inf
0x513b8629fe877bb581bf244e326a047b249c4ff1,2025-04-07,76,54,-37999.868086,6,98.414251,6969.902236842105,529712.57,6,70,-38098.282337000004,0.1111111111111111,0.08571428571428572
0x513b8629fe877bb581bf244e326a047b249c4ff1,2025-04-08,148,16,3131.840108,16,137.349014,9667.030743243244,1430720.55,132,16,2994.491094,1.0,8.25
0x513b8629fe877bb581bf244e326a047b249c4ff1,2025-04-09,122,87,-36253.792726,83,301.804613,11281.935245901639,1376396.0999999999,4,118,-36555.597339,0.9540229885057471,0.03389830508474576
0x513b8629fe877bb581bf244e326a047b249c4ff1,2025-04-10,337,246,22908.117384,244,1496.682866,25584.4765578635,8621968.6,257,80,21411.434518000002,0.991869918699187,3.2125
0x513b8629fe877bb581bf244e326a047b249c4ff1,2025-04-11,65,0,0.0,0,191.626505,33255.74600000001,2161623.49,65,0,-191.626505,,inf
0x513b8629fe877bb581bf244e326a047b249c4ff1,2025-04-12,1251,328,88152.006818,195,10554.753586,40967.58708233413,51250451.44,459,792,77597.25323199999,0.5945121951219512,0.5795454545454546
0x513b8629fe877bb581bf244e326a047b249c4ff1,2025-04-13,285,86,11239.437228,86,1853.425964,31745.770947368423,9047544.72,199,86,9386.011264,1.0,2.313953488372093
0x513b8629fe877bb581bf244e326a047b249c4ff1,2025-04-14,230,90,7922.167264999999,58,1348.722326,38233.16656521739,8793628.31,140,90,6573.444938999999,0.6444444444444445,1.5555555555555556
0x513b8629fe877bb581bf244e326a047b249c4ff1,2025-04-15,731,433,40966.673478000004,433,1411.8902679999999,25242.244090287277,18452080.43,172,559,39554.78321,1.0,0.3076923076923077
0x513b8629fe877bb581bf244e326a047b249c4ff1,2025-04-16,886,380,41498.141783,342,5697.318453,39232.42645598194,34759929.84,548,338,35800.82333,0.9,1.621301775147929
0x513b8629fe877bb581bf244e326a047b249c4ff1,2025-04-17,5,0,0.0,0,0.0,147619.302,738096.51,5,0,0.0,,inf
0x513b8629fe877bb581bf244e326a047b249c4ff1,2025-04-18,379,289,43400.145539,289,4181.767321,58751.562744063325,22266842.28,90,289,39218.378218,1.0,0.31141868512110726
0x513b8629fe877bb581bf244e326a047b249c4ff1,2025-04-19,637,229,62373.791703999996,229,5179.546923,43140.85288854003,27480723.29,397,240,57194.244780999994,1.0,1.6541666666666666
0x513b8629fe877bb581bf244e326a047b249c4ff1,2025-04-20,160,0,0.0,0,1033.35275,52569.3078125,8411089.25,160,0,-1033.35275,,inf
0x513b8629fe877bb581bf244e326a047b249c4ff1,2025-04-21,869,448,39772.479641,316,5948.44489,46044.36062140392,40012549.38,432,437,33824.034751,0.7053571428571429,0.988558352402746
0x513b8629fe877bb581bf244e326a047b249c4ff1,2025-04-22,418,185,73209.060448,185,3736.434319,62608.63574162679,26170409.74,233,185,69472.62612900001,1.0,1.2594594594594595
0x513b8629fe877bb581bf244e326a047b249c4ff1,2025-04-23,211,156,1656.211757,118,2648.813974,54580.961753554504,11516582.93,37,174,-992.6022170000001,0.7564102564102564,0.21264367816091953
0x513b8629fe877bb581bf244e326a047b249c4ff1,2025-04-24,672,378,35332.403093,303,6707.427787,47146.683541666665,31682571.34,279,393,28624.975306,0.8015873015873016,0.7099236641221374
0x513b8629fe877bb581bf244e326a047b249c4ff1,2025-04-25,499,298,8410.75479,298,5721.951347,49855.811983967935,24878050.18,298,201,2688.8034430000007,1.0,1.4825870646766168
0x513b8629fe877bb581bf244e326a047b249c4ff1,2025-04-26,314,0,0.0,0,2531.027945,35046.08286624204,11004470.02,314,0,-2531.027945,,inf
0x513b8629fe877bb581bf244e326a047b249c4ff1,2025-04-28,654,397,37973.605394,349,5770.1741600000005,38360.42061162079,25087715.08,257,397,32203.431233999996,0.8790931989924433,0.6473551637279596
0x513b8629fe877bb581bf244e326a047b249c4ff1,2025-04-29,992,474,117648.295306,474,4727.304068,32144.09112903226,31886938.4,518,474,112920.991238,1.0,1.0928270042194093
0x513b8629fe877bb581bf244e326a047b249c4ff1,2025-04-30,481,0,0.0,0,2532.342389,22932.819688149688,11030686.27,481,0,-2532.342389,,inf
0x513b8629fe877bb581bf244e326a047b249c4ff1,2025-05-01,329,236,60544.304874,236,1718.711472,22713.250030395135,7472659.26,93,236,58825.593402,1.0,0.3940677966101695
0x6d6a4b953f202f8df5bed40692e7fd865318264a,2024-12-11,8,8,698.009722,8,0.382683,136.67374999999998,1093.3899999999999,0,8,697.627039,1.0,0.0
0x6d6a4b953f202f8df5bed40692e7fd865318264a,2024-12-12,4,4,362.84131,4,0.1863,133.0725,532.29,0,4,362.65501,1.0,0.0
0x6d6a4b953f202f8df5bed40692e7fd865318264a,2024-12-14,80,80,39057.10912,80,15.692086,664.7225000000001,53177.8,0,80,39041.417034,1.0,0.0
0x6d6a4b953f202f8df5bed40692e7fd865318264a,2024-12-15,15,15,18879.21027,15,2.452747,1635.1666666666667,24527.5,0,15,18876.757523,1.0,0.0
0x6d6a4b953f202f8df5bed40692e7fd865318264a,2024-12-16,47,47,12648.870412,47,5.615201,341.3504255319149,16043.47,0,47,12643.255211,1.0,0.0
0x6d6a4b953f202f8df5bed40692e7fd865318264a,2024-12-17,7,7,2244.04603,7,0.983103,401.2685714285714,2808.88,0,7,2243.062927,1.0,0.0
0x6d6a4b953f202f8df5bed40692e7fd865318264a,2024-12-21,89,89,27649.187167,89,11.614553,372.85966292134833,33184.51,0,89,27637.572614,1.0,0.0
0x6d6a4b953f202f8df5bed40692e7fd865318264a,2025-01-11,33,0,0.0,0,0.12835807999999999,227.26757575757574,7499.83,33,0,-0.12835807999999999,,inf
0x6d6a4b953f202f8df5bed40692e7fd865318264a,2025-01-12,12,0,0.0,0,0.16975321,833.3333333333334,10000.0,12,0,-0.16975321,,inf
0x6d6a4b953f202f8df5bed40692e7fd865318264a,2025-01-13,23,0,0.0,0,0.2244543,543.5169565217391,12500.89,23,0,-0.2244543,,inf
0x6d6a4b953f202f8df5bed40692e7fd865318264a,2025-01-19,12,0,0.0,0,0.05935712,291.6675,3500.01,12,0,-0.05935712,,inf
0x6d6a4b953f202f8df5bed40692e7fd865318264a,2025-01-20,3,0,0.0,0,0.08311618,1666.64,4999.92,3,0,-0.08311618,,inf
0x6d6a4b953f202f8df5bed40692e7fd865318264a,2025-01-23,3,0,0.0,0,0.0062225200000000005,141.0,423.0,3,0,-0.0062225200000000005,,inf
0x6d6a4b953f202f8df5bed40692e7fd865318264a,2025-01-27,11,0,0.0,0,0.23187297,1272.7318181818182,14000.05,11,0,-0.23187297,,inf
0x6d6a4b953f202f8df5bed40692e7fd865318264a,2025-01-30,8,8,1643.602279,8,3.3403080000000003,1242.675,9941.4,0,8,1640.261971,1.0,0.0
0x6d6a4b953f202f8df5bed40692e7fd865318264a,2025-02-01,5,0,0.0,0,0.1274312,1987.6240000000003,9938.12,5,0,-0.1274312,,inf
0x6d6a4b953f202f8df5bed40692e7fd865318264a,2025-02-14,21,21,844.8168900000001,21,1.795024,254.39857142857142,5342.37,0,21,843.021866,1.0,0.0
0x6d6a4b953f202f8df5bed40692e7fd865318264a,2025-02-15,11,0,0.0,0,0.06949772,485.4918181818182,5340.41,11,0,-0.06949772,,inf
0x6d6a4b953f202f8df5bed40692e7fd865318264a,2025-03-26,18,2,413.304033,2,1.54725809,875.7783333333333,15764.01,16,2,411.75677491,1.0,8.0
0x6d6a4b953f202f8df5bed40692e7fd865318264a,2025-03-27,23,15,154.257092,15,2.30112336,550.3630434782609,12658.35,8,15,151.95596864,1.0,0.5333333333333333
0x6d6a4b953f202f8df5bed40692e7fd865318264a,2025-03-28,12,0,0.0,0,0.06741754,227.225,2726.7,12,0,-0.06741754,,inf
0x6d6a4b953f202f8df5bed40692e7fd865318264a,2025-03-29,7,0,0.0,0,0.02113366,221.41285714285712,1549.8899999999999,7,0,-0.02113366,,inf
0x6d6a4b953f202f8df5bed40692e7fd865318264a,2025-03-30,6,1,3.492534,1,0.27692968,276.01,1656.06,4,2,3.21560432,1.0,2.0
0x6d6a4b953f202f8df5bed40692e7fd865318264a,2025-03-31,1,0,0.0,0,0.00395464,149.99,149.99,1,0,-0.00395464,,inf
0x6d6a4b953f202f8df5bed40692e7fd865318264a,2025-04-01,14,4,132.71954399999998,4,8.474178,1954.3107142857145,27360.350000000002,4,10,124.24536599999999,1.0,0.4
0x6d6a4b953f202f8df5bed40692e7fd865318264a,2025-04-02,34,9,234.497751,9,10.156926,1120.655,38102.27,15,19,224.340825,1.0,0.7894736842105263
0x6d6a4b953f202f8df5bed40692e7fd865318264a,2025-04-03,20,5,298.031364,5,4.44771796,922.9384999999999,18458.769999999997,19,1,293.58364604,1.0,19.0
0x6d6a4b953f202f8df5bed40692e7fd865318264a,2025-04-04,60,9,392.35488599999996,9,7.347055961,626.296,37577.76,36,24,385.00783003899994,1.0,1.5
0x6d6a4b953f202f8df5bed40692e7fd865318264a,2025-04-05,17,12,41.479757,11,5.865414,1026.9088235294118,17457.45,12,5,35.614343,0.9166666666666666,2.4
0x6d6a4b953f202f8df5bed40692e7fd865318264a,2025-04-06,22,10,207.98348199999998,10,6.1563211185,1384.9813636363635,30469.59,20,2,201.8271608815,1.0,10.0
0x6d6a4b953f202f8df5bed40692e7fd865318264a,2025-04-07,51,9,232.000726,7,12.0379582839,990.5305882352941,50517.06,32,19,219.9627677161,0.7777777777777778,1.6842105263157894
0x6d6a4b953f202f8df5bed40692e7fd865318264a,2025-04-08,32,12,409.437344,12,14.054602,1307.165,41829.28,12,20,395.382742,1.0,0.6
0x6d6a4b953f202f8df5bed40692e7fd865318264a,2025-04-09,60,25,1395.820542,25,16.225930339,902.617,54157.02,13,47,1379.5946116609998,1.0,0.2765957446808511
0x6d6a4b953f202f8df5bed40692e7fd865318264a,2025-04-10,18,9,463.813132,9,9.670866,1599.0455555555554,28782.82,14,4,454.142266,1.0,3.5
0x6d6a4b953f202f8df5bed40692e7fd865318264a,2025-04-11,5,1,56.216535,1,3.630567,2161.054,10805.27,0,5,52.585968,1.0,0.0
0x6d6a4b953f202f8df5bed40692e7fd865318264a,2025-04-12,12,2,-89.1781,0,4.413168,1094.5383333333332,13134.46,2,10,-93.591268,0.0,0.2
0x6d6a4b953f202f8df5bed40692e7fd865318264a,2025-04-13,1,0,0.0,0,0.335812,999.44,999.44,0,1,-0.335812,,0.0
0x6d6a4b953f202f8df5bed40692e7fd865318264a,2025-04-14,5,1,73.7414,1,3.7205190000000004,2214.596,11072.98,2,3,70.020881,1.0,0.6666666666666666
0x6d6a4b953f202f8df5bed40692e7fd865318264a,2025-04-15,8,0,0.0,0,3.023861,1124.95125,8999.61,0,8,-3.023861,,0.0
0x6d6a4b953f202f8df5bed40692e7fd865318264a,2025-04-16,4,4,70.94968,4,0.664443,494.38,1977.52,4,0,70.285237,1.0,inf
0x6d6a4b953f202f8df5bed40692e7fd865318264a,2025-04-19,85,0,0.0,0,11.831706,414.2778823529412,35213.62,0,85,-11.831706,,0.0
0x6d6a4b953f202f8df5bed40692e7fd865318264a,2025-04-21,6,0,0.0,0,2.350774,1166.0616666666667,6996.37,0,6,-2.350774,,0.0
0x6d6a4b953f202f8df5bed40692e7fd865318264a,2025-04-22,10,0,0.0,0,3.359421,999.832,9998.32,0,10,-3.359421,,0.0
0x6d6a4b953f202f8df5bed40692e7fd865318264a,2025-04-23,18,0,0.0,0,3.191839,527.7555555555556,9499.6,0,18,-3.191839,,0.0
0x6d6a4b953f202f8df5bed40692e7fd865318264a,2025-04-24,20,13,168.69881,13,2.9682020000000002,441.69899999999996,8833.98,13,7,165.73060800000002,1.0,1.8571428571428572
0x6d6a4b953f202f8df5bed40692e7fd865318264a,2025-04-25,7,0,0.0,0,1.2598989999999999,535.6742857142857,3749.7200000000003,0,7,-1.2598989999999999,,0.0
0x6d6a4b953f202f8df5bed40692e7fd865318264a,2025-04-26,7,4,43.903059999999996,4,4.269011,1815.0585714285714,12705.41,4,3,39.634049,1.0,1.3333333333333333
0x72743ae2822edd658c0c50608fd7c5c501b2afbd,2024-12-17,98,0,0.0,0,181.119965,18481.63244897959,1811199.98,0,98,-181.119965,,0.0
0x72743ae2822edd658c0c50608fd7c5c501b2afbd,2024-12-22,104,104,327545.999992,104,148.364951,14265.865288461539,1483649.99,104,0,327397.635041,1.0,inf
0x72743ae2822edd658c0c50608fd7c5c501b2afbd,2025-01-04,141,0,0.0,0,163.134953,11569.857730496453,1631349.94,0,141,-163.134953,,0.0
0x72743ae2822edd658c0c50608fd7c5c501b2afbd,2025-01-08,48,48,122050.866984,48,184.19824599999998,31443.71166666667,1509298.1600000001,48,0,121866.668738,1.0,inf
0x72743ae2822edd658c0c50608fd7c5c501b2afbd,2025-02-28,77,0,0.0,0,12.04205396,1457.8809090909092,112256.83,19,58,-12.04205396,,0.3275862068965517
0x72743ae2822edd658c0c50608fd7c5c501b2afbd,2025-03-08,15,0,0.0,0,1.6909976199999999,2119.866666666667,31798.0,10,5,-1.6909976199999999,,2.0
0x72743ae2822edd658c0c50608fd7c5c501b2afbd,2025-03-09,90,0,0.0,0,6.66909734,1365.6884444444443,122911.95999999999,74,16,-6.66909734,,4.625
0x72743ae2822edd658c0c50608fd7c5c501b2afbd,2025-04-08,77,0,0.0,0,10.62996137,2481.818051948052,191099.99,37,40,-10.62996137,,0.925
0x72743ae2822edd658c0c50608fd7c5c501b2afbd,2025-04-09,355,312,33980.0,312,642.384777,8095.553154929577,2873921.37,43,312,33337.615223,1.0,0.13782051282051283
0x72743ae2822edd658c0c50608fd7c5c501b2afbd,2025-04-10,8,0,0.0,0,10.024317,12530.401249999999,100243.20999999999,0,8,-10.024317,,0.0
0x72743ae2822edd658c0c50608fd7c5c501b2afbd,2025-04-11,3,0,0.0,0,15.520228000000001,51734.1,155202.3,0,3,-15.520228000000001,,0.0
0x72743ae2822edd658c0c50608fd7c5c501b2afbd,2025-04-16,53,53,-14838.4,0,24.399981,4603.773962264151,244000.02,53,0,-14862.799981,0.0,inf
0x72743ae2822edd658c0c50608fd7c5c501b2afbd,2025-04-18,65,65,-42923.271911,50,58.525344000000004,8851.193692307692,575327.59,15,50,-42981.797255000005,0.7692307692307693,0.3
0x72743ae2822edd658c0c50608fd7c5c501b2afbd,2025-04-19,39,0,0.0,0,5.493336,1287.706923076923,50220.57,0,39,-5.493336,,0.0
0x72743ae2822edd658c0c50608fd7c5c501b2afbd,2025-04-20,38,38,-458.08035,0,5.067853,1333.6473684210525,50678.6,38,0,-463.148203,0.0,inf
0x72743ae2822edd658c0c50608fd7c5c501b2afbd,2025-04-22,79,0,0.0,0,10.599979000000001,1341.7722784810126,106000.01,79,0,-10.599979000000001,,inf
0x72743ae2822edd658c0c50608fd7c5c501b2afbd,2025-04-23,167,36,10148.4512,36,56.316286,1633.4878443113773,272792.47000000003,78,89,10092.134914,1.0,0.8764044943820225
0x72743ae2822edd658c0c50608fd7c5c501b2afbd,2025-04-24,111,59,-3500.0,0,9.749953,878.3780180180181,97499.96,0,111,-3509.749953,0.0,0.0
0x72743ae2822edd658c0c50608fd7c5c501b2afbd,2025-04-25,22,22,-2650.0,0,5.504987,2502.2713636363637,55049.97,0,22,-2655.504987,0.0,0.0
0x72c6a4624e1dffa724e6d00d64ceae698af892a0,2024-09-20,4,0,0.0,0,2.716968,7075.4425,28301.77,0,4,-2.716968,,0.0
0x72c6a4624e1dffa724e6d00d64ceae698af892a0,2024-09-24,1,0,0.0,0,0.586902,6113.57,6113.57,0,1,-0.586902,,0.0
0x72c6a4624e1dffa724e6d00d64ceae698af892a0,2024-09-25,3,0,0.0,0,0.264289,917.6733333333333,2753.02,0,3,-0.264289,,0.0
0x72c6a4624e1dffa724e6d00d64ceae698af892a0,2024-09-26,5,0,0.0,0,3.19406,6654.302000000001,33271.51,0,5,-3.19406,,0.0
0x72c6a4624e1dffa724e6d00d64ceae698af892a0,2024-09-27,46,0,0.0,0,2.506004,567.4939130434783,26104.72,0,46,-2.506004,,0.0
0x72c6a4624e1dffa724e6d00d64ceae698af892a0,2024-09-28,4,0,0.0,0,2.8031200000000003,7299.8025,29199.21,0,4,-2.8031200000000003,,0.0
0x72c6a4624e1dffa724e6d00d64ceae698af892a0,2024-09-30,96,0,0.0,0,3.589268,389.4682291666666,37388.95,0,96,-3.589268,,0.0
0x72c6a4624e1dffa724e6d00d64ceae698af892a0,2024-10-25,5,5,8692.0,5,2.236411,4659.2,23296.0,5,0,8689.763589,1.0,inf
0x72c6a4624e1dffa724e6d00d64ceae698af892a0,2024-10-26,6,6,42471.99413,6,8.512204,14778.143333333333,88668.86,6,0,42463.481926,1.0,inf
0x72c6a4624e1dffa724e6d00d64ceae698af892a0,2024-11-29,1,1,573.585288,1,0.055063,573.59,573.59,0,1,573.530225,1.0,0.0
0x72c6a4624e1dffa724e6d00d64ceae698af892a0,2024-12-12,17,0,0.0,0,2.280519,1397.385294117647,23755.55,0,17,-2.280519,,0.0
0x72c6a4624e1dffa724e6d00d64ceae698af892a0,2024-12-13,30,0,0.0,0,8.501389,2951.8799999999997,88556.4,0,30,-8.501389,,0.0
0x72c6a4624e1dffa724e6d00d64ceae698af892a0,2024-12-14,43,0,0.0,0,8.430394,2042.2541860465114,87816.93,0,43,-8.430394,,0.0
0x72c6a4624e1dffa724e6d00d64ceae698af892a0,2024-12-15,8,0,0.0,0,2.1599950000000003,2812.5,22500.0,0,8,-2.1599950000000003,,0.0
0x72c6a4624e1dffa724e6d00d64ceae698af892a0,2024-12-16,41,0,0.0,0,6.147281,1561.8182926829268,64034.549999999996,0,41,-6.147281,,0.0
0x72c6a4624e1dffa724e6d00d64ceae698af892a0,2024-12-17,14,0,0.0,0,4.233596,3150.0064285714284,44100.09,0,14,-4.233596,,0.0
0x72c6a4624e1dffa724e6d00d64ceae698af892a0,2024-12-18,31,0,0.0,0,9.542376,3206.451290322581,99399.99,0,31,-9.542376,,0.0
0x72c6a4624e1dffa724e6d00d64ceae698af892a0,2024-12-19,1,0,0.0,0,2.38848,24880.0,24880.0,0,1,-2.38848,,0.0
0x72c6a4624e1dffa724e6d00d64ceae698af892a0,2024-12-20,28,0,0.0,0,11.07761,4121.142857142857,115392.0,0,28,-11.07761,,0.0
0x72c6a4624e1dffa724e6d00d64ceae698af892a0,2024-12-23,35,0,0.0,0,11.498103,3422.0648571428574,119772.27,0,35,-11.498103,,0.0
0x72c6a4624e1dffa724e6d00d64ceae698af892a0,2024-12-25,1,0,0.0,0,2.752992,28677.0,28677.0,0,1,-2.752992,,0.0
0x72c6a4624e1dffa724e6d00d64ceae698af892a0,2024-12-27,6,0,0.0,0,5.443196,9450.001666666667,56700.01,0,6,-5.443196,,0.0
0x72c6a4624e1dffa724e6d00d64ceae698af892a0,2024-12-28,34,0,0.0,0,7.8546689999999995,2406.462941176471,81819.74,0,34,-7.8546689999999995,,0.0
0x72c6a4624e1dffa724e6d00d64ceae698af892a0,2024-12-29,14,0,0.0,0,6.728418,5006.2699999999995,70087.78,0,14,-6.728418,,0.0
0x72c6a4624e1dffa724e6d00d64ceae698af892a0,2024-12-30,15,0,0.0,0,3.444814,2392.239333333333,35883.59,0,15,-3.444814,,0.0
0x72c6a4624e1dffa724e6d00d64ceae698af892a0,2025-01-02,3,0,0.0,0,2.5615259999999997,8894.193333333335,26682.58,0,3,-2.5615259999999997,,0.0
0x72c6a4624e1dffa724e6d00d64ceae698af892a0,2025-01-03,6,0,0.0,0,3.493867,6065.75,36394.5,0,6,-3.493867,,0.0
0x72c6a4624e1dffa724e6d00d64ceae698af892a0,2025-01-04,1,0,0.0,0,0.204379,2128.95,2128.95,0,1,-0.204379,,0.0
0x72c6a4624e1dffa724e6d00d64ceae698af892a0,2025-01-05,8,0,0.0,0,2.199305,2863.6875,22909.5,0,8,-2.199305,,0.0
0x72c6a4624e1dffa724e6d00d64ceae698af892a0,2025-01-06,25,0,0.0,0,6.986013,2910.8484000000003,72771.21,0,25,-6.986013,,0.0
0x72c6a4624e1dffa724e6d00d64ceae698af892a0,2025-01-09,1,1,10647.977,1,3.702142,38563.98,38563.98,1,0,10644.274858,1.0,inf
0x72c6a4624e1dffa724e6d00d64ceae698af892a0,2025-01-24,2,0,0.0,0,0.018815909999999998,2258.9,4517.8,2,0,-0.018815909999999998,,inf
0x72c6a4624e1dffa724e6d00d64ceae698af892a0,2025-01-25,14,0,0.0,0,0.23434225,3981.5714285714284,55742.0,14,0,-0.23434225,,inf
0x72c6a4624e1dffa724e6d00d64ceae698af892a0,2025-01-26,55,16,262.95,16,8.828095,1671.9961818181819,91959.79000000001,16,39,254.121905,1.0,0.41025641025641024
0x72c6a4624e1dffa724e6d00d64ceae698af892a0,2025-01-27,1,0,0.0,0,1.0848,11300.0,11300.0,0,1,-1.0848,,0.0
0x72c6a4624e1dffa724e6d00d64ceae698af892a0,2025-01-28,70,38,1474.79,38,10.888123,1620.264857142857,113418.54,38,32,1463.901877,1.0,1.1875
0x72c6a4624e1dffa724e6d00d64ceae698af892a0,2025-02-02,37,0,0.0,0,2.973523,837.1502702702703,30974.56,0,37,-2.973523,,0.0
0x72c6a4624e1dffa724e6d00d64ceae698af892a0,2025-02-04,1,0,0.0,0,1.44,15000.0,15000.0,0,1,-1.44,,0.0
0x72c6a4624e1dffa724e6d00d64ceae698af892a0,2025-02-07,54,0,0.0,0,4.006744,772.9157407407408,41737.450000000004,25,29,-4.006744,,0.8620689655172413
0x72c6a4624e1dffa724e6d00d64ceae698af892a0,2025-02-10,24,0,0.0,0,5.082878,2206.1225,52946.94,0,24,-5.082878,,0.0
0x72c6a4624e1dffa724e6d00d64ceae698af892a0,2025-02-14,5,0,0.0,0,1.468272,3058.91,15294.55,1,4,-1.468272,,0.25
0x72c6a4624e1dffa724e6d00d64ceae698af892a0,2025-02-15,7,0,0.0,0,1.094397,1628.5714285714287,11400.0,7,0,-1.094397,,inf
0x72c6a4624e1dffa724e6d00d64ceae698af892a0,2025-02-16,6,0,0.0,0,0.950397,1650.0,9900.0,6,0,-0.950397,,inf
0x72c6a4624e1dffa724e6d00d64ceae698af892a0,2025-02-18,9,0,0.0,0,0.605851,701.2211111111111,6310.99,9,0,-0.605851,,inf
0x72c6a4624e1dffa724e6d00d64ceae698af892a0,2025-02-21,18,0,0.0,0,0.646828,374.33,6737.94,0,18,-0.646828,,0.0
0x72c6a4624e1dffa724e6d00d64ceae698af892a0,2025-02-22,14,0,0.0,0,1.39519,1038.095,14533.33,13,1,-1.39519,,13.0
0x72c6a4624e1dffa724e6d00d64ceae698af892a0,2025-02-25,137,136,81776.7151,136,25.515211,1940.033503649635,265784.58999999997,137,0,81751.199889,1.0,inf
0x72c6a4624e1dffa724e6d00d64ceae698af892a0,2025-02-26,1,1,8230.0,1,2.27616,23710.0,23710.0,1,0,8227.72384,1.0,inf
0x72c6a4624e1dffa724e6d00d64ceae698af892a0,2025-02-27,13,13,8517.7655,13,2.569862,2059.193846153846,26769.52,13,0,8515.195638,1.0,inf
0x72c6a4624e1dffa724e6d00d64ceae698af892a0,2025-02-28,3,2,15700.5,2,2.835787,7567.57,22702.71,3,0,15697.664213,1.0,inf
0x72c6a4624e1dffa724e6d00d64ceae698af892a0,2025-03-01,14,0,0.0,0,1.06357,791.3578571428571,11079.01,10,4,-1.06357,,2.5
0x72c6a4624e1dffa724e6d00d64ceae698af892a0,2025-03-02,25,25,10915.212,25,3.278486,1366.0404,34151.01,25,0,10911.933514,1.0,inf
0x72c6a4624e1dffa724e6d00d64ceae698af892a0,2025-03-03,16,10,17247.427499999998,10,5.8129919999999995,3784.509375,60552.15,16,0,17241.614508,1.0,inf
0x72c6a4624e1dffa724e6d00d64ceae698af892a0,2025-03-04,155,154,169132.29611,77,45.087396,3030.0763225806454,469661.83,155,0,169087.208714,0.5,inf
0x72c6a4624e1dffa724e6d00d64ceae698af892a0,2025-03-07,10,0,0.0,0,0.476632,496.50100000000003,4965.01,10,0,-0.476632,,inf
0x72c6a4624e1dffa724e6d00d64ceae698af892a0,2025-03-08,7,0,0.0,0,0.322746,480.2857142857143,3362.0,7,0,-0.322746,,inf
0x72c6a4624e1dffa724e6d00d64ceae698af892a0,2025-03-09,21,0,0.0,0,0.46947500000000003,232.88047619047617,4890.49,19,2,-0.46947500000000003,,9.5
0x72c6a4624e1dffa724e6d00d64ceae698af892a0,2025-03-10,35,17,-2680.0,0,2.28098,678.8711428571429,23760.49,6,29,-2682.28098,0.0,0.20689655172413793
0x72c6a4624e1dffa724e6d00d64ceae698af892a0,2025-03-15,1,0,0.0,0,0.568848,5925.5,5925.5,0,1,-0.568848,,0.0
0x72c6a4624e1dffa724e6d00d64ceae698af892a0,2025-04-12,12,9,-3546.9,0,3.799278,1581.1591666666666,18973.91,0,12,-3550.699278,0.0,0.0
0x72c6a4624e1dffa724e6d00d64ceae698af892a0,2025-04-13,5,5,-4526.698469,0,0.9791970000000001,2040.0,10200.0,0,5,-4527.677666,0.0,0.0
0x72c6a4624e1dffa724e6d00d64ceae698af892a0,2025-04-14,3,3,7848.0,3,0.7706379999999999,2675.8333333333335,8027.5,3,0,7847.229362,1.0,inf
0x72c6a4624e1dffa724e6d00d64ceae698af892a0,2025-04-15,6,6,6335.6,6,0.8317760000000001,1444.0666666666666,8664.4,6,0,6334.768224,1.0,inf
0x72c6a4624e1dffa724e6d00d64ceae698af892a0,2025-04-16,44,44,14609.800000000001,44,3.4847770000000002,825.0,36300.0,31,13,14606.315223000001,1.0,2.3846153846153846
0x72c6a4624e1dffa724e6d00d64ceae698af892a0,2025-04-20,55,55,18374.63,47,5.994203,1135.2727272727273,62440.0,47,8,18368.635797000003,0.8545454545454545,5.875
0x72c6a4624e1dffa724e6d00d64ceae698af892a0,2025-04-21,17,17,-9046.14,7,2.7794250000000003,1703.0882352941176,28952.5,7,10,-9048.919425,0.4117647058823529,0.7
0x75f7eeb85dc639d5e99c78f95393aa9a5f1170d4,2024-01-19,9,4,-0.20400000000000001,1,0.366427,169.64555555555555,1526.81,4,5,-0.570427,0.25,0.8
0x75f7eeb85dc639d5e99c78f95393aa9a5f1170d4,2024-01-22,48,26,1166.248788,14,4.11975,1125.4704166666668,54022.58,28,20,1162.129038,0.5384615384615384,1.4
0x75f7eeb85dc639d5e99c78f95393aa9a5f1170d4,2024-01-26,2,1,90.2,1,-0.185116,4627.9,9255.8,1,1,90.385116,1.0,1.0
0x75f7eeb85dc639d5e99c78f95393aa9a5f1170d4,2024-01-29,2,1,1.71544,1,0.227798,1034.4299999999998,2068.8599999999997,1,1,1.4876420000000001,1.0,1.0
0x75f7eeb85dc639d5e99c78f95393aa9a5f1170d4,2024-02-14,88,80,3639.3031690000003,79,10.742176,2478.8488636363636,218138.7,27,61,3628.560993,0.9875,0.4426229508196721
0x75f7eeb85dc639d5e99c78f95393aa9a5f1170d4,2024-02-15,52,49,1024.70728,49,3.518759,1469.9592307692308,76437.88,49,3,1021.188521,1.0,16.333333333333332
0x75f7eeb85dc639d5e99c78f95393aa9a5f1170d4,2024-02-16,170,146,5491.768834,146,2.2395110000000007,2730.2580588235296,464143.87,105,65,5489.529323000001,1.0,1.6153846153846154
0x75f7eeb85dc639d5e99c78f95393aa9a5f1170d4,2024-02-17,64,54,1670.012358,54,11.317838,3161.86234375,202359.19,25,39,1658.69452,1.0,0.6410256410256411
0x75f7eeb85dc639d5e99c78f95393aa9a5f1170d4,2024-02-18,97,68,477.6248299999999,61,-3.140925,1619.0532989690723,157048.17,38,59,480.7657549999999,0.8970588235294118,0.6440677966101694
0x75f7eeb85dc639d5e99c78f95393aa9a5f1170d4,2024-02-19,95,76,4325.827543,76,2.351851,2488.1485263157892,236374.11,38,57,4323.475692,1.0,0.6666666666666666
0x75f7eeb85dc639d5e99c78f95393aa9a5f1170d4,2024-02-20,35,28,3053.31353,27,2.646102,3363.1262857142856,117709.42,13,22,3050.6674279999997,0.9642857142857143,0.5909090909090909
0x75f7eeb85dc639d5e99c78f95393aa9a5f1170d4,2024-02-21,21,15,1858.7985700000002,15,0.4692299999999999,4668.662857142857,98041.92,6,15,1858.3293400000002,1.0,0.4
0x75f7eeb85dc639d5e99c78f95393aa9a5f1170d4,2024-02-22,86,54,3894.1050699999996,40,24.20242,4279.456162790698,368033.23,33,53,3869.9026499999995,0.7407407407407407,0.6226415094339622
0x75f7eeb85dc639d5e99c78f95393aa9a5f1170d4,2024-02-23,143,138,1418.55293,137,-2.067069,776.966013986014,111106.14,131,12,1420.619999,0.9927536231884058,10.916666666666666
0x75f7eeb85dc639d5e99c78f95393aa9a5f1170d4,2024-02-25,5,2,-30.7705,0,-0.0896,896.0260000000001,4480.13,2,3,-30.680899999999998,0.0,0.6666666666666666
0x75f7eeb85dc639d5e99c78f95393aa9a5f1170d4,2024-02-26,37,34,4416.8473,34,-0.08772699999999982,5180.734324324325,191687.17,27,10,4416.935027,1.0,2.7
0x75f7eeb85dc639d5e99c78f95393aa9a5f1170d4,2024-02-27,55,35,312.130593,19,-4.135694,3759.7450909090912,206785.98,33,22,316.266287,0.5428571428571428,1.5
0x75f7eeb85dc639d5e99c78f95393aa9a5f1170d4,2024-02-28,45,39,2503.747235,39,-1.377152,3802.380666666667,171107.13,31,14,2505.124387,1.0,2.2142857142857144
0x75f7eeb85dc639d5e99c78f95393aa9a5f1170d4,2024-02-29,109,97,8493.192736,97,-4.847684,3402.198532110092,370839.64,60,49,8498.040420000001,1.0,1.2244897959183674
0x75f7eeb85dc639d5e99c78f95393aa9a5f1170d4,2024-03-01,137,128,8244.241409,128,-0.546854,3452.370072992701,472974.7,37,100,8244.788263,1.0,0.37
0x75f7eeb85dc639d5e99c78f95393aa9a5f1170d4,2024-03-02,24,21,1674.715167,21,-1.205066,2510.5745833333335,60253.79,21,3,1675.920233,1.0,7.0
0x75f7eeb85dc639d5e99c78f95393aa9a5f1170d4,2024-03-03,79,54,8361.086245,54,-2.507103,4946.1478481012655,390745.68,36,43,8363.593348,1.0,0.8372093023255814
0x75f7eeb85dc639d5e99c78f95393aa9a5f1170d4,2024-03-04,287,257,26773.771643,253,-1.503619,5485.087665505226,1574220.16,161,126,26775.275262,0.9844357976653697,1.2777777777777777
0x75f7eeb85dc639d5e99c78f95393aa9a5f1170d4,2024-03-05,180,163,19791.026041,163,-4.438459,4676.724,841810.32,55,125,19795.464500000002,1.0,0.44
0x75f7eeb85dc639d5e99c78f95393aa9a5f1170d4,2024-03-06,82,72,6814.825139,72,-3.355318,3990.4636585365856,327218.02,49,33,6818.1804569999995,1.0,1.4848484848484849
0x75f7eeb85dc639d5e99c78f95393aa9a5f1170d4,2024-03-08,67,59,4271.886236,59,-3.6716290000000003,2740.047462686567,183583.18,19,48,4275.557865000001,1.0,0.3958333333333333
0x75f7eeb85dc639d5e99c78f95393aa9a5f1170d4,2024-03-09,117,107,9949.501624,97,1.8517640000000002,5625.459401709401,658178.75,83,34,9947.649860000001,0.9065420560747663,2.4411764705882355
0x75f7eeb85dc639d5e99c78f95393aa9a5f1170d4,2024-03-10,42,38,2482.9272,29,2.281072,5237.472619047619,219973.85,38,4,2480.646128,0.7631578947368421,9.5
0x75f7eeb85dc639d5e99c78f95393aa9a5f1170d4,2024-03-11,42,39,3588.179495,39,8.47289,4202.844047619047,176519.44999999998,12,30,3579.706605,1.0,0.4
0x75f7eeb85dc639d5e99c78f95393aa9a5f1170d4,2024-03-12,8,7,3039.166,7,4.945953,12880.10625,103040.85,1,7,3034.2200470000002,1.0,0.14285714285714285
0x75f7eeb85dc639d5e99c78f95393aa9a5f1170d4,2024-03-14,17,15,3400.385378,15,9.593594,11756.876470588235,199866.9,2,15,3390.791784,1.0,0.13333333333333333
0x75f7eeb85dc639d5e99c78f95393aa9a5f1170d4,2024-03-15,35,32,5509.2545,32,13.697647,7132.707714285714,249644.77,13,22,5495.556853,1.0,0.5909090909090909
0x75f7eeb85dc639d5e99c78f95393aa9a5f1170d4,2024-03-17,7,6,73.61088,6,0.665249,705.8557142857143,4940.99,6,1,72.94563099999999,1.0,6.0
0x75f7eeb85dc639d5e99c78f95393aa9a5f1170d4,2024-03-18,6,5,1244.6384,5,11.217557,8540.285,51241.71,1,5,1233.420843,1.0,0.2
0x75f7eeb85dc639d5e99c78f95393aa9a5f1170d4,2024-03-19,10,5,842.799493,5,17.37493,18098.891,180988.91,5,5,825.424563,1.0,1.0
0x75f7eeb85dc639d5e99c78f95393aa9a5f1170d4,2024-03-20,59,56,2593.147623,56,16.783601,2446.8210169491526,144362.44,23,36,2576.3640219999997,1.0,0.6388888888888888
0x75f7eeb85dc639d5e99c78f95393aa9a5f1170d4,2024-03-21,23,22,2097.182,22,9.399167,4256.877391304348,97908.18,22,1,2087.7828329999998,1.0,22.0
0x75f7eeb85dc639d5e99c78f95393aa9a5f1170d4,2024-03-24,19,15,1297.018477,15,8.888837,4873.274210526315,92592.20999999999,15,4,1288.12964,1.0,3.75
0x75f7eeb85dc639d5e99c78f95393aa9a5f1170d4,2024-03-26,111,109,3195.3074,109,19.752188999999998,1572.7824324324324,174578.85,2,109,3175.5552110000003,1.0,0.01834862385321101
0x75f7eeb85dc639d5e99c78f95393aa9a5f1170d4,2024-03-27,11,7,-38.78086,0,1.244826,1163.5172727272727,12798.689999999999,7,4,-40.025686,0.0,1.75
0x75f7eeb85dc639d5e99c78f95393aa9a5f1170d4,2024-03-28,10,9,227.85100799999998,9,2.054369,1530.983,15309.83,9,1,225.79663899999997,1.0,9.0
0x75f7eeb85dc639d5e99c78f95393aa9a5f1170d4,2024-03-30,45,44,1100.57514,44,9.939454,2246.753777777778,101103.92,1,44,1090.6356859999999,1.0,0.022727272727272728
0x75f7eeb85dc639d5e99c78f95393aa9a5f1170d4,2024-04-01,48,41,2507.122467,40,36.505066,4260.021458333334,204481.03,7,41,2470.617401,0.975609756097561,0.17073170731707318
0x75f7eeb85dc639d5e99c78f95393aa9a5f1170d4,2024-04-03,2,1,126.7884,1,0.6612359999999999,3443.955,6887.91,1,1,126.127164,1.0,1.0
0x75f7eeb85dc639d5e99c78f95393aa9a5f1170d4,2024-04-05,82,75,5296.433789,75,33.956321,3723.111585365854,305295.15,7,75,5262.477468,1.0,0.09333333333333334
0x75f7eeb85dc639d5e99c78f95393aa9a5f1170d4,2024-04-08,2,1,1218.4267,1,4.682328,24387.135,48774.27,1,1,1213.7443719999999,1.0,1.0
0x75f7eeb85dc639d5e99c78f95393aa9a5f1170d4,2024-04-12,93,86,2237.798674,71,34.478052,2815.611935483871,261851.91,7,86,2203.320622,0.8255813953488372,0.08139534883720931
0x75f7eeb85dc639d5e99c78f95393aa9a5f1170d4,2024-04-13,71,61,6621.451755,61,64.333138,4651.021830985916,330222.55,28,43,6557.118617,1.0,0.6511627906976745
0x75f7eeb85dc639d5e99c78f95393aa9a5f1170d4,2024-04-14,43,33,461.97292000000004,30,7.409347,1637.1216279069768,70396.23,23,20,454.563573,0.9090909090909091,1.15
0x75f7eeb85dc639d5e99c78f95393aa9a5f1170d4,2024-04-15,38,35,3774.08872,35,23.145723,6344.664210526315,241097.24,15,23,3750.942997,1.0,0.6521739130434783
0x75f7eeb85dc639d5e99c78f95393aa9a5f1170d4,2024-04-16,46,43,2467.702221,43,18.427083,3952.523695652174,181816.09,31,15,2449.275138,1.0,2.066666666666667
0x75f7eeb85dc639d5e99c78f95393aa9a5f1170d4,2024-04-17,14,13,2441.4683999999997,13,10.620963,6968.785000000001,97562.99,13,1,2430.847437,1.0,13.0
0x75f7eeb85dc639d5e99c78f95393aa9a5f1170d4,2024-04-23,12,4,360.32138,4,3.878045,3366.369166666667,40396.43,2,10,356.443335,1.0,0.2
0x75f7eeb85dc639d5e99c78f95393aa9a5f1170d4,2024-05-03,7,3,-13.844579999999999,1,0.087448,47.215714285714284,330.51,3,4,-13.932027999999999,0.3333333333333333,0.75
0x75f7eeb85dc639d5e99c78f95393aa9a5f1170d4,2024-05-05,2,1,0.916,1,0.017665,41.15,82.3,1,1,0.898335,1.0,1.0
0x75f7eeb85dc639d5e99c78f95393aa9a5f1170d4,2024-05-07,1,0,0.0,0,0.004568,47.59,47.59,0,1,-0.004568,,0.0
0x75f7eeb85dc639d5e99c78f95393aa9a5f1170d4,2024-05-08,3,2,1.56576,1,0.034866,46.46,139.38,2,1,1.530894,0.5,2.0
0x75f7eeb85dc639d5e99c78f95393aa9a5f1170d4,2024-05-23,1,0,0.0,0,0.003549,10.56,10.56,0,1,-0.003549,,0.0
0x75f7eeb85dc639d5e99c78f95393aa9a5f1170d4,2024-06-13,1,1,-1.40304,0,0.00402,11.97,11.97,1,0,-1.40706,0.0,inf
0x75f7eeb85dc639d5e99c78f95393aa9a5f1170d4,2024-12-09,7,3,0.01574,3,0.039342,16.731428571428573,117.12,3,4,-0.023602,1.0,0.75
0x75f7eeb85dc639d5e99c78f95393aa9a5f1170d4,2024-12-10,153,147,3634.56814,147,29.384128,1401.238888888889,214389.55000000002,40,113,3605.1840119999997,1.0,0.35398230088495575
0x75f7eeb85dc639d5e99c78f95393aa9a5f1170d4,2024-12-11,23,11,1567.4026840000001,8,25.752448,7024.881304347826,161572.27,12,11,1541.6502360000002,0.7272727272727273,1.0909090909090908
0x75f7eeb85dc639d5e99c78f95393aa9a5f1170d4,2024-12-12,52,29,323.34897900000016,4,31.148417,3563.27,185290.04,29,23,292.20056200000016,0.13793103448275862,1.2608695652173914
0x75f7eeb85dc639d5e99c78f95393aa9a5f1170d4,2024-12-13,26,25,8276.625256,25,19.661017,4533.178461538461,117862.64,8,18,8256.964238999999,1.0,0.4444444444444444
0x75f7eeb85dc639d5e99c78f95393aa9a5f1170d4,2024-12-14,36,11,-33.03286,1,5.763223,1667.6102777777778,60033.97,11,25,-38.796082999999996,0.09090909090909091,0.44
0x75f7eeb85dc639d5e99c78f95393aa9a5f1170d4,2024-12-15,14,13,126.32543000000001,13,0.849321,469.7357142857143,6576.3,1,13,125.47610900000001,1.0,0.07692307692307693
0x75f7eeb85dc639d5e99c78f95393aa9a5f1170d4,2024-12-16,10,8,758.93225,4,4.878869,5082.063,50820.630000000005,5,5,754.053381,0.5,1.0
0x75f7eeb85dc639d5e99c78f95393aa9a5f1170d4,2024-12-17,67,64,3146.294798,64,16.281381,1978.6264179104478,132567.97,38,29,3130.013417,1.0,1.3103448275862069
0x75f7eeb85dc639d5e99c78f95393aa9a5f1170d4,2024-12-18,115,110,2507.193252,109,16.79201892,1492.9519130434783,171689.47,100,15,2490.40123308,0.990909090909091,6.666666666666667
0x75f7eeb85dc639d5e99c78f95393aa9a5f1170d4,2024-12-19,235,214,13027.2866,205,103.51397576,2927.3372765957447,687924.26,42,193,12923.772624239999,0.9579439252336449,0.21761658031088082
0x75f7eeb85dc639d5e99c78f95393aa9a5f1170d4,2024-12-20,219,204,3509.273443,197,30.702335,1042.2276712328767,228247.86000000002,202,17,3478.571108,0.9656862745098039,11.882352941176471
0x75f7eeb85dc639d5e99c78f95393aa9a5f1170d4,2024-12-21,8,4,24.404600000000002,4,1.435247,1607.23625,12857.89,4,4,22.969353,1.0,1.0
0x75f7eeb85dc639d5e99c78f95393aa9a5f1170d4,2024-12-23,51,50,657.693565,50,6.704633,1163.6007843137254,59343.64,50,1,650.9889320000001,1.0,50.0
0x75f7eeb85dc639d5e99c78f95393aa9a5f1170d4,2025-01-02,53,50,3429.9583199999997,50,25.233412,3870.1449056603774,205117.68,17,36,3404.7249079999997,1.0,0.4722222222222222
0x75f7eeb85dc639d5e99c78f95393aa9a5f1170d4,2025-01-07,232,221,11206.706221,221,74.525164,2729.2947413793104,633196.38,219,13,11132.181057,1.0,16.846153846153847
0x75f7eeb85dc639d5e99c78f95393aa9a5f1170d4,2025-01-08,49,45,3710.36178,45,24.977222,4625.799183673469,226664.16,27,22,3685.384558,1.0,1.2272727272727273
0x75f7eeb85dc639d5e99c78f95393aa9a5f1170d4,2025-01-13,50,47,3944.7294389999997,47,44.465579,4342.4238000000005,217121.19,3,47,3900.2638599999996,1.0,0.06382978723404255
0x75f7eeb85dc639d5e99c78f95393aa9a5f1170d4,2025-01-14,9,4,104.68064,4,4.980566,4696.798888888889,42271.19,4,5,99.700074,1.0,0.8
0x75f7eeb85dc639d5e99c78f95393aa9a5f1170d4,2025-01-18,33,23,-3249.381438,7,29.149313,7728.827272727272,255051.3,23,10,-3278.530751,0.30434782608695654,2.3
0x75f7eeb85dc639d5e99c78f95393aa9a5f1170d4,2025-01-20,409,395,16210.341667,395,104.420046,1671.0059413202935,683441.43,190,219,16105.921621000001,1.0,0.867579908675799
0x75f7eeb85dc639d5e99c78f95393aa9a5f1170d4,2025-01-22,35,34,548.62199,34,12.473436,2301.3917142857144,80548.71,1,34,536.148554,1.0,0.029411764705882353
0x75f7eeb85dc639d5e99c78f95393aa9a5f1170d4,2025-01-24,137,129,3540.716915,129,21.102389,1282.6185401459854,175718.74,53,84,3519.614526,1.0,0.6309523809523809
0x75f7eeb85dc639d5e99c78f95393aa9a5f1170d4,2025-01-27,128,122,2582.715893,122,37.181053,1981.91671875,253685.34,99,29,2545.5348400000003,1.0,3.413793103448276
0x75f7eeb85dc639d5e99c78f95393aa9a5f1170d4,2025-01-28,37,34,1150.332823,34,12.812707,3275.1991891891894,121182.37000000001,3,34,1137.520116,1.0,0.08823529411764706
0x75f7eeb85dc639d5e99c78f95393aa9a5f1170d4,2025-01-29,36,28,45.381082,28,7.354436,1330.8616666666667,47911.02,8,28,38.026646,1.0,0.2857142857142857
0x75f7eeb85dc639d5e99c78f95393aa9a5f1170d4,2025-01-30,134,110,5049.257348,110,37.265119999999996,2169.4271641791042,290703.24,62,72,5011.992228,1.0,0.8611111111111112
0x75f7eeb85dc639d5e99c78f95393aa9a5f1170d4,2025-01-31,172,152,6216.099195999999,120,45.998861,2295.991569767442,394910.55,92,80,6170.100334999999,0.7894736842105263,1.15
0x75f7eeb85dc639d5e99c78f95393aa9a5f1170d4,2025-02-01,148,115,9609.447365,114,97.74337,4026.3325675675674,595897.22,114,34,9511.703995,0.991304347826087,3.3529411764705883
0x75f7eeb85dc639d5e99c78f95393aa9a5f1170d4,2025-02-03,351,330,14982.681725,263,164.396728,2940.937606837607,1032269.1,100,251,14818.284997,0.796969696969697,0.398406374501992
0x75f7eeb85dc639d5e99c78f95393aa9a5f1170d4,2025-02-04,76,74,1985.815595,74,16.000068,1605.050657894737,121983.85,2,74,1969.815527,1.0,0.02702702702702703
0x75f7eeb85dc639d5e99c78f95393aa9a5f1170d4,2025-02-05,20,15,14.590934,15,4.417903,2107.2529999999997,42145.06,5,15,10.173031000000002,1.0,0.3333333333333333
0x75f7eeb85dc639d5e99c78f95393aa9a5f1170d4,2025-02-06,73,37,2055.538866,20,104.103473,4675.59698630137,341318.58,40,33,1951.435393,0.5405405405405406,1.2121212121212122
0x75f7eeb85dc639d5e99c78f95393aa9a5f1170d4,2025-02-07,58,51,2648.450789,41,25.810961,3997.0581034482757,231829.37,6,52,2622.639828,0.803921568627451,0.11538461538461539
0x75f7eeb85dc639d5e99c78f95393aa9a5f1170d4,2025-02-08,2,1,235.47104,1,1.3213940000000002,6882.275,13764.55,1,1,234.149646,1.0,1.0
0x75f7eeb85dc639d5e99c78f95393aa9a5f1170d4,2025-02-09,71,66,627.556755,66,11.969258,1530.2932394366196,108650.81999999999,66,5,615.587497,1.0,13.2
0x75f7eeb85dc639d5e99c78f95393aa9a5f1170d4,2025-02-10,58,35,990.674468,35,21.181347,2647.6505172413795,153563.73,24,34,969.4931210000001,1.0,0.7058823529411765
0x75f7eeb85dc639d5e99c78f95393aa9a5f1170d4,2025-02-11,5,3,1053.5230999999999,3,3.54597,7386.992,36934.96,2,3,1049.97713,1.0,0.6666666666666666
0x75f7eeb85dc639d5e99c78f95393aa9a5f1170d4,2025-02-12,118,100,-22303.603584,28,56.602002,2953.0322881355933,348457.81,31,87,-22360.205586,0.28,0.3563218390804598
0x75f7eeb85dc639d5e99c78f95393aa9a5f1170d4,2025-02-13,101,84,2390.12335,84,16.026525,1278.79198019802,129157.99,84,17,2374.0968249999996,1.0,4.9411764705882355
0x75f7eeb85dc639d5e99c78f95393aa9a5f1170d4,2025-02-15,28,19,462.740727,19,16.740029,3875.14,108503.92,9,19,446.000698,1.0,0.47368421052631576
0x75f7eeb85dc639d5e99c78f95393aa9a5f1170d4,2025-02-16,5,1,14.54605,1,0.370271,341.232,1706.16,4,1,14.175778999999999,1.0,4.0
0x75f7eeb85dc639d5e99c78f95393aa9a5f1170d4,2025-02-18,131,127,3112.721339,106,48.073629,2398.0035877862597,314138.47000000003,18,113,3064.64771,0.8346456692913385,0.1592920353982301
0x75f7eeb85dc639d5e99c78f95393aa9a5f1170d4,2025-02-19,221,208,770.462266,154,61.884528,1613.0980995475113,356494.68,204,17,708.577738,0.7403846153846154,12.0
0x75f7eeb85dc639d5e99c78f95393aa9a5f1170d4,2025-02-20,69,65,1727.154021,65,20.246741,2101.7873913043477,145023.33,52,17,1706.9072800000001,1.0,3.0588235294117645
0x75f7eeb85dc639d5e99c78f95393aa9a5f1170d4,2025-02-21,188,149,2720.828056,121,41.777771,1504.8432978723404,282910.54,61,127,2679.050285,0.8120805369127517,0.48031496062992124
0x75f7eeb85dc639d5e99c78f95393aa9a5f1170d4,2025-02-22,121,82,1437.17482,80,34.126202,2194.715289256198,265560.55,41,80,1403.048618,0.975609756097561,0.5125
0x75f7eeb85dc639d5e99c78f95393aa9a5f1170d4,2025-02-23,125,99,1001.2053860000001,98,31.916074000000002,2364.3752000000004,295546.9,26,99,969.2893120000001,0.98989898989899,0.26262626262626265
0x75f7eeb85dc639d5e99c78f95393aa9a5f1170d4,2025-02-25,79,76,3622.6256409999996,76,24.886989,2395.0187341772153,189206.48,17,62,3597.7386519999995,1.0,0.27419354838709675
0x75f7eeb85dc639d5e99c78f95393aa9a5f1170d4,2025-02-26,86,81,5303.037252,80,56.733821999999996,3985.245697674419,342731.13,81,5,5246.30343,0.9876543209876543,16.2
0x75f7eeb85dc639d5e99c78f95393aa9a5f1170d4,2025-03-02,12,11,948.6016900000001,11,5.349213,3923.564166666667,47082.770000000004,11,1,943.2524770000001,1.0,11.0
0x75f7eeb85dc639d5e99c78f95393aa9a5f1170d4,2025-03-03,101,68,-370.250064,61,9.877271,1018.7064356435644,102889.35,33,68,-380.127335,0.8970588235294118,0.4852941176470588
0x75f7eeb85dc639d5e99c78f95393aa9a5f1170d4,2025-03-05,2,1,-5843.04,0,19.243244,42921.479999999996,85842.95999999999,1,1,-5862.283244,0.0,1.0
0x75f7eeb85dc639d5e99c78f95393aa9a5f1170d4,2025-03-08,18,17,556.480533,17,3.15862,1573.7972222222222,28328.35,17,1,553.321913,1.0,17.0
0x75f7eeb85dc639d5e99c78f95393aa9a5f1170d4,2025-03-11,170,161,23670.188163,161,112.67065099999999,3202.6863529411767,544456.68,86,84,23557.517512,1.0,1.0238095238095237
0x75f7eeb85dc639d5e99c78f95393aa9a5f1170d4,2025-03-12,24,21,788.209533,21,10.738006,2053.1325,49275.18,3,21,777.4715269999999,1.0,0.14285714285714285
0x75f7eeb85dc639d5e99c78f95393aa9a5f1170d4,2025-03-13,20,1,216.69714,1,17.30131,3998.917,79978.34,1,19,199.39583,1.0,0.05263157894736842
0x75f7eeb85dc639d5e99c78f95393aa9a5f1170d4,2025-03-15,33,30,500.116094,7,9.577927,1352.128787878788,44620.25,30,3,490.538167,0.23333333333333334,10.0
0x75f7eeb85dc639d5e99c78f95393aa9a5f1170d4,2025-03-16,15,14,941.32505,14,3.785233,2071.034666666667,31065.52,1,14,937.5398170000001,1.0,0.07142857142857142
0x75f7eeb85dc639d5e99c78f95393aa9a5f1170d4,2025-03-17,152,146,5845.632627,146,33.132635,1292.3644736842105,196439.4,96,56,5812.499992,1.0,1.7142857142857142
0x75f7eeb85dc639d5e99c78f95393aa9a5f1170d4,2025-03-18,14,10,82.269533,10,1.835731,610.3228571428572,8544.52,10,4,80.433802,1.0,2.5
0x75f7eeb85dc639d5e99c78f95393aa9a5f1170d4,2025-03-19,43,42,106.886191,39,5.976523,1166.1046511627908,50142.5,1,42,100.909668,0.9285714285714286,0.023809523809523808
0x75f7eeb85dc639d5e99c78f95393aa9a5f1170d4,2025-03-20,32,31,646.76766,31,3.462904,965.8490625,30907.17,1,31,643.304756,1.0,0.03225806451612903
0x75f7eeb85dc639d5e99c78f95393aa9a5f1170d4,2025-03-22,63,61,4462.921835,61,12.594714,968.4492063492064,61012.3,57,6,4450.327121,1.0,9.5
0x75f7eeb85dc639d5e99c78f95393aa9a5f1170d4,2025-03-24,26,23,80.95313,22,0.990803,179.39076923076925,4664.160000000001,23,3,79.962327,0.9565217391304348,7.666666666666667
0x75f7eeb85dc639d5e99c78f95393aa9a5f1170d4,2025-03-25,29,27,520.971268,26,15.198034,2614.2506896551727,75813.27,15,14,505.773234,0.9629629629629629,1.0714285714285714
0x75f7eeb85dc639d5e99c78f95393aa9a5f1170d4,2025-03-26,79,27,96.945218,25,10.503193,1384.9248101265823,109409.06,28,51,86.442025,0.9259259259259259,0.5490196078431373
0x75f7eeb85dc639d5e99c78f95393aa9a5f1170d4,2025-03-29,83,81,133.123947,66,9.122804,507.97253012048196,42161.72,2,81,124.00114299999998,0.8148148148148148,0.024691358024691357
0x75f7eeb85dc639d5e99c78f95393aa9a5f1170d4,2025-03-31,52,51,1239.24045,51,4.754582,952.425,49526.1,1,51,1234.485868,1.0,0.0196078431372549
0x75f7eeb85dc639d5e99c78f95393aa9a5f1170d4,2025-04-02,11,9,90.98474,9,3.0892720000000002,2925.4536363636366,32179.99,9,2,87.89546800000001,1.0,4.5
0x75f7eeb85dc639d5e99c78f95393aa9a5f1170d4,2025-04-06,39,36,3370.85855,36,21.978677,3952.829230769231,154160.34,3,36,3348.879873,1.0,0.08333333333333333
0x75f7eeb85dc639d5e99c78f95393aa9a5f1170d4,2025-04-08,43,42,948.85929,42,9.123714,1116.5534883720932,48011.8,1,42,939.735576,1.0,0.023809523809523808
0x75f7eeb85dc639d5e99c78f95393aa9a5f1170d4,2025-04-09,15,6,1593.7933500000001,6,12.424271,3893.6853333333333,58405.28,6,9,1581.369079,1.0,0.6666666666666666
0x75f7eeb85dc639d5e99c78f95393aa9a5f1170d4,2025-04-12,44,42,1442.90516,42,10.549133,1396.4452272727274,61443.590000000004,2,42,1432.356027,1.0,0.047619047619047616
0x75f7eeb85dc639d5e99c78f95393aa9a5f1170d4,2025-04-14,40,33,1828.36966,33,22.8387,3124.96325,124998.53,27,13,1805.53096,1.0,2.076923076923077
0x75f7eeb85dc639d5e99c78f95393aa9a5f1170d4,2025-04-15,36,35,1208.695445,35,5.697593,1633.111111111111,58792.0,35,1,1202.997852,1.0,35.0
0x75f7eeb85dc639d5e99c78f95393aa9a5f1170d4,2025-04-16,35,33,1674.357543,33,17.342231,2679.161714285714,93770.65999999999,27,8,1657.015312,1.0,3.375
0x75f7eeb85dc639d5e99c78f95393aa9a5f1170d4,2025-04-18,6,5,471.89234,5,5.190304,4048.5616666666665,24291.37,5,1,466.70203599999996,1.0,5.0
0x75f7eeb85dc639d5e99c78f95393aa9a5f1170d4,2025-04-19,55,32,1403.177311,26,6.656563,1152.206909090909,63371.38,28,27,1396.520748,0.8125,1.037037037037037
0x75f7eeb85dc639d5e99c78f95393aa9a5f1170d4,2025-04-20,52,50,-111.77234,11,12.976578,1156.014423076923,60112.75,50,2,-124.748918,0.22,25.0
0x75f7eeb85dc639d5e99c78f95393aa9a5f1170d4,2025-04-22,327,325,2933.203058,325,21.086311000000002,358.02122324159023,117072.94,325,2,2912.116747,1.0,162.5
0x75f7eeb85dc639d5e99c78f95393aa9a5f1170d4,2025-04-23,154,146,6439.07977,146,56.965183,2393.760844155844,368639.17,97,57,6382.114587,1.0,1.7017543859649122
0x75f7eeb85dc639d5e99c78f95393aa9a5f1170d4,2025-04-24,29,21,1250.2581989999999,5,9.656694,2504.40724137931,72627.81,17,12,1240.6015049999999,0.23809523809523808,1.4166666666666667
0x75f7eeb85dc639d5e99c78f95393aa9a5f1170d4,2025-04-25,99,82,1113.013801,82,15.513931,777.5432323232324,76976.78,16,83,1097.49987,1.0,0.1927710843373494
0x75f7eeb85dc639d5e99c78f95393aa9a5f1170d4,2025-04-26,113,110,3291.144446,110,17.518361,1400.3834513274335,158243.33,110,3,3273.626085,1.0,36.666666666666664
0x75f7eeb85dc639d5e99c78f95393aa9a5f1170d4,2025-04-27,83,81,471.712989,53,12.53856,1451.5227710843374,120476.39,2,81,459.174429,0.654320987654321,0.024691358024691357
0x75f7eeb85dc639d5e99c78f95393aa9a5f1170d4,2025-04-28,33,27,728.966777,22,4.663589,1052.2554545454545,34724.43,6,27,724.303188,0.8148148148148148,0.2222222222222222
0x7f4f299f74eec87806a830e3caa9afa5f2b9db8f,2024-12-25,4,3,14.21524,3,1.521474,1688.5525,6754.21,1,3,12.693766,1.0,0.3333333333333333
0x7f4f299f74eec87806a830e3caa9afa5f2b9db8f,2024-12-29,4,0,0.0,0,0.15618992000000004,10819.605,43278.42,4,0,-0.15618992000000004,,inf
0x7f4f299f74eec87806a830e3caa9afa5f2b9db8f,2024-12-30,12,7,838.9844760000001,7,3.25899193,4069.070833333333,48828.85,5,7,835.7254840700001,1.0,0.7142857142857143
0x7f4f299f74eec87806a830e3caa9afa5f2b9db8f,2024-12-31,1,0,0.0,0,0.03131298,8056.83,8056.83,1,0,-0.03131298,,inf
0x7f4f299f74eec87806a830e3caa9afa5f2b9db8f,2025-01-01,3,0,0.0,0,0.09393894,7555.826666666667,22667.48,3,0,-0.09393894,,inf
0x7f4f299f74eec87806a830e3caa9afa5f2b9db8f,2025-01-02,9,5,1008.518954,5,3.6017669,6758.5633333333335,60827.07,4,5,1004.9171871,1.0,0.8
0x7f4f299f74eec87806a830e3caa9afa5f2b9db8f,2025-01-03,26,17,937.789615,17,2.84845973,1975.7373076923077,51369.17,9,17,934.9411552700001,1.0,0.5294117647058824
0x7f4f299f74eec87806a830e3caa9afa5f2b9db8f,2025-01-05,7,7,1093.05677,7,1.279708,1828.1614285714284,12797.13,0,7,1091.777062,1.0,0.0
0x7f4f299f74eec87806a830e3caa9afa5f2b9db8f,2025-01-06,1,1,1260.832586,1,1.2912,12912.0,12912.0,0,1,1259.541386,1.0,0.0
0x7f4f299f74eec87806a830e3caa9afa5f2b9db8f,2025-01-07,1,0,0.0,0,0.02418696,5768.6,5768.6,1,0,-0.02418696,,inf
0x7f4f299f74eec87806a830e3caa9afa5f2b9db8f,2025-01-08,11,0,0.0,0,0.10884278,2146.8445454545454,23615.29,11,0,-0.10884278,,inf
0x7f4f299f74eec87806a830e3caa9afa5f2b9db8f,2025-01-09,1,0,0.0,0,0.04837496,9563.74,9563.74,1,0,-0.04837496,,inf
0x7f4f299f74eec87806a830e3caa9afa5f2b9db8f,2025-01-13,4,4,1621.278931,4,3.018264,7545.6675,30182.67,0,4,1618.260667,1.0,0.0
0x7f4f299f74eec87806a830e3caa9afa5f2b9db8f,2025-01-15,1,1,1261.448002,1,1.164773,11647.74,11647.74,0,1,1260.2832290000001,1.0,0.0
0x7f4f299f74eec87806a830e3caa9afa5f2b9db8f,2025-01-19,1,0,0.0,0,0.00168698,99.88,99.88,1,0,-0.00168698,,inf
0x7f4f299f74eec87806a830e3caa9afa5f2b9db8f,2025-03-24,2,2,-869.145978,0,1.689893,8449.470000000001,16898.940000000002,0,2,-870.835871,0.0,0.0
0x7f4f299f74eec87806a830e3caa9afa5f2b9db8f,2025-03-26,3,0,0.0,0,0.12173888,5632.456666666668,16897.370000000003,3,0,-0.12173888,,inf
0x7f4f299f74eec87806a830e3caa9afa5f2b9db8f,2025-03-28,6,6,1130.350383,6,1.802775,3004.626666666667,18027.760000000002,0,6,1128.5476079999999,1.0,0.0
0x7f4f299f74eec87806a830e3caa9afa5f2b9db8f,2025-04-08,26,16,246.8944,16,5.6053,2155.8880769230773,56053.090000000004,10,16,241.2891,1.0,0.625
0x7f4f299f74eec87806a830e3caa9afa5f2b9db8f,2025-04-09,799,381,2975.927732,375,408.355916,3494.2455444305383,2791902.19,361,438,2567.571816,0.984251968503937,0.8242009132420092
0x7f4f299f74eec87806a830e3caa9afa5f2b9db8f,2025-04-10,105,60,-372.76464,28,82.69018200000001,6134.571428571428,644130.0,38,67,-455.454822,0.4666666666666667,0.5671641791044776
0x7f4f299f74eec87806a830e3caa9afa5f2b9db8f,2025-04-11,279,136,2550.108815,136,85.463826,2348.0045519713262,655093.27,62,217,2464.644989,1.0,0.2857142857142857
0x7f4f299f74eec87806a830e3caa9afa5f2b9db8f,2025-04-12,120,69,303.170149,69,58.013753,3633.2355833333336,435988.27,76,44,245.15639599999997,1.0,1.7272727272727273
0x7f4f299f74eec87806a830e3caa9afa5f2b9db8f,2025-04-13,94,11,355.09,10,64.879745,4544.766489361702,427208.05,80,14,290.21025499999996,0.9090909090909091,5.714285714285714
0x7f4f299f74eec87806a830e3caa9afa5f2b9db8f,2025-04-17,34,16,425.687612,16,44.009555,7388.688823529412,251215.42,16,18,381.678057,1.0,0.8888888888888888
0x7f4f299f74eec87806a830e3caa9afa5f2b9db8f,2025-04-22,5,4,119.0,4,9.135048000000001,36540.202000000005,182701.01,4,1,109.864952,1.0,4.0
0x8170715b3b381dffb7062c0298972d4727a0a63b,2024-12-17,14,0,0.0,0,0.11005894999999999,2142.7757142857145,29998.86,14,0,-0.11005894999999999,,inf
0x8170715b3b381dffb7062c0298972d4727a0a63b,2024-12-18,1,0,0.0,0,0.01953097,4999.94,4999.94,1,0,-0.01953097,,inf
0x8170715b3b381dffb7062c0298972d4727a0a63b,2024-12-27,29,5,453.853206,5,2.499887,862.0348275862068,24999.01,0,29,451.353319,1.0,0.0
0x8170715b3b381dffb7062c0298972d4727a0a63b,2024-12-28,1,1,343.092145,1,0.499989,4999.89,4999.89,0,1,342.592156,1.0,0.0
0x8170715b3b381dffb7062c0298972d4727a0a63b,2024-12-29,4,4,768.814445,4,0.767315,1918.2925,7673.17,3,1,768.0471299999999,1.0,3.0
0x8170715b3b381dffb7062c0298972d4727a0a63b,2024-12-30,6,6,1211.511836,6,0.568128,946.8850000000001,5681.31,6,0,1210.943708,1.0,inf
0x8170715b3b381dffb7062c0298972d4727a0a63b,2024-12-31,3,3,306.563532,3,0.10284599999999999,342.82,1028.46,3,0,306.460686,1.0,inf
0x8170715b3b381dffb7062c0298972d4727a0a63b,2025-01-02,3,3,739.18423,3,1.054367,1004.1633333333334,3012.4900000000002,3,0,738.129863,1.0,inf
0x8170715b3b381dffb7062c0298972d4727a0a63b,2025-01-22,6,6,-179.521683,0,1.9912670000000001,1873.8216666666667,11242.93,0,6,-181.51295,0.0,0.0
0x8170715b3b381dffb7062c0298972d4727a0a63b,2025-01-25,29,29,-18956.391598000002,5,42.396872,4484.771379310345,130058.37,26,3,-18998.788470000003,0.1724137931034483,8.666666666666666
0x8170715b3b381dffb7062c0298972d4727a0a63b,2025-01-26,26,0,0.0,0,3.840246,961.5796153846154,25001.07,0,26,-3.840246,,0.0
0x8170715b3b381dffb7062c0298972d4727a0a63b,2025-01-27,22,0,0.0,0,1.439962,681.8109090909091,14999.84,0,22,-1.439962,,0.0
0x8170715b3b381dffb7062c0298972d4727a0a63b,2025-01-28,17,0,0.0,0,0.959961,588.2223529411765,9999.78,0,17,-0.959961,,0.0
0x8170715b3b381dffb7062c0298972d4727a0a63b,2025-01-29,7,0,0.0,0,0.67196,999.9485714285714,6999.64,0,7,-0.67196,,0.0
0x8170715b3b381dffb7062c0298972d4727a0a63b,2025-01-30,37,0,0.0,0,1.7279309999999999,486.4764864864865,17999.63,0,37,-1.7279309999999999,,0.0
0x8170715b3b381dffb7062c0298972d4727a0a63b,2025-01-31,48,0,0.0,0,2.883069,625.6752083333333,30032.41,0,48,-2.883069,,0.0
0x8170715b3b381dffb7062c0298972d4727a0a63b,2025-02-01,18,0,0.0,0,1.336437,773.4088888888889,13921.36,0,18,-1.336437,,0.0
0x8170715b3b381dffb7062c0298972d4727a0a63b,2025-02-02,30,0,0.0,0,5.040154,1333.3373333333334,40000.12,0,30,-5.040154,,0.0
0x8170715b3b381dffb7062c0298972d4727a0a63b,2025-02-03,119,96,13770.715332,96,4.055456,355.00016806722687,42245.02,96,23,13766.659876,1.0,4.173913043478261
0x8170715b3b381dffb7062c0298972d4727a0a63b,2025-02-04,45,0,0.0,0,2.923326,676.7046666666666,30451.71,0,45,-2.923326,,0.0
0x8170715b3b381dffb7062c0298972d4727a0a63b,2025-02-05,25,0,0.0,0,1.439955,599.9928,14999.82,0,25,-1.439955,,0.0
0x8170715b3b381dffb7062c0298972d4727a0a63b,2025-02-06,17,0,0.0,0,0.767964,470.57411764705876,7999.759999999999,0,17,-0.767964,,0.0
0x8170715b3b381dffb7062c0298972d4727a0a63b,2025-02-07,9,0,0.0,0,0.575978,666.651111111111,5999.86,0,9,-0.575978,,0.0
0x8170715b3b381dffb7062c0298972d4727a0a63b,2025-02-08,5,0,0.0,0,0.479987,999.984,4999.92,0,5,-0.479987,,0.0
0x8170715b3b381dffb7062c0298972d4727a0a63b,2025-02-09,87,0,0.0,0,1.424024,137.93471264367815,12000.32,0,87,-1.424024,,0.0
0x8170715b3b381dffb7062c0298972d4727a0a63b,2025-02-10,85,65,24.634532000000036,29,5.702735,698.8723529411765,59404.15,65,20,18.931797000000035,0.4461538461538462,3.25
0x8170715b3b381dffb7062c0298972d4727a0a63b,2025-02-11,13,0,0.0,0,0.959979,769.2253846153847,9999.93,0,13,-0.959979,,0.0
0x8170715b3b381dffb7062c0298972d4727a0a63b,2025-02-12,23,0,0.0,0,2.399949,1086.9421739130435,24999.670000000002,0,23,-2.399949,,0.0
0x8170715b3b381dffb7062c0298972d4727a0a63b,2025-02-13,46,16,-3556.3882559999997,0,8.648265,947.7369565217392,43595.9,16,30,-3565.0365209999995,0.0,0.5333333333333333
0x8170715b3b381dffb7062c0298972d4727a0a63b,2025-02-14,311,105,8781.96,82,103.773876,2726.2494855305467,847863.59,124,187,8678.186124,0.780952380952381,0.6631016042780749
0x8170715b3b381dffb7062c0298972d4727a0a63b,2025-02-15,179,161,35346.87108,154,108.947388,2418.771340782123,432960.07,50,129,35237.923692,0.9565217391304348,0.3875968992248062
0x8170715b3b381dffb7062c0298972d4727a0a63b,2025-02-16,3,0,0.0,0,0.959985,3333.296666666667,9999.890000000001,0,3,-0.959985,,0.0
0x8170715b3b381dffb7062c0298972d4727a0a63b,2025-02-17,6,0,0.0,0,2.646425,2503.1749999999997,15019.05,0,6,-2.646425,,0.0
0x8170715b3b381dffb7062c0298972d4727a0a63b,2025-02-18,13,0,0.0,0,2.3999610000000002,1923.0538461538463,24999.7,0,13,-2.3999610000000002,,0.0
0x8170715b3b381dffb7062c0298972d4727a0a63b,2025-02-19,17,0,0.0,0,1.439975,882.3423529411765,14999.82,0,17,-1.439975,,0.0
0x8170715b3b381dffb7062c0298972d4727a0a63b,2025-02-20,31,0,0.0,0,3.359948,1129.0251612903226,34999.78,0,31,-3.359948,,0.0
0x8170715b3b381dffb7062c0298972d4727a0a63b,2025-02-21,38,0,0.0,0,2.399939,657.8865789473684,24999.690000000002,0,38,-2.399939,,0.0
0x8170715b3b381dffb7062c0298972d4727a0a63b,2025-02-23,4,0,0.0,0,0.479988,1249.98,4999.92,0,4,-0.479988,,0.0
0x8170715b3b381dffb7062c0298972d4727a0a63b,2025-02-25,39,39,8698.883848,39,2.39996,641.0223076923077,24999.87,39,0,8696.483887999999,1.0,inf
0x8170715b3b381dffb7062c0298972d4727a0a63b,2025-02-26,1,1,2225.835732,1,0.479992,4999.92,4999.92,1,0,2225.35574,1.0,inf
0x8170715b3b381dffb7062c0298972d4727a0a63b,2025-02-28,7,7,3309.75,7,0.479998,714.2857142857143,5000.0,7,0,3309.270002,1.0,inf
0x8170715b3b381dffb7062c0298972d4727a0a63b,2025-03-02,2,0,0.0,0,0.47999499999999995,2499.975,4999.95,0,2,-0.47999499999999995,,0.0
0x8170715b3b381dffb7062c0298972d4727a0a63b,2025-03-03,8,0,0.0,0,0.479993,624.99375,4999.95,0,8,-0.479993,,0.0
0x8170715b3b381dffb7062c0298972d4727a0a63b,2025-03-04,16,13,6939.47356,13,1.43998,937.494375,14999.91,13,3,6938.03358,1.0,4.333333333333333
0x8170715b3b381dffb7062c0298972d4727a0a63b,2025-03-07,12,0,0.0,0,14.399968000000001,12499.980833333333,149999.77,12,0,-14.399968000000001,,inf
0x8170715b3b381dffb7062c0298972d4727a0a63b,2025-03-08,38,0,0.0,0,9.599786,2631.5215789473687,99997.82,38,0,-9.599786,,inf
0x8170715b3b381dffb7062c0298972d4727a0a63b,2025-03-09,5,5,3677.4965580000003,5,0.479992,999.99,4999.95,5,0,3677.0165660000002,1.0,inf
0x8170715b3b381dffb7062c0298972d4727a0a63b,2025-03-10,14,5,4297.3227640000005,5,5.279983,3928.565714285714,54999.92,14,0,4292.042781,1.0,inf
0x8170715b3b381dffb7062c0298972d4727a0a63b,2025-03-11,8,0,0.0,0,0.479989,624.9925000000001,4999.9400000000005,0,8,-0.479989,,0.0
0x8170715b3b381dffb7062c0298972d4727a0a63b,2025-03-12,11,1,-2493.849701,0,5.279924,4999.932727272728,54999.26,0,11,-2499.129625,0.0,0.0
0x8170715b3b381dffb7062c0298972d4727a0a63b,2025-03-13,37,0,0.0,0,6.7199349999999995,1891.8805405405406,69999.58,26,11,-6.7199349999999995,,2.3636363636363638
0x8170715b3b381dffb7062c0298972d4727a0a63b,2025-03-14,1,1,584.05178,1,0.959989,9999.89,9999.89,0,1,583.0917910000001,1.0,0.0
0x8170715b3b381dffb7062c0298972d4727a0a63b,2025-03-15,18,13,763.755281,3,3.839806,2222.1133333333332,39998.04,0,18,759.915475,0.23076923076923078,0.0
0x8170715b3b381dffb7062c0298972d4727a0a63b,2025-03-16,7,7,8368.226125000001,6,1.919864,2856.945714285714,19998.62,6,1,8366.306261000002,0.8571428571428571,6.0
0x8170715b3b381dffb7062c0298972d4727a0a63b,2025-03-17,72,0,0.0,0,10.559898,1527.7720833333333,109999.59,0,72,-10.559898,,0.0
0x8170715b3b381dffb7062c0298972d4727a0a63b,2025-03-18,59,0,0.0,0,7.2195979999999995,1274.653559322034,75204.56,0,59,-7.2195979999999995,,0.0
0x8170715b3b381dffb7062c0298972d4727a0a63b,2025-03-19,109,9,3036.68886,9,15.820136,1511.8720183486237,164794.05,0,109,3020.8687240000004,1.0,0.0
0x8170715b3b381dffb7062c0298972d4727a0a63b,2025-03-20,12,5,652.062115,3,8.743675,7589.970833333334,91079.65000000001,0,12,643.3184399999999,0.6,0.0
0x8170715b3b381dffb7062c0298972d4727a0a63b,2025-03-22,19,19,3082.76165,19,0.95998,526.312105263158,9999.93,19,0,3081.80167,1.0,inf
0x8170715b3b381dffb7062c0298972d4727a0a63b,2025-03-23,2,2,3464.777168,2,0.959991,4999.96,9999.92,2,0,3463.817177,1.0,inf
0x8170715b3b381dffb7062c0298972d4727a0a63b,2025-03-24,47,47,2838.532396,41,11.51959,2021.1748936170213,94995.22,9,38,2827.012806,0.8723404255319149,0.23684210526315788
0x8170715b3b381dffb7062c0298972d4727a0a63b,2025-03-25,6,6,2164.09548,6,3.8397550000000003,6666.248333333334,39997.490000000005,0,6,2160.255725,1.0,0.0
0x8170715b3b381dffb7062c0298972d4727a0a63b,2025-03-26,1,1,619.572648,1,0.95988,9998.76,9998.76,0,1,618.612768,1.0,0.0
0x8170715b3b381dffb7062c0298972d4727a0a63b,2025-03-27,64,62,26714.79759,62,16.429335,1071.89515625,68601.29,62,2,26698.368254999998,1.0,31.0
0x8170715b3b381dffb7062c0298972d4727a0a63b,2025-03-28,29,29,13956.614828,29,5.087743,1137.9037931034482,32999.21,29,0,13951.527085,1.0,inf
0x8170715b3b381dffb7062c0298972d4727a0a63b,2025-03-29,86,44,19573.830158,44,9.599846,1162.7798837209302,99999.07,86,0,19564.230312,1.0,inf
0x8170715b3b381dffb7062c0298972d4727a0a63b,2025-03-30,31,17,9683.820194,15,9.133842,2259.391935483871,70041.15,29,2,9674.686352,0.8823529411764706,14.5
0x8170715b3b381dffb7062c0298972d4727a0a63b,2025-03-31,8,6,5544.028638,6,3.839982,4999.98625,39999.89,8,0,5540.188655999999,1.0,inf
0x8170715b3b381dffb7062c0298972d4727a0a63b,2025-04-01,13,12,4004.50286,12,34.276202000000005,9495.466153846153,123441.06,0,13,3970.226658,1.0,0.0
0x8170715b3b381dffb7062c0298972d4727a0a63b,2025-04-02,7,7,8045.056928,7,1.4399929999999999,2142.8557142857144,14999.990000000002,7,0,8043.616935,1.0,inf
0x8170715b3b381dffb7062c0298972d4727a0a63b,2025-04-03,85,0,0.0,0,59.968334999999996,5629.0912941176475,478472.76,58,27,-59.968334999999996,,2.1481481481481484
0x8170715b3b381dffb7062c0298972d4727a0a63b,2025-04-04,68,7,4805.345609999999,7,8.48551,932.0805882352942,63381.48,12,56,4796.860099999999,1.0,0.21428571428571427
0x8170715b3b381dffb7062c0298972d4727a0a63b,2025-04-06,14,8,17621.701092,8,18.239855,13571.328571428572,189998.6,14,0,17603.461237,1.0,inf
0x8170715b3b381dffb7062c0298972d4727a0a63b,2025-04-07,51,0,0.0,0,27.824674,2744.2062745098037,139954.52,0,51,-27.824674,,0.0
0x8170715b3b381dffb7062c0298972d4727a0a63b,2025-04-08,8,0,0.0,0,14.399897000000001,18749.877500000002,149999.02000000002,8,0,-14.399897000000001,,inf
0x8170715b3b381dffb7062c0298972d4727a0a63b,2025-04-09,54,29,-4058.8889249999997,18,42.461957,8168.482037037037,441098.03,5,49,-4101.350882,0.6206896551724138,0.10204081632653061
0x8170715b3b381dffb7062c0298972d4727a0a63b,2025-04-10,89,46,4596.960442,44,34.245745,3151.4488764044945,280478.95,0,89,4562.714696999999,0.9565217391304348,0.0
0x8170715b3b381dffb7062c0298972d4727a0a63b,2025-04-11,238,47,-9584.869233000001,0,81.852119,2846.985294117647,677582.5,0,238,-9666.721352,0.0,0.0
0x8170715b3b381dffb7062c0298972d4727a0a63b,2025-04-12,22,0,0.0,0,5.759919,2727.2445454545455,59999.380000000005,0,22,-5.759919,,0.0
0x8170715b3b381dffb7062c0298972d4727a0a63b,2025-04-13,18,0,0.0,0,3.839859,2222.144444444444,39998.6,0,18,-3.839859,,0.0
0x8170715b3b381dffb7062c0298972d4727a0a63b,2025-04-15,77,77,3204.26268,77,20.159716,2727.2429870129868,209997.71,77,0,3184.1029639999997,1.0,inf
0x8170715b3b381dffb7062c0298972d4727a0a63b,2025-04-16,39,1,912.29492,1,14.399920999999999,3846.1415384615384,149999.52,1,38,897.8949990000001,1.0,0.02631578947368421
0x8170715b3b381dffb7062c0298972d4727a0a63b,2025-04-17,96,0,0.0,0,18.239902,1979.1661458333335,189999.95,0,96,-18.239902,,0.0
0x8170715b3b381dffb7062c0298972d4727a0a63b,2025-04-18,46,0,0.0,0,15.637112,3541.02152173913,162886.99,0,46,-15.637112,,0.0
0x8170715b3b381dffb7062c0298972d4727a0a63b,2025-04-19,96,0,0.0,0,32.362351,3511.545208333333,337108.33999999997,0,96,-32.362351,,0.0
0x8170715b3b381dffb7062c0298972d4727a0a63b,2025-04-21,18,0,0.0,0,4.583545,2652.518888888889,47745.34,0,18,-4.583545,,0.0
0x8170715b3b381dffb7062c0298972d4727a0a63b,2025-04-22,49,0,0.0,0,16.536157,3515.344081632653,172251.86,0,49,-16.536157,,0.0
0x8170715b3b381dffb7062c0298972d4727a0a63b,2025-04-23,1242,1171,-358963.139984,848,611.41193,2010.350297906602,2496855.07,1171,71,-359574.551914,0.7241673783091375,16.492957746478872
0x8170715b3b381dffb7062c0298972d4727a0a63b,2025-04-24,58,54,398.646746,32,7.346353,1319.3956896551724,76524.95,54,4,391.300393,0.5925925925925926,13.5
0x8170715b3b381dffb7062c0298972d4727a0a63b,2025-04-25,39,15,-1335.115406,2,10.397576,1526.0666666666666,59516.6,15,24,-1345.512982,0.13333333333333333,0.625
0x8170715b3b381dffb7062c0298972d4727a0a63b,2025-04-26,16,16,-3925.864943,0,11.544089,2147.34125,34357.46,16,0,-3937.409032,0.0,inf
0x8170715b3b381dffb7062c0298972d4727a0a63b,2025-04-27,12,12,-99.444041,0,0.885246,768.4525,9221.43,12,0,-100.329287,0.0,inf
0x8381e6d82f1affd39a336e143e081ef7620a3b7f,2024-11-29,3,0,0.0,0,0.17494357000000002,668.3,2004.8999999999999,3,0,-0.17494357000000002,,inf
0x8381e6d82f1affd39a336e143e081ef7620a3b7f,2024-12-01,3,0,0.0,0,1.049569,999.5866666666667,2998.76,3,0,-1.049569,,inf
0x8381e6d82f1affd39a336e143e081ef7620a3b7f,2024-12-02,6,0,0.0,0,0.43464074,340.65333333333336,2043.92,6,0,-0.43464074,,inf
0x8381e6d82f1affd39a336e143e081ef7620a3b7f,2024-12-04,10,5,33.26141600000001,2,1.54664128,669.609,6696.09,5,5,31.714774720000012,0.4,1.0
0x8381e6d82f1affd39a336e143e081ef7620a3b7f,2024-12-05,2,0,0.0,0,0.01519692,294.265,588.53,2,0,-0.01519692,,inf
0x8381e6d82f1affd39a336e143e081ef7620a3b7f,2024-12-06,1,0,0.0,0,0.00232193,292.11,292.11,1,0,-0.00232193,,inf
0x8381e6d82f1affd39a336e143e081ef7620a3b7f,2024-12-07,3,0,0.0,0,0.02168289,1021.2966666666667,3063.8900000000003,3,0,-0.02168289,,inf
0x8381e6d82f1affd39a336e143e081ef7620a3b7f,2024-12-08,5,2,-21.54374,0,1.01392597,984.758,4923.79,3,2,-22.55766597,0.0,1.5
0x8381e6d82f1affd39a336e143e081ef7620a3b7f,2024-12-09,4,0,0.0,0,0.02488189,440.95,1763.8,4,0,-0.02488189,,inf
0x8381e6d82f1affd39a336e143e081ef7620a3b7f,2024-12-10,1,0,0.0,0,0.00478794,587.97,587.97,1,0,-0.00478794,,inf
0x8381e6d82f1affd39a336e143e081ef7620a3b7f,2024-12-13,3,0,0.0,0,0.00793096,128.88333333333333,386.65,3,0,-0.00793096,,inf
0x8381e6d82f1affd39a336e143e081ef7620a3b7f,2024-12-15,5,0,0.0,0,0.031883879999999996,739.626,3698.13,5,0,-0.031883879999999996,,inf
0x8381e6d82f1affd39a336e143e081ef7620a3b7f,2024-12-19,1,0,0.0,0,0.00611499,1399.11,1399.11,1,0,-0.00611499,,inf
0x8381e6d82f1affd39a336e143e081ef7620a3b7f,2024-12-22,1,0,0.0,0,0.00936097,2815.79,2815.79,1,0,-0.00936097,,inf
0x8381e6d82f1affd39a336e143e081ef7620a3b7f,2024-12-23,6,0,0.0,0,0.06298988,2855.656666666667,17133.940000000002,6,0,-0.06298988,,inf
0x8381e6d82f1affd39a336e143e081ef7620a3b7f,2024-12-26,2,0,0.0,0,0.013980959999999999,1914.0,3828.0,2,0,-0.013980959999999999,,inf
0x8381e6d82f1affd39a336e143e081ef7620a3b7f,2025-01-01,5,0,0.0,0,0.01478382,200.802,1004.01,5,0,-0.01478382,,inf
0x8381e6d82f1affd39a336e143e081ef7620a3b7f,2025-01-04,2,0,0.0,0,0.00615996,710.865,1421.73,2,0,-0.00615996,,inf
0x8381e6d82f1affd39a336e143e081ef7620a3b7f,2025-01-05,1,0,0.0,0,0.00185097,456.83,456.83,1,0,-0.00185097,,inf
0x8381e6d82f1affd39a336e143e081ef7620a3b7f,2025-01-09,4,0,0.0,0,0.10100993,1509.6399999999999,6038.5599999999995,4,0,-0.10100993,,inf
0x8381e6d82f1affd39a336e143e081ef7620a3b7f,2025-01-18,7,0,0.0,0,0.11930629000000001,2950.0099999999998,20650.07,7,0,-0.11930629000000001,,inf
0x8381e6d82f1affd39a336e143e081ef7620a3b7f,2025-01-25,25,0,0.0,0,28.202164,3223.1059999999998,80577.65,25,0,-28.202164,,inf
0x8381e6d82f1affd39a336e143e081ef7620a3b7f,2025-01-26,123,82,38294.693499,82,326.247666,7578.344634146341,932136.39,56,67,37968.445833,1.0,0.835820895522388
0x8381e6d82f1affd39a336e143e081ef7620a3b7f,2025-01-27,2,0,0.0,0,0.04196391,4443.99,8887.98,2,0,-0.04196391,,inf
0x8381e6d82f1affd39a336e143e081ef7620a3b7f,2025-02-02,19,0,0.0,0,0.53399801,1943.7873684210526,36931.96,19,0,-0.53399801,,inf
0x8381e6d82f1affd39a336e143e081ef7620a3b7f,2025-02-03,8,0,0.0,0,0.30528029,2351.285,18810.28,8,0,-0.30528029,,inf
0x8381e6d82f1affd39a336e143e081ef7620a3b7f,2025-02-04,104,49,9167.620989,49,2115.719137,58124.15365384616,6044911.98,55,49,7051.901851999999,1.0,1.1224489795918366
0x8381e6d82f1affd39a336e143e081ef7620a3b7f,2025-02-05,327,155,1843.301845,126,119.89688567,2347.8439143730884,767744.96,172,155,1723.4049593299999,0.8129032258064516,1.1096774193548387
0x8381e6d82f1affd39a336e143e081ef7620a3b7f,2025-02-06,167,54,71.77363,39,39.75071924,1881.207604790419,314161.67,113,54,32.022910759999995,0.7222222222222222,2.0925925925925926
0x8381e6d82f1affd39a336e143e081ef7620a3b7f,2025-02-09,103,23,1259.5314,23,212.582348,6879.689611650486,708608.03,23,80,1046.9490520000002,1.0,0.2875
0x8381e6d82f1affd39a336e143e081ef7620a3b7f,2025-02-10,10,0,0.0,0,3.268301,1089.435,10894.349999999999,10,0,-3.268301,,inf
0x8381e6d82f1affd39a336e143e081ef7620a3b7f,2025-02-11,211,97,109.90750199999998,80,78.85202728,2385.7656398104264,503396.55,114,97,31.055474719999978,0.8247422680412371,1.175257731958763
0x8381e6d82f1affd39a336e143e081ef7620a3b7f,2025-02-12,81,57,2760.439779,57,175.294547,12390.793456790123,1003654.27,24,57,2585.145232,1.0,0.42105263157894735
0x8381e6d82f1affd39a336e143e081ef7620a3b7f,2025-02-13,42,42,1998.702085,42,25.696273,2039.3888095238096,85654.33,0,42,1973.0058119999999,1.0,0.0
0x8381e6d82f1affd39a336e143e081ef7620a3b7f,2025-02-14,40,11,27.247837999999998,11,2.77669532,445.2165,17808.66,29,11,24.47114268,1.0,2.6363636363636362
0x8381e6d82f1affd39a336e143e081ef7620a3b7f,2025-02-16,80,34,559.647247,34,17.1429389,1368.858375,109508.67,46,34,542.5043081,1.0,1.3529411764705883
0x8381e6d82f1affd39a336e143e081ef7620a3b7f,2025-02-17,105,17,64.346683,17,9.08480585,1112.2542857142857,116786.7,88,17,55.26187715,1.0,5.176470588235294
0x8381e6d82f1affd39a336e143e081ef7620a3b7f,2025-02-18,177,27,3981.044269,27,11.15622518,1466.1342937853108,259505.77,150,27,3969.88804382,1.0,5.555555555555555
0x8381e6d82f1affd39a336e143e081ef7620a3b7f,2025-02-21,8,8,8995.13393,8,12.687638999999999,15859.55,126876.4,0,8,8982.446291,1.0,0.0
0x8381e6d82f1affd39a336e143e081ef7620a3b7f,2025-02-23,40,0,0.0,0,0.27752462,472.709,18908.36,40,0,-0.27752462,,inf
0x8381e6d82f1affd39a336e143e081ef7620a3b7f,2025-02-24,44,0,0.0,0,1.34109024,1894.8688636363636,83374.23,44,0,-1.34109024,,inf
0x8381e6d82f1affd39a336e143e081ef7620a3b7f,2025-02-25,4,0,0.0,0,0.27318193,3685.7825,14743.13,4,0,-0.27318193,,inf
0x8381e6d82f1affd39a336e143e081ef7620a3b7f,2025-03-26,1,0,0.0,0,0.00901796,1134.46,1134.46,1,0,-0.00901796,,inf
0x8381e6d82f1affd39a336e143e081ef7620a3b7f,2025-04-07,26,15,-4968.487948,0,69.249872,7609.877692307693,197856.82,14,12,-5037.73782,0.0,1.1666666666666667
0x8381e6d82f1affd39a336e143e081ef7620a3b7f,2025-04-08,23,10,142.99159,10,32.077231,3984.7504347826084,91649.26,10,13,110.914359,1.0,0.7692307692307693
0x8381e6d82f1affd39a336e143e081ef7620a3b7f,2025-04-11,3,0,0.0,0,7.207268,6864.066666666667,20592.2,3,0,-7.207268,,inf
0x8381e6d82f1affd39a336e143e081ef7620a3b7f,2025-04-12,8,8,202.27562,8,7.2780249999999995,2599.29625,20794.37,0,8,194.997595,1.0,0.0
0x8381e6d82f1affd39a336e143e081ef7620a3b7f,2025-04-19,22,11,56.13971,11,2.7150702,665.6886363636363,14645.15,11,11,53.4246398,1.0,1.0
0x8381e6d82f1affd39a336e143e081ef7620a3b7f,2025-04-22,2,1,284.16768,1,46.331689,66188.125,132376.25,1,1,237.83599100000004,1.0,1.0
0x8381e6d82f1affd39a336e143e081ef7620a3b7f,2025-04-23,4,0,0.0,0,24.922278000000002,17801.63,71206.52,4,0,-24.922278000000002,,inf
0x8381e6d82f1affd39a336e143e081ef7620a3b7f,2025-04-26,3,3,505.40523,1,7.526466,23903.97666666667,71711.93000000001,0,3,497.878764,0.3333333333333333,0.0
0x8381e6d82f1affd39a336e143e081ef7620a3b7f,2025-04-27,13,2,33.061386999999996,2,0.8035166,1032.253846153846,13419.3,11,2,32.257870399999995,1.0,5.5
0x8381e6d82f1affd39a336e143e081ef7620a3b7f,2025-04-28,10,0,0.0,0,0.15534364,799.756,7997.5599999999995,10,0,-0.15534364,,inf
0x8381e6d82f1affd39a336e143e081ef7620a3b7f,2025-04-29,1,1,112.996265,1,0.811065,8110.65,8110.65,0,1,112.1852,1.0,0.0
0x8477e447846c758f5a675856001ea72298fd9cb5,2024-05-23,305,156,413.347329,145,87.513078,1074.7592786885245,327801.58,186,119,325.834251,0.9294871794871795,1.5630252100840336
0x8477e447846c758f5a675856001ea72298fd9cb5,2024-05-25,14,5,14.126038999999999,5,1.494386,355.9985714285714,4983.98,5,9,12.631652999999998,1.0,0.5555555555555556
0x8477e447846c758f5a675856001ea72298fd9cb5,2024-05-26,7,2,5.2257,2,1.000986,459.03142857142853,3213.22,2,5,4.224714,1.0,0.4
0x8477e447846c758f5a675856001ea72298fd9cb5,2024-05-27,251,93,1129.35587,90,45.832466,602.0546613545816,151115.72,93,158,1083.523404,0.967741935483871,0.5886075949367089
0x8477e447846c758f5a675856001ea72298fd9cb5,2024-05-29,159,71,277.791953,68,17.458539000000002,337.7447798742138,53701.42,62,97,260.33341399999995,0.9577464788732394,0.6391752577319587
0x8477e447846c758f5a675856001ea72298fd9cb5,2024-05-30,7,5,20.951433,5,0.993326,405.4414285714286,2838.09,5,2,19.958107000000002,1.0,2.5
0x8477e447846c758f5a675856001ea72298fd9cb5,2024-05-31,13,4,25.35812,4,1.272646,279.70307692307694,3636.14,4,9,24.085473999999998,1.0,0.4444444444444444
0x8477e447846c758f5a675856001ea72298fd9cb5,2024-06-01,25,9,91.510419,9,4.492106,513.3848,12834.62,9,16,87.018313,1.0,0.5625
0x8477e447846c758f5a675856001ea72298fd9cb5,2024-06-02,93,34,192.906947,34,7.792912,316.822688172043,29464.51,34,59,185.114035,1.0,0.576271186440678
0x8477e447846c758f5a675856001ea72298fd9cb5,2024-06-03,70,44,562.808208,44,5.378086,306.66942857142857,21466.86,44,26,557.430122,1.0,1.6923076923076923
0x8477e447846c758f5a675856001ea72298fd9cb5,2024-06-04,53,25,52.211438,25,7.432953,457.42283018867926,24243.41,25,28,44.778485,1.0,0.8928571428571429
0x8477e447846c758f5a675856001ea72298fd9cb5,2024-06-05,54,17,56.055506,16,7.1040600000000005,469.4587037037037,25350.77,17,37,48.951446000000004,0.9411764705882353,0.4594594594594595
0x8477e447846c758f5a675856001ea72298fd9cb5,2024-06-06,234,102,274.173187,100,37.079424,587.8536752136753,137557.76,102,132,237.09376299999997,0.9803921568627451,0.7727272727272727
0x8477e447846c758f5a675856001ea72298fd9cb5,2024-06-07,374,148,1573.244278,146,97.668292,832.9677272727273,311529.93,128,246,1475.5759859999998,0.9864864864864865,0.5203252032520326
0x8477e447846c758f5a675856001ea72298fd9cb5,2024-06-08,22,8,129.13883900000002,8,18.32221,2379.510454545454,52349.229999999996,14,8,110.81662900000002,1.0,1.75
0x8477e447846c758f5a675856001ea72298fd9cb5,2024-06-10,49,18,31.266804999999998,18,6.296223,460.97204081632657,22587.63,18,31,24.970581999999997,1.0,0.5806451612903226
0x8477e447846c758f5a675856001ea72298fd9cb5,2024-06-11,27,9,51.081143,9,6.582947,696.6096296296296,18808.46,18,9,44.498196,1.0,2.0
0x8477e447846c758f5a675856001ea72298fd9cb5,2024-06-12,217,78,-21886.531493,21,63.692827,884.2718433179723,191886.99,78,139,-21950.224319999998,0.2692307692307692,0.5611510791366906
0x8477e447846c758f5a675856001ea72298fd9cb5,2024-07-17,335,155,1859.269477,145,145.378176,1346.5090746268656,451080.54,155,180,1713.891301,0.9354838709677419,0.8611111111111112
0x8477e447846c758f5a675856001ea72298fd9cb5,2024-07-18,7,7,1233.9043470000001,7,2.572057,1049.82,7348.74,7,0,1231.33229,1.0,inf
0x8477e447846c758f5a675856001ea72298fd9cb5,2024-07-19,7,1,35.79975,1,1.451344,592.3885714285715,4146.72,1,6,34.348406000000004,1.0,0.16666666666666666
0x8477e447846c758f5a675856001ea72298fd9cb5,2024-07-20,257,32,2169.508265,29,45.800537,562.1888715953307,144482.54,32,225,2123.707728,0.90625,0.14222222222222222
0x8477e447846c758f5a675856001ea72298fd9cb5,2024-07-21,445,236,-2960.716887,21,49.325028,427.66804494382023,190312.28,236,209,-3010.0419150000002,0.08898305084745763,1.1291866028708133
0x8477e447846c758f5a675856001ea72298fd9cb5,2024-07-22,133,93,-756.173134,9,18.601636,593.273909774436,78905.43,93,40,-774.77477,0.0967741935483871,2.325
0x8477e447846c758f5a675856001ea72298fd9cb5,2024-07-23,139,135,1805.309858,100,26.290399,640.1771942446044,88984.63,135,4,1779.019459,0.7407407407407407,33.75
0x8477e447846c758f5a675856001ea72298fd9cb5,2024-07-24,29,18,625.561479,18,11.707764000000001,1215.0548275862068,35236.59,18,11,613.853715,1.0,1.6363636363636365
0x8477e447846c758f5a675856001ea72298fd9cb5,2024-07-26,111,32,341.250124,32,44.885186,1316.2212612612611,146100.56,32,79,296.36493800000005,1.0,0.4050632911392405
0x8477e447846c758f5a675856001ea72298fd9cb5,2024-07-27,5,0,0.0,0,1.5549629999999999,888.552,4442.76,0,5,-1.5549629999999999,,0.0
0x8477e447846c758f5a675856001ea72298fd9cb5,2024-07-28,13,12,587.29903,12,3.939236,865.7684615384616,11254.99,12,1,583.359794,1.0,12.0
0x8477e447846c758f5a675856001ea72298fd9cb5,2024-07-29,15,5,217.857529,5,9.435222,1797.1860000000001,26957.79,5,10,208.422307,1.0,0.5
0x8477e447846c758f5a675856001ea72298fd9cb5,2024-07-31,40,14,765.690884,14,15.575468,1112.535,44501.4,14,26,750.115416,1.0,0.5384615384615384
0x8477e447846c758f5a675856001ea72298fd9cb5,2024-08-01,34,7,167.080017,4,17.050004,1432.7749999999999,48714.35,25,9,150.030013,0.5714285714285714,2.7777777777777777
0x8477e447846c758f5a675856001ea72298fd9cb5,2024-08-02,15,12,228.247701,12,10.418471,1984.4720000000002,29767.08,0,15,217.82923,1.0,0.0
0x8477e447846c758f5a675856001ea72298fd9cb5,2024-08-03,1,1,464.1897,1,1.58693,4534.09,4534.09,1,0,462.60277,1.0,inf
0x8477e447846c758f5a675856001ea72298fd9cb5,2024-08-04,17,3,109.005815,3,12.667850000000001,2129.0517647058823,36193.88,14,3,96.337965,1.0,4.666666666666667
0x8477e447846c758f5a675856001ea72298fd9cb5,2024-08-05,17,7,160.44369899999998,7,14.028866,2357.7947058823524,40082.509999999995,10,7,146.414833,1.0,1.4285714285714286
0x8477e447846c758f5a675856001ea72298fd9cb5,2024-08-09,69,18,151.092375,17,15.342713,635.3107246376812,43836.44,18,51,135.749662,0.9444444444444444,0.35294117647058826
0x8477e447846c758f5a675856001ea72298fd9cb5,2024-08-20,4,0,0.0,0,2.623926,1874.2325,7496.93,0,4,-2.623926,,0.0
0x8477e447846c758f5a675856001ea72298fd9cb5,2024-08-21,143,54,656.200925,54,36.046484,720.2106993006994,102990.13,54,89,620.154441,1.0,0.6067415730337079
0x8477e447846c758f5a675856001ea72298fd9cb5,2024-08-31,24,13,10.882801,12,4.955267,312.76375,7506.33,7,17,5.9275340000000005,0.9230769230769231,0.4117647058823529
0x8477e447846c758f5a675856001ea72298fd9cb5,2024-09-01,12,5,137.433093,5,4.325861,1029.9733333333334,12359.68,7,5,133.107232,1.0,1.4
0x8477e447846c758f5a675856001ea72298fd9cb5,2024-10-20,90,6,160.095271,6,17.178466,624.6905555555555,56222.15,6,84,142.916805,1.0,0.07142857142857142
0x8477e447846c758f5a675856001ea72298fd9cb5,2024-10-21,162,68,2464.915564,68,57.349584,1074.6531481481481,174093.81,68,94,2407.56598,1.0,0.723404255319149
0x8477e447846c758f5a675856001ea72298fd9cb5,2024-10-29,16,3,801.170876,3,3.742505,668.305625,10692.89,3,13,797.428371,1.0,0.23076923076923078
0x8477e447846c758f5a675856001ea72298fd9cb5,2024-10-30,25,8,9.150023,7,3.596988,473.23400000000004,11830.85,8,17,5.5530349999999995,0.875,0.47058823529411764
0x8477e447846c758f5a675856001ea72298fd9cb5,2024-10-31,11,11,451.122034,11,3.453913,1143.8036363636363,12581.84,11,0,447.668121,1.0,inf
0x8477e447846c758f5a675856001ea72298fd9cb5,2024-11-09,77,44,102.90894,19,13.684359,563.4285714285714,43384.0,44,33,89.224581,0.4318181818181818,1.3333333333333333
0x8477e447846c758f5a675856001ea72298fd9cb5,2024-11-10,164,45,442.748384,45,78.13843,1361.297987804878,223252.87,45,119,364.609954,1.0,0.37815126050420167
0x8477e447846c758f5a675856001ea72298fd9cb5,2024-11-11,172,83,4876.874304,79,109.53626799999999,1907.2104069767443,328040.19,83,89,4767.338036,0.9518072289156626,0.9325842696629213
0x8477e447846c758f5a675856001ea72298fd9cb5,2024-11-12,91,30,1441.27965,22,51.964324999999995,1631.5342857142857,148469.62,30,61,1389.315325,0.7333333333333333,0.4918032786885246
0x8477e447846c758f5a675856001ea72298fd9cb5,2024-11-13,4,2,48.000187,2,2.315338,1653.81,6615.24,2,2,45.684849,1.0,1.0
0x8477e447846c758f5a675856001ea72298fd9cb5,2024-11-15,2,0,0.0,0,0.38906399999999997,555.8050000000001,1111.6100000000001,0,2,-0.38906399999999997,,0.0
0x8477e447846c758f5a675856001ea72298fd9cb5,2024-11-16,30,12,870.746565,12,7.082553,674.5303333333334,20235.91,12,18,863.6640120000001,1.0,0.6666666666666666
0x8477e447846c758f5a675856001ea72298fd9cb5,2024-11-17,20,10,175.061007,7,6.856953000000001,979.567,19591.34,10,10,168.20405399999999,0.7,1.0
0x8477e447846c758f5a675856001ea72298fd9cb5,2024-11-18,79,27,431.960709,27,26.78446,968.6977215189872,76527.12,27,52,405.176249,1.0,0.5192307692307693
0x8477e447846c758f5a675856001ea72298fd9cb5,2024-11-19,56,28,906.2475900000001,26,27.26,1511.193392857143,84626.83,28,28,878.9875900000001,0.9285714285714286,1.0
0x8477e447846c758f5a675856001ea72298fd9cb5,2024-11-20,32,14,447.920315,14,22.705639,2027.2915625,64873.33,14,18,425.214676,1.0,0.7777777777777778
0x8477e447846c758f5a675856001ea72298fd9cb5,2024-11-21,57,0,0.0,0,27.267768,1398.0726315789473,79690.14,0,57,-27.267768,,0.0
0x8477e447846c758f5a675856001ea72298fd9cb5,2024-11-22,137,61,365.437929,52,102.61079,2588.8760583941607,354676.02,60,77,262.827139,0.8524590163934426,0.7792207792207793
0x8477e447846c758f5a675856001ea72298fd9cb5,2024-11-23,191,65,1439.449718,58,115.653226,2003.0396858638744,382580.58,65,126,1323.7964920000002,0.8923076923076924,0.5158730158730159
0x8477e447846c758f5a675856001ea72298fd9cb5,2024-11-24,70,21,391.890903,12,41.980559,1866.554,130658.78,21,49,349.910344,0.5714285714285714,0.42857142857142855
0x8477e447846c758f5a675856001ea72298fd9cb5,2024-11-28,6,0,0.0,0,0.874924,416.6333333333334,2499.8,0,6,-0.874924,,0.0
0x8477e447846c758f5a675856001ea72298fd9cb5,2024-11-29,63,37,22697.489906,37,14.94323907,695.2509523809523,43800.81,9,54,22682.54666693,1.0,0.16666666666666666
0x8477e447846c758f5a675856001ea72298fd9cb5,2024-11-30,76,5,40.699929,5,16.924508,636.261447368421,48355.87,5,71,23.775420999999998,1.0,0.07042253521126761
0x8477e447846c758f5a675856001ea72298fd9cb5,2024-12-01,123,55,1169.432253,55,38.464692,893.489918699187,109899.26,55,68,1130.967561,1.0,0.8088235294117647
0x8477e447846c758f5a675856001ea72298fd9cb5,2024-12-02,8,1,254.15562,1,4.670198,1667.92875,13343.43,1,7,249.485422,1.0,0.14285714285714285
0x8477e447846c758f5a675856001ea72298fd9cb5,2024-12-03,6,4,-158.695661,0,5.688339,2708.735,16252.410000000002,4,2,-164.38400000000001,0.0,2.0
0x8477e447846c758f5a675856001ea72298fd9cb5,2025-01-02,77,10,45.086985,10,8.74195096,332.6585714285714,25614.71,11,66,36.34503404,1.0,0.16666666666666666
0x8477e447846c758f5a675856001ea72298fd9cb5,2025-01-03,177,32,909.1721379999999,32,14.999851,251.76581920903956,44562.55,37,140,894.1722869999999,1.0,0.2642857142857143
0x8477e447846c758f5a675856001ea72298fd9cb5,2025-01-04,51,2,30.818079,2,3.265351,182.9343137254902,9329.65,2,49,27.552728000000002,1.0,0.04081632653061224
0x8477e447846c758f5a675856001ea72298fd9cb5,2025-01-05,51,9,151.429584,9,2.822904,209.45666666666668,10682.29,9,42,148.60668,1.0,0.21428571428571427
0x8477e447846c758f5a675856001ea72298fd9cb5,2025-01-06,266,28,272.131501,8,19.273273,246.8388345864662,65659.13,28,238,252.85822800000003,0.2857142857142857,0.11764705882352941
0x8477e447846c758f5a675856001ea72298fd9cb5,2025-01-07,222,169,4334.417218,161,43.731671,618.5525225225225,137318.66,186,36,4290.685547,0.9526627218934911,5.166666666666667
0x8477e447846c758f5a675856001ea72298fd9cb5,2025-01-08,390,131,1303.127763,128,55.30867544,410.6838717948718,160166.71,231,159,1247.8190875599998,0.9770992366412213,1.4528301886792452
0x8477e447846c758f5a675856001ea72298fd9cb5,2025-01-09,222,37,123.72129899999999,21,30.789297,448.987027027027,99675.12,46,176,92.93200199999998,0.5675675675675675,0.26136363636363635
0x8477e447846c758f5a675856001ea72298fd9cb5,2025-01-10,254,136,1189.078864,119,42.343309,476.30413385826773,120981.25,178,76,1146.735555,0.875,2.3421052631578947
0x8477e447846c758f5a675856001ea72298fd9cb5,2025-01-11,82,18,417.647169,17,12.493781,435.32475609756096,35696.63,39,43,405.153388,0.9444444444444444,0.9069767441860465
0x8477e447846c758f5a675856001ea72298fd9cb5,2025-01-12,15,0,0.0,0,1.746553,332.6786666666667,4990.18,0,15,-1.746553,,0.0
0x8477e447846c758f5a675856001ea72298fd9cb5,2025-01-13,58,27,2060.162946,26,16.805393,827.8527586206897,48015.46,41,17,2043.3575529999998,0.9629629629629629,2.411764705882353
0x8477e447846c758f5a675856001ea72298fd9cb5,2025-01-14,13,4,82.032118,3,2.572929,565.48,7351.24,3,10,79.459189,0.75,0.3
0x8477e447846c758f5a675856001ea72298fd9cb5,2025-01-15,64,30,240.93138,28,8.972035,456.34046875,29205.79,30,34,231.95934499999998,0.9333333333333333,0.8823529411764706
0x8477e447846c758f5a675856001ea72298fd9cb5,2025-01-16,34,11,218.26223099999999,6,5.611008,471.515,16031.51,11,23,212.651223,0.5454545454545454,0.4782608695652174
0x8477e447846c758f5a675856001ea72298fd9cb5,2025-01-17,13,1,43.69239,1,1.926789,423.4723076923077,5505.14,1,12,41.765601000000004,1.0,0.08333333333333333
0x8477e447846c758f5a675856001ea72298fd9cb5,2025-01-18,40,22,1055.8044439999999,20,7.923902,565.99425,22639.77,22,18,1047.8805419999999,0.9090909090909091,1.2222222222222223
0x8477e447846c758f5a675856001ea72298fd9cb5,2025-01-19,13,0,0.0,0,2.312596,508.26307692307694,6607.42,0,13,-2.312596,,0.0
0x8477e447846c758f5a675856001ea72298fd9cb5,2025-01-20,44,20,1876.265511,19,10.383988,674.2861363636364,29668.59,21,23,1865.881523,0.95,0.9130434782608695
0x8477e447846c758f5a675856001ea72298fd9cb5,2025-01-21,206,37,201.672306,35,20.814922,288.69718446601945,59471.62,37,169,180.857384,0.9459459459459459,0.21893491124260356
0x8477e447846c758f5a675856001ea72298fd9cb5,2025-01-22,147,29,261.367634,13,30.392978,590.73,86837.31,29,118,230.974656,0.4482758620689655,0.2457627118644068
0x8477e447846c758f5a675856001ea72298fd9cb5,2025-01-23,275,147,7503.093009,129,58.539402,646.8723272727273,177889.88999999998,152,123,7444.553607,0.8775510204081632,1.2357723577235773
0x8477e447846c758f5a675856001ea72298fd9cb5,2025-01-24,61,2,288.144978,2,7.4710719999999995,349.93508196721314,21346.04,2,59,280.673906,1.0,0.03389830508474576
0x8477e447846c758f5a675856001ea72298fd9cb5,2025-01-25,111,25,1125.196124,25,19.354491,498.1863963963964,55298.69,25,86,1105.841633,1.0,0.29069767441860467
0x8477e447846c758f5a675856001ea72298fd9cb5,2025-01-26,96,29,444.464792,21,27.403108,815.5705208333334,78294.77,29,67,417.061684,0.7241379310344828,0.43283582089552236
0x8477e447846c758f5a675856001ea72298fd9cb5,2025-01-27,31,18,4321.583225,18,15.156218,1396.8890322580644,43303.56,24,7,4306.427007,1.0,3.4285714285714284
0x8477e447846c758f5a675856001ea72298fd9cb5,2025-01-29,13,0,0.0,0,2.057023,452.09615384615387,5877.25,2,11,-2.057023,,0.18181818181818182
0x8477e447846c758f5a675856001ea72298fd9cb5,2025-01-30,9,0,0.0,0,0.970079,307.96333333333337,2771.67,0,9,-0.970079,,0.0
0x8477e447846c758f5a675856001ea72298fd9cb5,2025-01-31,66,16,151.311363,16,12.177244,527.1548484848485,34792.22,15,51,139.134119,1.0,0.29411764705882354
0x8477e447846c758f5a675856001ea72298fd9cb5,2025-02-01,60,34,1579.909758,29,12.918201,615.154,36909.24,34,26,1566.991557,0.8529411764705882,1.3076923076923077
0x8477e447846c758f5a675856001ea72298fd9cb5,2025-02-02,60,16,1023.934713,15,22.457569,1069.4091666666668,64164.55,58,2,1001.477144,0.9375,29.0
0x8477e447846c758f5a675856001ea72298fd9cb5,2025-02-03,138,67,1474.607584,67,79.470085,1645.3448550724638,227057.59,71,67,1395.1374990000002,1.0,1.0597014925373134
0x8477e447846c758f5a675856001ea72298fd9cb5,2025-02-04,6,0,0.0,0,0.971256,462.50499999999994,2775.0299999999997,0,6,-0.971256,,0.0
0x8477e447846c758f5a675856001ea72298fd9cb5,2025-02-05,20,12,554.257954,12,3.8847129999999996,554.9604999999999,11099.21,12,8,550.373241,1.0,1.5
0x8477e447846c758f5a675856001ea72298fd9cb5,2025-02-07,6,0,0.0,0,0.582022,277.15333333333336,1662.92,0,6,-0.582022,,0.0
0x8477e447846c758f5a675856001ea72298fd9cb5,2025-02-08,8,7,131.753274,7,0.923882,329.95875,2639.67,7,1,130.829392,1.0,7.0
0x8477e447846c758f5a675856001ea72298fd9cb5,2025-02-09,65,21,312.034872,20,7.336186,322.47153846153844,20960.649999999998,23,42,304.698686,0.9523809523809523,0.5476190476190477
0x8477e447846c758f5a675856001ea72298fd9cb5,2025-02-10,46,8,131.17446,7,9.424385,585.3667391304348,26926.87,17,29,121.75007500000001,0.875,0.5862068965517241
0x8477e447846c758f5a675856001ea72298fd9cb5,2025-02-11,19,5,56.537437,5,3.787513,569.5515789473684,10821.48,5,14,52.749924,1.0,0.35714285714285715
0x8477e447846c758f5a675856001ea72298fd9cb5,2025-02-12,30,26,299.669854,23,4.314933,410.9486666666666,12328.46,26,4,295.354921,0.8846153846153846,6.5
0x8477e447846c758f5a675856001ea72298fd9cb5,2025-02-13,25,11,181.456277,11,2.312537,264.2908,6607.2699999999995,11,14,179.14374,1.0,0.7857142857142857
0x8477e447846c758f5a675856001ea72298fd9cb5,2025-02-14,10,0,0.0,0,0.892394,254.971,2549.71,0,10,-0.892394,,0.0
0x8477e447846c758f5a675856001ea72298fd9cb5,2025-02-15,9,9,49.98382900000001,3,1.379656,437.9866666666667,3941.88,9,0,48.60417300000001,0.3333333333333333,inf
0x8477e447846c758f5a675856001ea72298fd9cb5,2025-02-16,1,0,0.0,0,0.194256,555.02,555.02,0,1,-0.194256,,0.0
0x8477e447846c758f5a675856001ea72298fd9cb5,2025-02-17,20,0,0.0,0,3.5744730000000002,510.6405,10212.81,0,20,-3.5744730000000002,,0.0
0x8477e447846c758f5a675856001ea72298fd9cb5,2025-02-18,23,21,950.815596,21,5.185141,644.1191304347826,14814.74,21,2,945.630455,1.0,10.5
0x8477e447846c758f5a675856001ea72298fd9cb5,2025-02-19,9,0,0.0,0,2.623911,832.99,7496.91,0,9,-2.623911,,0.0
0x8477e447846c758f5a675856001ea72298fd9cb5,2025-02-22,18,1,-80.922744,0,2.164054,343.5022222222222,6183.04,1,17,-83.08679799999999,0.0,0.058823529411764705
0x8477e447846c758f5a675856001ea72298fd9cb5,2025-02-23,24,1,63.922728,1,4.826209,574.5508333333333,13789.22,1,23,59.096519,1.0,0.043478260869565216
0x8477e447846c758f5a675856001ea72298fd9cb5,2025-02-24,55,38,1282.097568,35,16.843593,874.9930909090909,48124.62,50,5,1265.2539749999999,0.9210526315789473,10.0
0x8477e447846c758f5a675856001ea72298fd9cb5,2025-02-25,4,0,0.0,0,1.749824,1249.875,4999.5,4,0,-1.749824,,inf
0x8477e447846c758f5a675856001ea72298fd9cb5,2025-02-26,14,1,108.13869,1,3.147529,642.3542857142858,8992.960000000001,0,14,104.99116099999999,1.0,0.0
0x8477e447846c758f5a675856001ea72298fd9cb5,2025-02-27,1,0,0.0,0,0.874891,2499.69,2499.69,1,0,-0.874891,,inf
0x8477e447846c758f5a675856001ea72298fd9cb5,2025-02-28,19,10,268.367925,10,7.493002000000001,1126.7694736842104,21408.62,14,5,260.874923,1.0,2.8
0x8477e447846c758f5a675856001ea72298fd9cb5,2025-03-03,68,31,468.35197800000003,23,13.705607,575.8669117647058,39158.95,32,36,454.64637100000004,0.7419354838709677,0.8888888888888888
0x8477e447846c758f5a675856001ea72298fd9cb5,2025-03-04,8,1,54.2704,1,3.1298969999999997,1117.82,8942.56,8,0,51.140503,1.0,inf
0x8477e447846c758f5a675856001ea72298fd9cb5,2025-03-05,34,4,34.86435,4,6.463336,543.1394117647059,18466.739999999998,0,34,28.401014000000004,1.0,0.0
0x8477e447846c758f5a675856001ea72298fd9cb5,2025-03-06,7,0,0.0,0,0.270798,110.53285714285714,773.73,0,7,-0.270798,,0.0
0x8477e447846c758f5a675856001ea72298fd9cb5,2025-03-07,2,1,9.266712,1,0.388198,554.57,1109.14,1,1,8.878514000000001,1.0,1.0
0x8477e447846c758f5a675856001ea72298fd9cb5,2025-03-09,35,33,969.56792,33,2.957549,241.43400000000003,8450.19,33,2,966.610371,1.0,16.5
0x8477e447846c758f5a675856001ea72298fd9cb5,2025-03-10,3,0,0.0,0,1.749475,1666.1666666666667,4998.5,3,0,-1.749475,,inf
0x8477e447846c758f5a675856001ea72298fd9cb5,2025-03-11,8,7,94.48255800000001,6,3.532232,1261.5125,10092.1,1,7,90.95032600000002,0.8571428571428571,0.14285714285714285
0x8477e447846c758f5a675856001ea72298fd9cb5,2025-03-12,3,0,0.0,0,0.700161,666.82,2000.46,3,0,-0.700161,,inf
0x8477e447846c758f5a675856001ea72298fd9cb5,2025-03-13,11,0,0.0,0,1.478244,383.9627272727273,4223.59,11,0,-1.478244,,inf
0x8477e447846c758f5a675856001ea72298fd9cb5,2025-03-14,5,5,364.03788,5,2.30581,1317.608,6588.04,0,5,361.73206999999996,1.0,0.0
0x8477e447846c758f5a675856001ea72298fd9cb5,2025-03-18,24,12,185.307189,12,3.740228,445.26666666666665,10686.4,12,12,181.566961,1.0,1.0
0x8477e447846c758f5a675856001ea72298fd9cb5,2025-03-19,9,0,0.0,0,1.88465,598.3033333333333,5384.73,0,9,-1.88465,,0.0
0x8477e447846c758f5a675856001ea72298fd9cb5,2025-03-20,11,11,65.297516,7,1.861792,483.58363636363634,5319.42,11,0,63.435724,0.6363636363636364,inf
0x8477e447846c758f5a675856001ea72298fd9cb5,2025-03-21,2,0,0.0,0,0.31048699999999996,443.555,887.11,0,2,-0.31048699999999996,,0.0
0x8477e447846c758f5a675856001ea72298fd9cb5,2025-03-22,4,2,-41.40918,0,0.40233399999999997,287.38,1149.52,2,2,-41.811514,0.0,1.0
0x8477e447846c758f5a675856001ea72298fd9cb5,2025-03-23,37,11,178.247768,11,7.184167,554.7635135135135,20526.25,11,26,171.063601,1.0,0.4230769230769231
0x8477e447846c758f5a675856001ea72298fd9cb5,2025-03-24,78,0,0.0,0,15.285498,559.9092307692307,43672.92,0,78,-15.285498,,0.0
0x8477e447846c758f5a675856001ea72298fd9cb5,2025-03-25,36,26,994.196069,25,16.028101,1272.072777777778,45794.62,26,10,978.167968,0.9615384615384616,2.6
0x8477e447846c758f5a675856001ea72298fd9cb5,2025-03-26,9,1,27.5033,1,2.345032,744.4566666666666,6700.11,1,8,25.158268,1.0,0.125
0x8477e447846c758f5a675856001ea72298fd9cb5,2025-03-27,40,14,195.60777199999998,14,13.442556,1138.75375,45550.15,14,26,182.165216,1.0,0.5384615384615384
0x8477e447846c758f5a675856001ea72298fd9cb5,2025-03-28,37,25,1617.77036,25,15.865988,1225.1743243243243,45331.45,25,12,1601.904372,1.0,2.0833333333333335
0x8477e447846c758f5a675856001ea72298fd9cb5,2025-03-29,10,2,7.57416,2,2.524376,721.253,7212.530000000001,2,8,5.049784,1.0,0.25
0x8477e447846c758f5a675856001ea72298fd9cb5,2025-03-30,8,6,267.13403800000003,6,1.908502,681.61,5452.88,6,2,265.22553600000003,1.0,3.0
0x8477e447846c758f5a675856001ea72298fd9cb5,2025-03-31,7,3,92.902727,3,1.250182,510.28000000000003,3571.96,3,4,91.652545,1.0,0.75
0x8477e447846c758f5a675856001ea72298fd9cb5,2025-04-03,6,0,0.0,0,1.399017,666.2016666666667,3997.21,6,0,-1.399017,,inf
0x8477e447846c758f5a675856001ea72298fd9cb5,2025-04-04,54,17,586.623362,17,8.263874,483.5138888888889,26109.75,36,18,578.359488,1.0,2.0
0x8477e447846c758f5a675856001ea72298fd9cb5,2025-04-05,4,0,0.0,0,0.874638,624.745,2498.98,0,4,-0.874638,,0.0
0x8477e447846c758f5a675856001ea72298fd9cb5,2025-04-06,28,4,67.080809,4,2.599645,443.69,12423.32,28,0,64.481164,1.0,inf
0x8477e447846c758f5a675856001ea72298fd9cb5,2025-04-07,270,103,632.303024,73,134.158752,1849.3804444444443,499332.72,145,125,498.14427200000006,0.7087378640776699,1.16
0x8477e447846c758f5a675856001ea72298fd9cb5,2025-04-08,46,14,81.035707,14,10.494913,828.6836956521738,38119.45,15,31,70.540794,1.0,0.4838709677419355
0x8477e447846c758f5a675856001ea72298fd9cb5,2025-04-09,136,27,500.847132,26,43.572328999999996,925.8802205882353,125919.70999999999,30,106,457.274803,0.9629629629629629,0.2830188679245283
0x8477e447846c758f5a675856001ea72298fd9cb5,2025-04-10,314,173,-103.71342200000002,84,74.654105,874.4072929936306,274563.89,173,141,-178.36752700000002,0.48554913294797686,1.2269503546099292
0x8477e447846c758f5a675856001ea72298fd9cb5,2025-04-11,61,12,19.202581000000002,12,9.307393,553.0408196721311,33735.49,12,49,9.895188000000003,1.0,0.24489795918367346
0x8477e447846c758f5a675856001ea72298fd9cb5,2025-04-12,24,0,0.0,0,6.491558,772.8058333333333,18547.34,0,24,-6.491558,,0.0
0x8477e447846c758f5a675856001ea72298fd9cb5,2025-04-13,287,196,1350.19094,147,66.817145,820.2411846689896,235409.22,196,91,1283.373795,0.75,2.1538461538461537
0x8477e447846c758f5a675856001ea72298fd9cb5,2025-04-14,23,12,236.725655,12,7.371822,932.9834782608696,21458.62,12,11,229.35383299999998,1.0,1.0909090909090908
0x8477e447846c758f5a675856001ea72298fd9cb5,2025-04-15,38,15,191.802066,14,6.927599,520.8728947368421,19793.17,15,23,184.874467,0.9333333333333333,0.6521739130434783
0x8477e447846c758f5a675856001ea72298fd9cb5,2025-04-16,4,4,71.93199,4,0.499147,356.5375,1426.15,4,0,71.432843,1.0,inf
0x8477e447846c758f5a675856001ea72298fd9cb5,2025-04-18,20,0,0.0,0,2.68156,383.0805,7661.61,0,20,-2.68156,,0.0
0x8477e447846c758f5a675856001ea72298fd9cb5,2025-04-19,19,0,0.0,0,2.17378,326.8852631578947,6210.82,0,19,-2.17378,,0.0
0x8477e447846c758f5a675856001ea72298fd9cb5,2025-04-20,44,5,43.224447,5,5.058285,328.4611363636364,14452.29,5,39,38.166162,1.0,0.1282051282051282
0x8477e447846c758f5a675856001ea72298fd9cb5,2025-04-21,108,32,596.556385,32,18.339327,498.3961111111111,53826.78,32,76,578.217058,1.0,0.42105263157894735
0x8477e447846c758f5a675856001ea72298fd9cb5,2025-04-22,988,312,-180.07315699999998,161,337.52486,1169.5095344129554,1155475.42,312,676,-517.598017,0.5160256410256411,0.46153846153846156
0x8477e447846c758f5a675856001ea72298fd9cb5,2025-04-23,1950,1523,-27087.802198,41,291.009131,636.126676923077,1240447.02,1523,427,-27378.811329,0.026920551543007223,3.566744730679157
0x8477e447846c758f5a675856001ea72298fd9cb5,2025-04-24,117,75,2397.669518,60,25.177256,658.8346153846153,77083.65,75,42,2372.492262,0.8,1.7857142857142858
0x8477e447846c758f5a675856001ea72298fd9cb5,2025-04-25,207,2,36.153454,2,77.063853,1063.6844444444444,220182.68,2,205,-40.91039899999999,1.0,0.00975609756097561
0x8477e447846c758f5a675856001ea72298fd9cb5,2025-04-26,70,34,394.655169,33,34.708292,1416.666857142857,99166.68,34,36,359.946877,0.9705882352941176,0.9444444444444444
0x8477e447846c758f5a675856001ea72298fd9cb5,2025-04-27,20,19,78.78402200000001,19,9.548649,1364.094,27281.88,19,1,69.23537300000001,1.0,19.0
0x8477e447846c758f5a675856001ea72298fd9cb5,2025-04-28,80,76,-6424.928118,5,61.413055,2193.325,175466.0,76,4,-6486.341173,0.06578947368421052,19.0
0x8477e447846c758f5a675856001ea72298fd9cb5,2025-04-29,73,33,-1793.442795,2,6.708202,396.20082191780824,28922.66,33,40,-1800.150997,0.06060606060606061,0.825
0x8477e447846c758f5a675856001ea72298fd9cb5,2025-04-30,87,56,-1053.418063,22,26.119731,985.3667816091954,85726.91,55,32,-1079.537794,0.39285714285714285,1.71875
0x8477e447846c758f5a675856001ea72298fd9cb5,2025-05-01,19,14,-200.94846,0,1.088026,309.6568421052632,5883.4800000000005,14,5,-202.03648600000002,0.0,2.8
0x92f17e8d81a944691c10e753af1b1baae1a2cd0d,2024-12-13,162,0,0.0,0,4.20111348,2468.940987654321,399968.44,162,0,-4.20111348,,inf
0x92f17e8d81a944691c10e753af1b1baae1a2cd0d,2024-12-15,413,0,0.0,0,11.53175475,1890.1754237288135,780642.45,413,0,-11.53175475,,inf
0x92f17e8d81a944691c10e753af1b1baae1a2cd0d,2024-12-16,2,1,55.987393,1,0.02034849,55.980000000000004,111.96000000000001,1,1,55.967044509999994,1.0,1.0
0x92f17e8d81a944691c10e753af1b1baae1a2cd0d,2024-12-17,1,0,0.0,0,0.0,0.0,0.0,0,1,0.0,,0.0
0x92f17e8d81a944691c10e753af1b1baae1a2cd0d,2024-12-22,86,0,0.0,0,71.770235,4111.969186046511,353629.35,6,80,-71.770235,,0.075
0x92f17e8d81a944691c10e753af1b1baae1a2cd0d,2024-12-23,60,54,8639.369933,54,69.64450000000001,9857.592999999999,591455.58,60,0,8569.725433,1.0,inf
0x92f17e8d81a944691c10e753af1b1baae1a2cd0d,2025-01-19,484,0,0.0,0,355.505903,2098.6197107438015,1015731.94,484,0,-355.505903,,inf
0x92f17e8d81a944691c10e753af1b1baae1a2cd0d,2025-01-23,487,432,63464.28729,432,514.000444,3015.5509856262834,1468573.33,100,387,62950.286846,1.0,0.25839793281653745
0x92f17e8d81a944691c10e753af1b1baae1a2cd0d,2025-01-29,636,286,21987.812579,272,579.84199,2604.86213836478,1656692.32,286,350,21407.970589,0.951048951048951,0.8171428571428572
0x92f17e8d81a944691c10e753af1b1baae1a2cd0d,2025-02-02,169,75,12245.905048999999,75,140.225324,2370.67449704142,400643.99,94,75,12105.679724999998,1.0,1.2533333333333334
0x92f17e8d81a944691c10e753af1b1baae1a2cd0d,2025-02-07,2,0,0.0,0,0.4,46000.0,92000.0,2,0,-0.4,,inf
0x92f17e8d81a944691c10e753af1b1baae1a2cd0d,2025-02-08,152,0,0.0,0,1.19999773,1771.9198684210526,269331.82,152,0,-1.19999773,,inf
0x92f17e8d81a944691c10e753af1b1baae1a2cd0d,2025-02-24,45,0,0.0,0,1.99999899,9481.510444444444,426667.97,45,0,-1.99999899,,inf
0x92f17e8d81a944691c10e753af1b1baae1a2cd0d,2025-02-25,8,0,0.0,0,2.39999982,60250.0,482000.0,8,0,-2.39999982,,inf
0x92f17e8d81a944691c10e753af1b1baae1a2cd0d,2025-04-07,68,33,3425.96095,33,228.673001,9608.110294117647,653351.5,25,43,3197.287949,1.0,0.5813953488372093
0x92f17e8d81a944691c10e753af1b1baae1a2cd0d,2025-04-14,25,7,-621.54506,0,175.552752,20063.1732,501579.33,18,7,-797.097812,0.0,2.5714285714285716
0x92f17e8d81a944691c10e753af1b1baae1a2cd0d,2025-04-16,4,0,0.0,0,58.848298,42034.5,168138.0,4,0,-58.848298,,inf
0x92f17e8d81a944691c10e753af1b1baae1a2cd0d,2025-04-23,248,4,17381.164,4,606.143139,6983.216774193548,1731837.76,244,4,16775.020861,1.0,61.0
0xa0feb3725a9335f49874d7cd8eaad6be45b27416,2024-12-13,234,164,2270.1241019999998,164,19.428627,939.9077777777777,219938.41999999998,70,164,2250.695475,1.0,0.4268292682926829
0xa0feb3725a9335f49874d7cd8eaad6be45b27416,2024-12-14,683,296,10281.503571,296,73.206342,1674.4618155197657,1143657.42,386,297,10208.297229,1.0,1.2996632996632997
0xa0feb3725a9335f49874d7cd8eaad6be45b27416,2024-12-15,748,236,3932.676736,187,64.97873,1345.2046122994652,1006213.05,512,236,3867.698006,0.7923728813559322,2.169491525423729
0xa0feb3725a9335f49874d7cd8eaad6be45b27416,2024-12-16,326,164,3923.071266,164,30.75539,1710.5239570552149,557630.81,162,164,3892.315876,1.0,0.9878048780487805
0xa0feb3725a9335f49874d7cd8eaad6be45b27416,2024-12-17,599,260,9080.193597,260,68.951806,2051.6765609348913,1228954.26,339,260,9011.241791,1.0,1.3038461538461539
0xa0feb3725a9335f49874d7cd8eaad6be45b27416,2024-12-18,314,154,2755.818564,154,30.847866,1756.5612101910826,551560.22,160,154,2724.970698,1.0,1.0389610389610389
0xa0feb3725a9335f49874d7cd8eaad6be45b27416,2024-12-19,439,189,5687.811638,189,63.489077,1937.9936218678815,850779.2,250,189,5624.322561,1.0,1.3227513227513228
0xa0feb3725a9335f49874d7cd8eaad6be45b27416,2024-12-20,243,163,5930.482942,163,29.021081,1136.9883950617284,276288.18,80,163,5901.461861,1.0,0.49079754601226994
0xa0feb3725a9335f49874d7cd8eaad6be45b27416,2024-12-21,331,105,2600.050242,105,57.790802,1631.86501510574,540147.32,226,105,2542.25944,1.0,2.1523809523809523
0xa0feb3725a9335f49874d7cd8eaad6be45b27416,2024-12-22,291,81,2718.982224,81,43.031281,1754.1204123711339,510449.04,210,81,2675.950943,1.0,2.5925925925925926
0xa0feb3725a9335f49874d7cd8eaad6be45b27416,2024-12-23,3,0,0.0,0,0.210533,1403.5600000000002,4210.68,3,0,-0.210533,,inf
0xa0feb3725a9335f49874d7cd8eaad6be45b27416,2024-12-24,1,0,0.0,0,0.898379,2994.6,2994.6,1,0,-0.898379,,inf
0xa0feb3725a9335f49874d7cd8eaad6be45b27416,2025-01-15,2,0,0.0,0,0.10441900000000001,522.095,1044.19,2,0,-0.10441900000000001,,inf
0xa0feb3725a9335f49874d7cd8eaad6be45b27416,2025-01-18,53,0,0.0,0,14.034398,1244.2596226415094,65945.76,53,0,-14.034398,,inf
0xa0feb3725a9335f49874d7cd8eaad6be45b27416,2025-01-20,1,0,0.0,0,0.299998,2999.98,2999.98,1,0,-0.299998,,inf
0xa0feb3725a9335f49874d7cd8eaad6be45b27416,2025-01-22,20,2,140.995116,2,0.673011,332.675,6653.5,18,2,140.322105,1.0,9.0
0xa0feb3725a9335f49874d7cd8eaad6be45b27416,2025-01-23,6,0,0.0,0,0.341949,569.92,3419.52,6,0,-0.341949,,inf
0xa0feb3725a9335f49874d7cd8eaad6be45b27416,2025-01-24,9,0,0.0,0,1.599999,671.1622222222222,6040.46,9,0,-1.599999,,inf
0xa0feb3725a9335f49874d7cd8eaad6be45b27416,2025-01-27,20,0,0.0,0,0.8998309999999999,449.921,8998.42,20,0,-0.8998309999999999,,inf
0xa0feb3725a9335f49874d7cd8eaad6be45b27416,2025-01-31,65,65,9719.053192,65,19.233983,2959.078615384615,192340.11,0,65,9699.819209,1.0,0.0
0xa0feb3725a9335f49874d7cd8eaad6be45b27416,2025-02-01,18,18,923.487443,18,2.633701,1390.1038888888888,25021.87,0,18,920.853742,1.0,0.0
0xa0feb3725a9335f49874d7cd8eaad6be45b27416,2025-02-02,29,0,0.0,0,5.072198,1210.4648275862069,35103.479999999996,29,0,-5.072198,,inf
0xa0feb3725a9335f49874d7cd8eaad6be45b27416,2025-02-03,15,6,2161.6751200000003,6,26.363956,8577.862,128667.93,9,6,2135.311164,1.0,1.5
0xa0feb3725a9335f49874d7cd8eaad6be45b27416,2025-02-04,731,149,4624.583773,138,157.259385,1221.8522845417237,893174.02,573,158,4467.324388,0.9261744966442953,3.6265822784810124
0xa0feb3725a9335f49874d7cd8eaad6be45b27416,2025-02-05,368,105,-6194.283149,45,304.26918,4161.944646739131,1531595.6300000001,263,105,-6498.552329,0.42857142857142855,2.5047619047619047
0xa0feb3725a9335f49874d7cd8eaad6be45b27416,2025-02-06,806,275,2780.135427,274,111.97957,716.7850620347394,577728.76,531,275,2668.155857,0.9963636363636363,1.930909090909091
0xa0feb3725a9335f49874d7cd8eaad6be45b27416,2025-02-07,787,202,6119.377807,202,302.792442,1749.6032401524778,1376937.75,589,198,5816.585365,1.0,2.974747474747475
0xa0feb3725a9335f49874d7cd8eaad6be45b27416,2025-02-08,328,96,330.039883,96,27.555919,764.5767682926829,250781.18,232,96,302.48396399999996,1.0,2.4166666666666665
0xa0feb3725a9335f49874d7cd8eaad6be45b27416,2025-02-09,122,22,183.593223,21,9.858359,747.8363934426229,91236.04,100,22,173.734864,0.9545454545454546,4.545454545454546
0xa0feb3725a9335f49874d7cd8eaad6be45b27416,2025-02-10,304,185,1338.39845,185,16.107328,868.6251644736842,264062.05,119,185,1322.2911219999999,1.0,0.6432432432432432
0xa0feb3725a9335f49874d7cd8eaad6be45b27416,2025-02-11,183,31,869.757103,31,33.559473,1215.386612021858,222415.75,152,31,836.19763,1.0,4.903225806451613
0xa0feb3725a9335f49874d7cd8eaad6be45b27416,2025-02-12,50,0,0.0,0,2.499139,999.666,49983.3,50,0,-2.499139,,inf
0xa0feb3725a9335f49874d7cd8eaad6be45b27416,2025-02-13,399,160,1312.55815,160,132.655252,2012.0397744360903,802803.87,239,160,1179.902898,1.0,1.49375
0xa0feb3725a9335f49874d7cd8eaad6be45b27416,2025-02-14,306,36,414.743169,34,60.105301999999995,1372.3451960784314,419937.63,271,35,354.637867,0.9444444444444444,7.742857142857143
0xa0feb3725a9335f49874d7cd8eaad6be45b27416,2025-02-15,466,116,590.73516,113,45.096536,787.2578326180258,366862.15,351,115,545.6386239999999,0.9741379310344828,3.0521739130434784
0xa0feb3725a9335f49874d7cd8eaad6be45b27416,2025-02-16,455,228,819.9958,195,16.960231,501.30874725274725,228095.48,226,229,803.035569,0.8552631578947368,0.9868995633187773
0xa0feb3725a9335f49874d7cd8eaad6be45b27416,2025-02-17,284,119,303.11202,118,16.349651,598.8410211267606,170070.85,118,166,286.762369,0.9915966386554622,0.7108433734939759
0xa0feb3725a9335f49874d7cd8eaad6be45b27416,2025-02-18,413,149,3494.964308,149,38.828941,1209.069588377724,499345.74,262,151,3456.135367,1.0,1.7350993377483444
0xa0feb3725a9335f49874d7cd8eaad6be45b27416,2025-02-19,400,134,1280.6095579999999,134,71.234617,1091.899,436759.6,266,134,1209.3749409999998,1.0,1.9850746268656716
0xa0feb3725a9335f49874d7cd8eaad6be45b27416,2025-02-20,968,443,2866.872677,443,87.025921,817.1428202479339,790994.25,525,443,2779.846756,1.0,1.18510158013544
0xa0feb3725a9335f49874d7cd8eaad6be45b27416,2025-02-21,769,341,3417.71341,341,73.35484,1031.4382574772433,793176.02,428,341,3344.35857,1.0,1.2551319648093842
0xa0feb3725a9335f49874d7cd8eaad6be45b27416,2025-02-22,41,20,101.06290399999999,20,4.64251,789.0624390243902,32351.559999999998,21,20,96.42039399999999,1.0,1.05
0xa0feb3725a9335f49874d7cd8eaad6be45b27416,2025-02-23,53,0,0.0,0,0.599623,226.28509433962265,11993.11,53,0,-0.599623,,inf
0xa0feb3725a9335f49874d7cd8eaad6be45b27416,2025-02-24,42,0,0.0,0,2.91327,495.59309523809526,20814.91,42,0,-2.91327,,inf
0xa0feb3725a9335f49874d7cd8eaad6be45b27416,2025-02-25,193,54,826.548369,54,10.378791,626.2487046632124,120866.0,139,54,816.169578,1.0,2.574074074074074
0xa0feb3725a9335f49874d7cd8eaad6be45b27416,2025-02-26,20,0,0.0,0,1.999079,749.8255,14996.51,20,0,-1.999079,,inf
0xa0feb3725a9335f49874d7cd8eaad6be45b27416,2025-02-27,13,0,0.0,0,2.997722,768.6484615384616,9992.43,13,0,-2.997722,,inf
0xa0feb3725a9335f49874d7cd8eaad6be45b27416,2025-02-28,197,62,1011.258943,61,17.835655,623.2444670050761,122779.16,141,56,993.4232880000001,0.9838709677419355,2.517857142857143
0xa0feb3725a9335f49874d7cd8eaad6be45b27416,2025-03-02,32,16,625.512206,16,2.793128,1691.2284375000002,54119.310000000005,16,16,622.719078,1.0,1.0
0xa0feb3725a9335f49874d7cd8eaad6be45b27416,2025-03-03,176,16,60.171373,15,2.7102749999999998,234.52426136363636,41276.27,160,16,57.461098,0.9375,10.0
0xa0feb3725a9335f49874d7cd8eaad6be45b27416,2025-03-04,40,0,0.0,0,0.738537,369.27675,14771.07,40,0,-0.738537,,inf
0xa0feb3725a9335f49874d7cd8eaad6be45b27416,2025-03-14,8,0,0.0,0,0.699979,874.97875,6999.83,8,0,-0.699979,,inf
0xa0feb3725a9335f49874d7cd8eaad6be45b27416,2025-04-15,21,9,73.34455,9,3.9631380000000003,917.6357142857142,19270.35,9,12,69.381412,1.0,0.75
0xa0feb3725a9335f49874d7cd8eaad6be45b27416,2025-04-16,47,19,100.22198900000001,17,2.990934,400.05872340425526,18802.76,19,28,97.23105500000001,0.8947368421052632,0.6785714285714286
0xa0feb3725a9335f49874d7cd8eaad6be45b27416,2025-04-17,13,6,18.57004,6,0.645079,303.8438461538462,3949.9700000000003,6,7,17.924961,1.0,0.8571428571428571
0xa0feb3725a9335f49874d7cd8eaad6be45b27416,2025-04-23,550,215,6653.134804,215,40.63173124,894.6094181818181,492035.18,335,215,6612.503072760001,1.0,1.558139534883721
0xa0feb3725a9335f49874d7cd8eaad6be45b27416,2025-04-24,334,65,1279.688605,65,37.2493389753,1325.6926047904192,442781.33,269,65,1242.4392660247001,1.0,4.138461538461539
0xa0feb3725a9335f49874d7cd8eaad6be45b27416,2025-04-25,138,43,4058.112969,43,16.8622330082,1475.0315217391305,203554.35,95,43,4041.2507359918,1.0,2.2093023255813953
0xa0feb3725a9335f49874d7cd8eaad6be45b27416,2025-04-26,50,0,0.0,0,0.66920957,425.9992,21299.96,50,0,-0.66920957,,inf
0xa0feb3725a9335f49874d7cd8eaad6be45b27416,2025-04-27,46,4,147.309165,4,4.8708811662,858.3880434782608,39485.85,42,4,142.4382838338,1.0,10.5
0xa0feb3725a9335f49874d7cd8eaad6be45b27416,2025-04-28,155,21,474.245409,21,10.3046254701,1106.0305161290323,171434.73,134,21,463.9407835299,1.0,6.380952380952381
0xa0feb3725a9335f49874d7cd8eaad6be45b27416,2025-04-29,214,93,1189.49741,93,19.0121721531,1261.7606542056074,270016.77999999997,121,93,1170.4852378469,1.0,1.3010752688172043
0xa0feb3725a9335f49874d7cd8eaad6be45b27416,2025-04-30,345,123,1555.834562,123,13.2328752555,793.9205507246378,273902.59,222,123,1542.6016867445,1.0,1.8048780487804879
0xa0feb3725a9335f49874d7cd8eaad6be45b27416,2025-05-01,288,101,1449.529436,101,27.8552032658,1130.8870833333333,325695.48,187,101,1421.6742327342001,1.0,1.8514851485148516
0xa520ded057a32086c40e7dd6ed4eb8efb82c00e0,2024-08-03,16,0,0.0,0,51.977449,9281.686875,148506.99,16,0,-51.977449,,inf
0xa520ded057a32086c40e7dd6ed4eb8efb82c00e0,2024-08-04,10,2,-14176.51042,0,48.482797000000005,13492.987,134929.87,8,2,-14224.993217000001,0.0,4.0
0xa520ded057a32086c40e7dd6ed4eb8efb82c00e0,2024-08-05,2,0,0.0,0,36.606680000000004,10053.805,20107.61,2,0,-36.606680000000004,,inf
0xa520ded057a32086c40e7dd6ed4eb8efb82c00e0,2024-08-07,1,0,0.0,0,0.2136618,500.0,500.0,1,0,-0.2136618,,inf
0xa520ded057a32086c40e7dd6ed4eb8efb82c00e0,2024-08-08,4,3,-40.712216999999995,0,0.160745,114.82,459.28,0,4,-40.872961999999994,0.0,0.0
0xa520ded057a32086c40e7dd6ed4eb8efb82c00e0,2024-08-09,2,0,0.0,0,0.08139447,250.0,500.0,2,0,-0.08139447,,inf
0xa520ded057a32086c40e7dd6ed4eb8efb82c00e0,2024-08-17,1,1,-288.283113,0,0.021169,211.7,211.7,0,1,-288.304282,0.0,0.0
0xa520ded057a32086c40e7dd6ed4eb8efb82c00e0,2024-08-18,1,0,0.0,0,0.0,0.01,0.01,0,1,0.0,,0.0
0xa520ded057a32086c40e7dd6ed4eb8efb82c00e0,2024-08-21,2,0,0.0,0,0.700099,1000.14,2000.28,2,0,-0.700099,,inf
0xa520ded057a32086c40e7dd6ed4eb8efb82c00e0,2024-09-08,1,0,0.0,0,0.0,0.11,0.11,0,1,0.0,,0.0
0xa520ded057a32086c40e7dd6ed4eb8efb82c00e0,2024-09-10,2,2,-219.729659,0,0.62319,890.27,1780.54,0,2,-220.352849,0.0,0.0
0xa520ded057a32086c40e7dd6ed4eb8efb82c00e0,2024-10-17,1,0,0.0,0,0.174901,499.72,499.72,1,0,-0.174901,,inf
0xa520ded057a32086c40e7dd6ed4eb8efb82c00e0,2024-10-28,4,4,167.28016200000002,4,0.275335,375.23249999999996,1500.9299999999998,0,4,167.004827,1.0,0.0
0xa520ded057a32086c40e7dd6ed4eb8efb82c00e0,2024-11-07,95,48,3360.9281,48,1.87150338,208.8205263157895,19837.95,47,48,3359.05659662,1.0,0.9791666666666666
0xa520ded057a32086c40e7dd6ed4eb8efb82c00e0,2024-11-13,1,0,0.0,0,0.070012,200.04,200.04,1,0,-0.070012,,inf
0xa520ded057a32086c40e7dd6ed4eb8efb82c00e0,2024-11-18,9,9,693.220788,9,0.572741,186.3422222222222,1677.08,0,9,692.648047,1.0,0.0
0xa520ded057a32086c40e7dd6ed4eb8efb82c00e0,2024-11-21,1,1,2.83504,1,0.071004,202.87,202.87,0,1,2.764036,1.0,0.0
0xa520ded057a32086c40e7dd6ed4eb8efb82c00e0,2024-11-29,21,0,0.0,0,4.22740322,5762.356666666667,121009.49,21,0,-4.22740322,,inf
0xa520ded057a32086c40e7dd6ed4eb8efb82c00e0,2024-12-01,61,49,34709.852428,49,9.36078833,856.4519672131147,52243.57,12,49,34700.49163967,1.0,0.24489795918367346
0xa520ded057a32086c40e7dd6ed4eb8efb82c00e0,2024-12-03,34,0,0.0,0,2.2150486799999998,2941.1758823529412,99999.98,34,0,-2.2150486799999998,,inf
0xa520ded057a32086c40e7dd6ed4eb8efb82c00e0,2024-12-10,8,0,0.0,0,2.38649766,13718.098750000001,109744.79000000001,8,0,-2.38649766,,inf
0xa520ded057a32086c40e7dd6ed4eb8efb82c00e0,2024-12-11,15,15,994.238977,15,0.620024,165.00133333333332,2475.02,0,15,993.618953,1.0,0.0
0xa520ded057a32086c40e7dd6ed4eb8efb82c00e0,2024-12-12,4,4,2512.437585,4,1.8742159999999999,1374.4125000000001,5497.650000000001,0,4,2510.563369,1.0,0.0
0xa520ded057a32086c40e7dd6ed4eb8efb82c00e0,2024-12-16,13,13,2069.35811,13,0.334015,192.29384615384618,2499.82,0,13,2069.024095,1.0,0.0
0xa520ded057a32086c40e7dd6ed4eb8efb82c00e0,2024-12-17,1,1,256.200336,1,0.029973,299.74,299.74,0,1,256.170363,1.0,0.0
0xa520ded057a32086c40e7dd6ed4eb8efb82c00e0,2024-12-20,12,11,23353.625678,11,4.49421197,4763.3358333333335,57160.03,1,11,23349.13146603,1.0,0.09090909090909091
0xa520ded057a32086c40e7dd6ed4eb8efb82c00e0,2025-01-04,5,5,556.803152,5,0.356291,213.09399999999997,1065.4699999999998,0,5,556.4468609999999,1.0,0.0
0xa520ded057a32086c40e7dd6ed4eb8efb82c00e0,2025-01-14,12,12,7013.428624,12,3.482992,829.285,9951.42,0,12,7009.945632,1.0,0.0
0xa520ded057a32086c40e7dd6ed4eb8efb82c00e0,2025-01-21,8,8,2806.434723,8,1.670433,597.6225000000001,4780.9800000000005,0,8,2804.76429,1.0,0.0
0xa520ded057a32086c40e7dd6ed4eb8efb82c00e0,2025-01-27,56,56,12084.434144,56,14.877165,989.8810714285713,55433.34,0,56,12069.556979,1.0,0.0
0xa520ded057a32086c40e7dd6ed4eb8efb82c00e0,2025-01-28,3,0,0.0,0,0.0,0.07666666666666667,0.23,0,3,0.0,,0.0
0xa520ded057a32086c40e7dd6ed4eb8efb82c00e0,2025-02-03,1,1,20.596691,1,0.349967,999.91,999.91,0,1,20.246724,1.0,0.0
0xa520ded057a32086c40e7dd6ed4eb8efb82c00e0,2025-02-10,2,2,30.785143,2,0.174872,249.82,499.64,0,2,30.610271,1.0,0.0
0xa520ded057a32086c40e7dd6ed4eb8efb82c00e0,2025-03-08,2,2,-1121.6509429999999,0,0.8754900000000001,1250.705,2501.41,0,2,-1122.5264329999998,0.0,0.0
0xa520ded057a32086c40e7dd6ed4eb8efb82c00e0,2025-04-08,1,1,-920.33629,0,0.350298,1000.85,1000.85,0,1,-920.6865879999999,0.0,0.0
0xa520ded057a32086c40e7dd6ed4eb8efb82c00e0,2025-04-10,3,3,-965.1214130000001,0,0.31047,534.0066666666667,1602.02,0,3,-965.4318830000001,0.0,0.0
0xa520ded057a32086c40e7dd6ed4eb8efb82c00e0,2025-04-13,2,2,-53.631353999999995,0,0.045167,64.53,129.06,0,2,-53.676520999999994,0.0,0.0
0xae5eacaf9c6b9111fd53034a602c192a04e082ed,2024-12-02,44,0,0.0,0,3.50139761,1779.0295454545455,78277.3,44,0,-3.50139761,,inf
0xae5eacaf9c6b9111fd53034a602c192a04e082ed,2024-12-03,145,105,20925.513222,105,197.860887,3898.738206896552,565317.04,40,105,20727.652335000002,1.0,0.38095238095238093
0xae5eacaf9c6b9111fd53034a602c192a04e082ed,2024-12-04,1,0,0.0,0,0.0,0.1,0.1,0,1,0.0,,0.0
0xae5eacaf9c6b9111fd53034a602c192a04e082ed,2025-03-04,21,0,0.0,0,51.286693,7268.525238095238,152639.03,21,0,-51.286693,,inf
0xae5eacaf9c6b9111fd53034a602c192a04e082ed,2025-03-05,9,0,0.0,0,10.585937999999999,3500.644444444444,31505.8,9,0,-10.585937999999999,,inf
0xae5eacaf9c6b9111fd53034a602c192a04e082ed,2025-03-11,4,0,0.0,0,9.289627,6911.925,27647.7,4,0,-9.289627,,inf
0xae5eacaf9c6b9111fd53034a602c192a04e082ed,2025-03-18,38,0,0.0,0,31.427672,2461.443421052632,93534.85,38,0,-31.427672,,inf
0xae5eacaf9c6b9111fd53034a602c192a04e082ed,2025-04-08,33,0,0.0,0,31.777091000000002,2865.9021212121215,94574.77,33,0,-31.777091000000002,,inf
0xae5eacaf9c6b9111fd53034a602c192a04e082ed,2025-04-09,13,6,622.41079,6,3.460236,792.1807692307691,10298.349999999999,7,6,618.950554,1.0,1.1666666666666667
0xae5eacaf9c6b9111fd53034a602c192a04e082ed,2025-04-10,19,19,5615.909695,19,15.875953,2486.837368421053,47249.91,0,19,5600.0337420000005,1.0,0.0
0xae5eacaf9c6b9111fd53034a602c192a04e082ed,2025-04-12,45,24,2513.430964,24,34.214136,2262.842,101827.89,21,24,2479.216828,1.0,0.875
0xae5eacaf9c6b9111fd53034a602c192a04e082ed,2025-04-21,21,0,0.0,0,17.179883,2434.7928571428574,51130.65,21,0,-17.179883,,inf
0xae5eacaf9c6b9111fd53034a602c192a04e082ed,2025-04-23,28,28,28100.700490000003,28,26.621557,2829.6749999999997,79230.9,0,28,28074.078933000004,1.0,0.0
0xae5eacaf9c6b9111fd53034a602c192a04e082ed,2025-04-24,87,17,2587.44383,17,68.25541199999999,2334.9580459770114,203141.35,70,17,2519.188418,1.0,4.117647058823529
0xae5eacaf9c6b9111fd53034a602c192a04e082ed,2025-04-25,55,31,7480.21054,31,47.392782000000004,2564.5469090909096,141050.08000000002,24,31,7432.817758,1.0,0.7741935483870968
0xaf40fdc468c30116bd3307bcbf4a451a7ebf1deb,2024-12-09,4,0,0.0,0,0.787545,1968.8700000000001,7875.4800000000005,4,0,-0.787545,,inf
0xaf40fdc468c30116bd3307bcbf4a451a7ebf1deb,2024-12-11,1,1,39.7705,1,2.505516,7158.62,7158.62,0,1,37.264984,1.0,0.0
0xaf40fdc468c30116bd3307bcbf4a451a7ebf1deb,2024-12-12,1,1,15.24474,1,0.270154,771.87,771.87,0,1,14.974586,1.0,0.0
0xaf40fdc468c30116bd3307bcbf4a451a7ebf1deb,2024-12-23,3,0,0.0,0,0.09603800000000001,320.1333333333333,960.4,3,0,-0.09603800000000001,,inf
0xaf40fdc468c30116bd3307bcbf4a451a7ebf1deb,2024-12-24,1,1,3.43,1,0.33734,963.83,963.83,0,1,3.0926600000000004,1.0,0.0
0xaf40fdc468c30116bd3307bcbf4a451a7ebf1deb,2025-03-16,125,43,-1017.424213,18,66.44175718,5323.34248,665417.81,82,43,-1083.86597018,0.4186046511627907,1.9069767441860466
0xaf40fdc468c30116bd3307bcbf4a451a7ebf1deb,2025-03-17,35,33,-1646.3529,0,33.171181000000004,9477.486,331712.01,2,33,-1679.524081,0.0,0.06060606060606061
0xaf40fdc468c30116bd3307bcbf4a451a7ebf1deb,2025-03-18,21,0,0.0,0,8.243589,3925.5247619047623,82436.02,21,0,-8.243589,,inf
0xaf40fdc468c30116bd3307bcbf4a451a7ebf1deb,2025-03-19,162,112,5304.480047,112,42.4138180394,4703.033148148148,761891.37,50,112,5262.0662289606,1.0,0.44642857142857145
0xaf40fdc468c30116bd3307bcbf4a451a7ebf1deb,2025-03-20,1,0,0.0,0,8.487,84870.0,84870.0,1,0,-8.487,,inf
0xaf40fdc468c30116bd3307bcbf4a451a7ebf1deb,2025-03-24,23,17,5070.619785,17,55.854544000000004,15004.912173913042,345112.98,6,17,5014.765241,1.0,0.35294117647058826
0xaf40fdc468c30116bd3307bcbf4a451a7ebf1deb,2025-03-25,1,0,0.0,0,8.71,87100.0,87100.0,1,0,-8.71,,inf
0xaf40fdc468c30116bd3307bcbf4a451a7ebf1deb,2025-03-26,27,3,2087.063794,3,65.774139,16199.963333333333,437399.01,24,3,2021.289655,1.0,8.0
0xaf40fdc468c30116bd3307bcbf4a451a7ebf1deb,2025-03-27,21,6,894.0,6,78.29369,16543.90380952381,347421.98,15,6,815.70631,1.0,2.5
0xaf40fdc468c30116bd3307bcbf4a451a7ebf1deb,2025-03-28,54,4,1342.0,4,78.365291,6430.7037037037035,347258.0,50,4,1263.634709,1.0,12.5
0xaf40fdc468c30116bd3307bcbf4a451a7ebf1deb,2025-04-03,8,1,2020.0,1,34.021999,42527.5,340220.0,7,1,1985.978001,1.0,7.0
0xaf40fdc468c30116bd3307bcbf4a451a7ebf1deb,2025-04-05,8,1,2400.0,1,33.309998,41637.49875,333099.99,7,1,2366.690002,1.0,7.0
0xaf40fdc468c30116bd3307bcbf4a451a7ebf1deb,2025-04-07,17,0,0.0,0,3.805396,2238.4694117647055,38053.979999999996,17,0,-3.805396,,inf
0xaf40fdc468c30116bd3307bcbf4a451a7ebf1deb,2025-04-11,7,7,5246.0,7,20.849999,29785.714285714286,208500.0,0,7,5225.150001,1.0,0.0
0xaf40fdc468c30116bd3307bcbf4a451a7ebf1deb,2025-04-12,14,0,0.0,0,0.0066152269999999996,1435.7078571428572,20099.91,14,0,-0.0066152269999999996,,inf
0xb1231a4a2dd02f2276fa3c5e2a2f3436e6bfed23,2023-12-05,9,0,0.0,0,12.501455,5556.203333333334,50005.83,7,2,-12.501455,,3.5
0xb1231a4a2dd02f2276fa3c5e2a2f3436e6bfed23,2023-12-14,11,6,-205.43473700000007,4,28.300831000000002,10291.213636363636,113203.35,5,6,-233.73556800000006,0.6666666666666666,0.8333333333333334
0xb1231a4a2dd02f2276fa3c5e2a2f3436e6bfed23,2023-12-15,2,2,-24.632033999999997,0,2.652489,5304.975,10609.95,2,0,-27.284522999999997,0.0,inf
0xb1231a4a2dd02f2276fa3c5e2a2f3436e6bfed23,2023-12-16,3,0,0.0,0,3.8371890000000004,5116.256666666667,15348.77,3,0,-3.8371890000000004,,inf
0xb1231a4a2dd02f2276fa3c5e2a2f3436e6bfed23,2023-12-17,14,11,304.982785,7,29.069499,8305.572857142857,116278.02,3,11,275.91328599999997,0.6363636363636364,0.2727272727272727
0xb1231a4a2dd02f2276fa3c5e2a2f3436e6bfed23,2023-12-18,2,0,0.0,0,7.791045,15582.089999999998,31164.179999999997,2,0,-7.791045,,inf
0xb1231a4a2dd02f2276fa3c5e2a2f3436e6bfed23,2023-12-19,15,10,1000.5386120000001,10,22.900596,6106.827333333334,91602.41,5,10,977.6380160000001,1.0,0.5
0xb1231a4a2dd02f2276fa3c5e2a2f3436e6bfed23,2023-12-20,18,8,162.732282,8,35.409187,7868.710555555556,141636.79,10,8,127.323095,1.0,1.25
0xb1231a4a2dd02f2276fa3c5e2a2f3436e6bfed23,2023-12-21,49,27,537.211402,26,31.308469,2555.795306122449,125233.97,22,27,505.902933,0.9629629629629629,0.8148148148148148
0xb1231a4a2dd02f2276fa3c5e2a2f3436e6bfed23,2023-12-22,10,2,141.832675,2,22.218566000000003,8887.428,88874.28,8,2,119.61410899999998,1.0,4.0
0xb1231a4a2dd02f2276fa3c5e2a2f3436e6bfed23,2023-12-23,13,8,146.936704,8,19.609555,6033.711538461538,78438.25,5,8,127.32714899999999,1.0,0.625
0xb1231a4a2dd02f2276fa3c5e2a2f3436e6bfed23,2023-12-24,39,17,1008.619956,15,100.738715,10332.177948717948,402954.94,21,18,907.881241,0.8823529411764706,1.1666666666666667
0xb1231a4a2dd02f2276fa3c5e2a2f3436e6bfed23,2023-12-25,3,1,-245.081348,0,14.987124999999999,19982.836666666666,59948.51,2,1,-260.068473,0.0,2.0
0xb1231a4a2dd02f2276fa3c5e2a2f3436e6bfed23,2023-12-27,28,13,-704.8892269999999,4,42.852747,6121.823571428571,171411.06,15,13,-747.7419739999999,0.3076923076923077,1.1538461538461537
0xb1231a4a2dd02f2276fa3c5e2a2f3436e6bfed23,2023-12-28,23,13,-970.730876,0,25.0293,4352.923913043478,100117.25,10,13,-995.760176,0.0,0.7692307692307693
0xb1231a4a2dd02f2276fa3c5e2a2f3436e6bfed23,2023-12-29,50,20,508.92214299999995,15,142.389901,11391.1944,569559.72,31,19,366.53224199999994,0.75,1.631578947368421
0xb1231a4a2dd02f2276fa3c5e2a2f3436e6bfed23,2023-12-30,52,33,354.998648,23,175.637526,13510.58096153846,702550.21,20,32,179.361122,0.696969696969697,0.625
0xb1231a4a2dd02f2276fa3c5e2a2f3436e6bfed23,2024-01-01,18,6,-129.53146,1,66.059867,14679.973888888888,264239.52999999997,10,8,-195.591327,0.16666666666666666,1.25
0xb1231a4a2dd02f2276fa3c5e2a2f3436e6bfed23,2024-01-02,17,9,783.979116,8,30.337176,7138.1611764705885,121348.74,9,8,753.64194,0.8888888888888888,1.125
0xb1231a4a2dd02f2276fa3c5e2a2f3436e6bfed23,2024-01-03,67,35,866.015507,28,98.624811,5888.050149253731,394499.36,32,35,767.3906959999999,0.8,0.9142857142857143
0xb1231a4a2dd02f2276fa3c5e2a2f3436e6bfed23,2024-01-04,5,3,-67.60364,0,24.948132,19958.508,99792.54000000001,2,3,-92.551772,0.0,0.6666666666666666
0xb1231a4a2dd02f2276fa3c5e2a2f3436e6bfed23,2024-01-05,66,23,164.141565,13,425.985639,25817.31303030303,1703942.66,31,35,-261.844074,0.5652173913043478,0.8857142857142857
0xb1231a4a2dd02f2276fa3c5e2a2f3436e6bfed23,2024-01-06,22,12,135.58166400000002,10,74.630342,13569.154545454547,298521.4,11,11,60.95132200000002,0.8333333333333334,1.0
0xb1231a4a2dd02f2276fa3c5e2a2f3436e6bfed23,2024-01-07,97,37,-835.681235,9,262.212464,10812.887216494846,1048850.06,52,45,-1097.893699,0.24324324324324326,1.1555555555555554
0xb1231a4a2dd02f2276fa3c5e2a2f3436e6bfed23,2024-01-08,128,67,-269.874439,32,380.613064,11894.159609375,1522452.43,40,88,-650.4875030000001,0.47761194029850745,0.45454545454545453
0xb1231a4a2dd02f2276fa3c5e2a2f3436e6bfed23,2024-01-09,70,28,-826.349863,18,204.012928,12429.313857142857,870051.97,28,42,-1030.362791,0.6428571428571429,0.6666666666666666
0xb1231a4a2dd02f2276fa3c5e2a2f3436e6bfed23,2024-01-10,193,83,-1517.091342,41,434.044865,10660.515440414507,2057479.48,92,101,-1951.136207,0.4939759036144578,0.9108910891089109
0xb1231a4a2dd02f2276fa3c5e2a2f3436e6bfed23,2024-01-11,19,9,-164.08950099999998,5,64.795045,13641.064736842105,259180.22999999998,11,8,-228.884546,0.5555555555555556,1.375
0xb1231a4a2dd02f2276fa3c5e2a2f3436e6bfed23,2024-01-12,7,2,-1925.519024,0,49.480726999999995,28583.181428571428,200082.27,5,2,-1974.9997509999998,0.0,2.5
0xb1231a4a2dd02f2276fa3c5e2a2f3436e6bfed23,2024-01-15,5,0,0.0,0,12.501555,10001.248,50006.24,5,0,-12.501555,,inf
0xb1231a4a2dd02f2276fa3c5e2a2f3436e6bfed23,2024-01-16,3,3,939.6285419999999,3,13.236312,17648.416666666668,52945.25,0,3,926.3922299999999,1.0,0.0
0xb1231a4a2dd02f2276fa3c5e2a2f3436e6bfed23,2024-01-17,53,19,813.2741110000001,11,159.707606,15110.019433962265,800831.03,31,22,653.566505,0.5789473684210527,1.4090909090909092
0xb1231a4a2dd02f2276fa3c5e2a2f3436e6bfed23,2024-01-18,46,9,68.93319,3,92.657901,9231.120217391304,424631.52999999997,18,28,-23.724711,0.3333333333333333,0.6428571428571429
0xb1231a4a2dd02f2276fa3c5e2a2f3436e6bfed23,2024-01-19,39,23,-385.215235,5,92.685441,10946.209230769231,426902.16,27,12,-477.900676,0.21739130434782608,2.25
0xb1231a4a2dd02f2276fa3c5e2a2f3436e6bfed23,2024-01-20,106,32,-146.57487000000003,15,267.522583,10095.193490566038,1070090.51,60,46,-414.09745300000003,0.46875,1.3043478260869565
0xb1231a4a2dd02f2276fa3c5e2a2f3436e6bfed23,2024-01-21,11,5,266.58114600000005,3,25.78243,9375.43090909091,103129.74,3,8,240.79871600000004,0.6,0.375
0xb1231a4a2dd02f2276fa3c5e2a2f3436e6bfed23,2024-01-22,37,15,209.39217099999996,9,63.358518000000004,7671.794864864864,283856.41,23,14,146.03365299999996,0.6,1.6428571428571428
0xb1231a4a2dd02f2276fa3c5e2a2f3436e6bfed23,2024-01-23,45,20,-369.2447299999998,11,85.72457,9211.531777777778,414518.93000000005,33,12,-454.96929999999975,0.55,2.75
0xb1231a4a2dd02f2276fa3c5e2a2f3436e6bfed23,2024-01-24,68,40,-2808.353815,10,227.771095,14192.42044117647,965084.59,27,41,-3036.12491,0.25,0.6585365853658537
0xb1231a4a2dd02f2276fa3c5e2a2f3436e6bfed23,2024-01-25,6,6,-3093.6293849999997,0,16.641532,11094.355000000001,66566.13,0,6,-3110.270917,0.0,0.0
0xb1231a4a2dd02f2276fa3c5e2a2f3436e6bfed23,2024-01-26,3,0,0.0,0,0.629351,839.1366666666667,2517.41,3,0,-0.629351,,inf
0xb1231a4a2dd02f2276fa3c5e2a2f3436e6bfed23,2024-01-29,72,44,484.847102,44,103.034807,5724.157222222222,412139.32,20,52,381.812295,1.0,0.38461538461538464
0xb1231a4a2dd02f2276fa3c5e2a2f3436e6bfed23,2024-01-30,49,19,-173.65419100000003,5,100.25281,8183.905714285715,401011.38,28,21,-273.90700100000004,0.2631578947368421,1.3333333333333333
0xb1231a4a2dd02f2276fa3c5e2a2f3436e6bfed23,2024-01-31,859,436,-799.840817,231,1549.411475,7340.683504074505,6305647.13,470,389,-2349.252292,0.5298165137614679,1.2082262210796915
0xb1231a4a2dd02f2276fa3c5e2a2f3436e6bfed23,2024-02-01,6,0,0.0,0,0.5020439999999999,334.69666666666666,2008.18,6,0,-0.5020439999999999,,inf
0xb1231a4a2dd02f2276fa3c5e2a2f3436e6bfed23,2024-02-02,42,21,456.423473,13,91.569636,11292.343571428572,474278.43,19,23,364.853837,0.6190476190476191,0.8260869565217391
0xb1231a4a2dd02f2276fa3c5e2a2f3436e6bfed23,2024-02-03,56,12,223.30918699999998,6,109.662349,10782.5,603820.0,18,38,113.64683799999997,0.5,0.47368421052631576
0xb1231a4a2dd02f2276fa3c5e2a2f3436e6bfed23,2024-02-04,35,28,47.62389499999999,9,50.52688,5805.358,203187.53,19,16,-2.902985000000008,0.32142857142857145,1.1875
0xb1231a4a2dd02f2276fa3c5e2a2f3436e6bfed23,2024-02-05,72,32,-33.45419400000003,14,165.549465,10697.198055555556,770198.26,33,39,-199.00365900000003,0.4375,0.8461538461538461
0xb1231a4a2dd02f2276fa3c5e2a2f3436e6bfed23,2024-02-06,1088,523,-215.615907,179,988.606997,7396.280707720588,8047153.41,518,570,-1204.222904,0.3422562141491396,0.9087719298245615
0xb1231a4a2dd02f2276fa3c5e2a2f3436e6bfed23,2024-02-07,15,2,241.24212,2,0.339693,450.582,6758.73,7,8,240.902427,1.0,0.875
0xb1231a4a2dd02f2276fa3c5e2a2f3436e6bfed23,2024-02-08,10,4,770.756024,4,3.0028870000000003,2605.112,26051.12,2,8,767.753137,1.0,0.25
0xb1231a4a2dd02f2276fa3c5e2a2f3436e6bfed23,2024-02-11,34,7,983.443176,7,24.955292,6244.465294117647,212311.82,23,11,958.487884,1.0,2.090909090909091
0xb1231a4a2dd02f2276fa3c5e2a2f3436e6bfed23,2024-02-12,16,15,913.8817869999998,6,27.111911,14202.981249999999,227247.69999999998,11,5,886.7698759999998,0.4,2.2
0xb1231a4a2dd02f2276fa3c5e2a2f3436e6bfed23,2024-02-13,14,14,559.44389,14,-0.039992,142.85642857142858,1999.99,0,14,559.483882,1.0,0.0
0xb1231a4a2dd02f2276fa3c5e2a2f3436e6bfed23,2024-02-14,23,4,191.29666400000002,4,12.175298,4465.268695652174,102701.18,7,16,179.12136600000002,1.0,0.4375
0xb1231a4a2dd02f2276fa3c5e2a2f3436e6bfed23,2024-02-15,11,11,816.0903969999999,8,27.187538,9886.378181818181,108750.16,3,8,788.9028589999999,0.7272727272727273,0.375
0xb1231a4a2dd02f2276fa3c5e2a2f3436e6bfed23,2024-02-16,12,0,0.0,0,24.985659,8396.053333333333,100752.64,10,2,-24.985659,,5.0
0xb1231a4a2dd02f2276fa3c5e2a2f3436e6bfed23,2024-02-17,30,11,259.62944200000004,7,50.737215,6791.962666666667,203758.88,25,5,208.89222700000005,0.6363636363636364,5.0
0xb1231a4a2dd02f2276fa3c5e2a2f3436e6bfed23,2024-02-19,6,3,-8.05898,1,12.500769,8333.848333333333,50003.09,3,3,-20.559749,0.3333333333333333,1.0
0xb1231a4a2dd02f2276fa3c5e2a2f3436e6bfed23,2024-02-20,4,4,210.315294,4,0.427573,427.575,1710.3,0,4,209.887721,1.0,0.0
0xb1231a4a2dd02f2276fa3c5e2a2f3436e6bfed23,2024-02-21,1,0,0.0,0,2.501399,10005.6,10005.6,1,0,-2.501399,,inf
0xb1231a4a2dd02f2276fa3c5e2a2f3436e6bfed23,2024-02-22,2,0,0.0,0,1.25016,2500.32,5000.64,2,0,-1.25016,,inf
0xb1231a4a2dd02f2276fa3c5e2a2f3436e6bfed23,2024-02-26,2,0,0.0,0,-0.009998,249.98499999999999,499.96999999999997,0,2,0.009998,,0.0
0xb1231a4a2dd02f2276fa3c5e2a2f3436e6bfed23,2024-02-27,8,7,576.38114,7,0.374085,322.04,2576.32,0,8,576.0070549999999,1.0,0.0
0xb1231a4a2dd02f2276fa3c5e2a2f3436e6bfed23,2024-02-29,7,3,1320.804256,3,6.2067689999999995,3546.727142857143,24827.09,0,7,1314.597487,1.0,0.0
0xb1231a4a2dd02f2276fa3c5e2a2f3436e6bfed23,2024-03-02,7,7,-1443.814567,0,0.735937,420.5385714285714,2943.77,7,0,-1444.5505039999998,0.0,inf
0xb1231a4a2dd02f2276fa3c5e2a2f3436e6bfed23,2024-03-04,13,13,1026.004099,13,0.94417,290.5161538461538,3776.71,0,13,1025.059929,1.0,0.0
0xb1231a4a2dd02f2276fa3c5e2a2f3436e6bfed23,2024-03-15,19,8,388.830831,8,26.568427,3995.254210526316,75909.83,6,13,362.262404,1.0,0.46153846153846156
0xb1231a4a2dd02f2276fa3c5e2a2f3436e6bfed23,2024-03-16,2,0,0.0,0,0.999999,5000.0,10000.0,0,2,-0.999999,,0.0
0xb1231a4a2dd02f2276fa3c5e2a2f3436e6bfed23,2024-03-17,2,0,0.0,0,2.6259129999999997,3751.305,7502.61,2,0,-2.6259129999999997,,inf
0xb1231a4a2dd02f2276fa3c5e2a2f3436e6bfed23,2024-03-18,1,1,212.3193,1,1.825065,5214.47,5214.47,0,1,210.494235,1.0,0.0
0xb1231a4a2dd02f2276fa3c5e2a2f3436e6bfed23,2024-03-19,10,2,-174.00152,0,5.439754,2982.842,29828.420000000002,8,2,-179.441274,0.0,4.0
0xb1231a4a2dd02f2276fa3c5e2a2f3436e6bfed23,2024-03-20,10,4,3829.986976,4,23.095237,7134.341,71343.41,6,4,3806.891739,1.0,1.5
0xb1231a4a2dd02f2276fa3c5e2a2f3436e6bfed23,2024-03-21,4,1,238.326075,1,3.58512,2560.8025000000002,10243.210000000001,3,1,234.740955,1.0,3.0
0xb1231a4a2dd02f2276fa3c5e2a2f3436e6bfed23,2024-04-02,4,0,0.0,0,1.4999850000000001,3749.9725,14999.89,4,0,-1.4999850000000001,,inf
0xb1231a4a2dd02f2276fa3c5e2a2f3436e6bfed23,2024-04-03,2,0,0.0,0,0.999965,4999.83,9999.66,2,0,-0.999965,,inf
0xb1231a4a2dd02f2276fa3c5e2a2f3436e6bfed23,2024-04-05,8,8,965.5522159999999,8,9.087776999999999,3245.635,25965.08,0,8,956.464439,1.0,0.0
0xb1231a4a2dd02f2276fa3c5e2a2f3436e6bfed23,2024-04-12,15,15,-2830.444513,0,10.614658,2021.84,30327.6,15,0,-2841.059171,0.0,inf
0xb1231a4a2dd02f2276fa3c5e2a2f3436e6bfed23,2024-04-26,3,0,0.0,0,1.745898,1662.7633333333335,4988.290000000001,0,3,-1.745898,,0.0
0xb1231a4a2dd02f2276fa3c5e2a2f3436e6bfed23,2024-04-28,50,0,0.0,0,5.945152,339.7238,16986.19,0,50,-5.945152,,0.0
0xb1231a4a2dd02f2276fa3c5e2a2f3436e6bfed23,2024-04-29,14,0,0.0,0,1.478329,301.70142857142855,4223.82,0,14,-1.478329,,0.0
0xb1231a4a2dd02f2276fa3c5e2a2f3436e6bfed23,2024-05-03,6,0,0.0,0,1.742594,829.8083333333334,4978.85,0,6,-1.742594,,0.0
0xb1231a4a2dd02f2276fa3c5e2a2f3436e6bfed23,2024-05-04,3,0,0.0,0,1.749792,1666.47,4999.41,0,3,-1.749792,,0.0
0xb1231a4a2dd02f2276fa3c5e2a2f3436e6bfed23,2024-05-07,7,2,227.320653,2,3.419052,1395.532857142857,9768.73,2,5,223.901601,1.0,0.4
0xb1231a4a2dd02f2276fa3c5e2a2f3436e6bfed23,2024-05-09,3,0,0.0,0,1.741438,1658.5133333333333,4975.54,0,3,-1.741438,,0.0
0xb1231a4a2dd02f2276fa3c5e2a2f3436e6bfed23,2024-05-12,13,0,0.0,0,3.561207,782.6861538461538,10174.92,7,6,-3.561207,,1.1666666666666667
0xb1231a4a2dd02f2276fa3c5e2a2f3436e6bfed23,2024-05-13,3,0,0.0,0,1.741183,1658.2700000000002,4974.81,0,3,-1.741183,,0.0
0xb1231a4a2dd02f2276fa3c5e2a2f3436e6bfed23,2024-05-16,3,0,0.0,0,1.344025,1280.0233333333333,3840.0699999999997,0,3,-1.344025,,0.0
0xb1231a4a2dd02f2276fa3c5e2a2f3436e6bfed23,2024-05-20,3,3,-74.818442,0,1.792472,1707.1166666666668,5121.35,0,3,-76.61091400000001,0.0,0.0
0xb1231a4a2dd02f2276fa3c5e2a2f3436e6bfed23,2024-05-21,72,18,1272.088356,7,216.587183,8594.73125,618820.65,18,54,1055.5011729999999,0.3888888888888889,0.3333333333333333
0xb1231a4a2dd02f2276fa3c5e2a2f3436e6bfed23,2024-05-23,19,0,0.0,0,25.913452,3896.7610526315784,74038.45999999999,3,16,-25.913452,,0.1875
0xb1231a4a2dd02f2276fa3c5e2a2f3436e6bfed23,2024-05-24,2,2,821.949278,2,17.784165,25405.949999999997,50811.899999999994,0,2,804.165113,1.0,0.0
0xb1231a4a2dd02f2276fa3c5e2a2f3436e6bfed23,2024-05-25,2,0,0.0,0,8.752501,12503.574999999999,25007.149999999998,2,0,-8.752501,,inf
0xb1231a4a2dd02f2276fa3c5e2a2f3436e6bfed23,2024-05-26,9,2,773.4582,2,17.767205,5640.383333333334,50763.450000000004,0,9,755.690995,1.0,0.0
0xb1231a4a2dd02f2276fa3c5e2a2f3436e6bfed23,2024-06-07,14,0,0.0,0,0.20394,77.5807142857143,1086.13,14,0,-0.20394,,inf
0xb1231a4a2dd02f2276fa3c5e2a2f3436e6bfed23,2024-06-09,12,0,0.0,0,0.16579,117.52166666666666,1410.26,12,0,-0.16579,,inf
0xb1231a4a2dd02f2276fa3c5e2a2f3436e6bfed23,2024-06-11,75,8,4269.550668,8,26.744072,1046.24,78468.0,75,0,4242.806595999999,1.0,inf
0xb1231a4a2dd02f2276fa3c5e2a2f3436e6bfed23,2024-06-12,37,0,0.0,0,0.22859,41.1072972972973,1520.97,37,0,-0.22859,,inf
0xb1231a4a2dd02f2276fa3c5e2a2f3436e6bfed23,2024-06-13,78,19,6634.160155,19,33.39573,1699.554487179487,132565.25,75,3,6600.764424999999,1.0,25.0
0xb1231a4a2dd02f2276fa3c5e2a2f3436e6bfed23,2024-06-14,15,15,10258.592609,15,4.657957000000001,2791.98,41879.7,15,0,10253.934652,1.0,inf
0xb1231a4a2dd02f2276fa3c5e2a2f3436e6bfed23,2024-06-15,40,9,1285.5244400000001,9,44.18839,3156.3154999999997,126252.62,0,40,1241.3360500000001,1.0,0.0
0xb1231a4a2dd02f2276fa3c5e2a2f3436e6bfed23,2024-06-16,11,0,0.0,0,8.832277,2294.0981818181817,25235.079999999998,0,11,-8.832277,,0.0
0xb1231a4a2dd02f2276fa3c5e2a2f3436e6bfed23,2024-06-17,24,21,9330.743339,21,40.560975,4828.689166666667,115888.54000000001,24,0,9290.182364,1.0,inf
0xb1231a4a2dd02f2276fa3c5e2a2f3436e6bfed23,2024-06-18,18,4,282.57636,4,45.110881,11128.698333333334,200316.57,14,4,237.46547900000002,1.0,3.5
0xb1231a4a2dd02f2276fa3c5e2a2f3436e6bfed23,2024-06-19,41,14,2833.6833,14,65.094424,4971.736829268292,203841.21,0,41,2768.5888760000003,1.0,0.0
0xb1231a4a2dd02f2276fa3c5e2a2f3436e6bfed23,2024-06-20,27,0,0.0,0,2.9699769999999996,314.2848148148148,8485.69,0,27,-2.9699769999999996,,0.0
0xb1231a4a2dd02f2276fa3c5e2a2f3436e6bfed23,2024-06-21,69,0,0.0,0,35.301404,1478.9595652173912,102048.20999999999,57,12,-35.301404,,4.75
0xb1231a4a2dd02f2276fa3c5e2a2f3436e6bfed23,2024-06-22,21,8,756.876565,8,34.23331,7218.764761904762,151594.06,1,20,722.6432550000001,1.0,0.05
0xb1231a4a2dd02f2276fa3c5e2a2f3436e6bfed23,2024-06-23,5,0,0.0,0,0.17921199999999998,358.424,1792.12,0,5,-0.17921199999999998,,0.0
0xb1231a4a2dd02f2276fa3c5e2a2f3436e6bfed23,2024-06-24,10,0,0.0,0,15.348434,15099.543,150995.43,4,6,-15.348434,,0.6666666666666666
0xb1231a4a2dd02f2276fa3c5e2a2f3436e6bfed23,2024-06-25,49,11,4869.353105,11,36.084651,2104.062857142857,103099.08,11,38,4833.268454,1.0,0.2894736842105263
0xb1231a4a2dd02f2276fa3c5e2a2f3436e6bfed23,2024-06-26,41,0,0.0,0,0.08612,24.288292682926826,995.8199999999999,41,0,-0.08612,,inf
0xb1231a4a2dd02f2276fa3c5e2a2f3436e6bfed23,2024-06-27,18,0,0.0,0,3.5594840000000003,583.1594444444444,10496.869999999999,12,6,-3.5594840000000003,,2.0
0xb1231a4a2dd02f2276fa3c5e2a2f3436e6bfed23,2024-06-29,58,11,4307.587820000001,11,382.059402,975.2437931034483,56564.14,19,39,3925.528418000001,1.0,0.48717948717948717
0xb1231a4a2dd02f2276fa3c5e2a2f3436e6bfed23,2024-06-30,11,0,0.0,0,6.557923999999999,47.401818181818186,521.4200000000001,2,9,-6.557923999999999,,0.2222222222222222
0xb1231a4a2dd02f2276fa3c5e2a2f3436e6bfed23,2024-07-01,51,17,3863.351096,17,391.30283499999996,5205.286274509804,265469.6,4,47,3472.048261,1.0,0.0851063829787234
0xb1231a4a2dd02f2276fa3c5e2a2f3436e6bfed23,2024-07-02,18,13,2421.253116,13,11.458730000000001,1852.6372222222224,33347.47,13,5,2409.794386,1.0,2.6
0xb1231a4a2dd02f2276fa3c5e2a2f3436e6bfed23,2024-07-03,8,0,0.0,0,26.27066,9465.0725,75720.58,8,0,-26.27066,,inf
0xb1231a4a2dd02f2276fa3c5e2a2f3436e6bfed23,2024-07-04,11,0,0.0,0,23.766878,15958.708181818183,175545.79,11,0,-23.766878,,inf
0xb1231a4a2dd02f2276fa3c5e2a2f3436e6bfed23,2024-07-05,12,0,0.0,0,0.52617,165.92916666666667,1991.15,12,0,-0.52617,,inf
0xb1231a4a2dd02f2276fa3c5e2a2f3436e6bfed23,2024-07-06,24,7,108.87217799999999,7,344.35416,103.75708333333334,2490.17,17,7,-235.481982,1.0,2.4285714285714284
0xb1231a4a2dd02f2276fa3c5e2a2f3436e6bfed23,2024-07-07,10,10,61.428942,10,0.049875,49.875,498.75,0,10,61.379067,1.0,0.0
0xb1231a4a2dd02f2276fa3c5e2a2f3436e6bfed23,2024-07-08,1,0,0.0,0,0.0156,497.64,497.64,1,0,-0.0156,,inf
0xb1231a4a2dd02f2276fa3c5e2a2f3436e6bfed23,2024-07-09,15,15,648.984412,15,0.39756800000000003,182.42999999999998,2736.45,0,15,648.586844,1.0,0.0
0xb1231a4a2dd02f2276fa3c5e2a2f3436e6bfed23,2024-07-10,13,5,382.10788099999996,5,5.594077,1229.4692307692308,15983.1,0,13,376.51380399999994,1.0,0.0
0xb1231a4a2dd02f2276fa3c5e2a2f3436e6bfed23,2024-07-12,9,9,1412.314654,9,4.751705,1508.48,13576.32,9,0,1407.5629490000001,1.0,inf
0xb1231a4a2dd02f2276fa3c5e2a2f3436e6bfed23,2024-07-13,4,4,234.778463,4,0.174715,124.795,499.18,0,4,234.603748,1.0,0.0
0xb1231a4a2dd02f2276fa3c5e2a2f3436e6bfed23,2024-07-17,7,0,0.0,0,3.4967310000000005,1427.2385714285715,9990.67,0,7,-3.4967310000000005,,0.0
0xb1231a4a2dd02f2276fa3c5e2a2f3436e6bfed23,2024-07-24,35,0,0.0,0,33.55578,170.22400000000002,5957.84,33,2,-33.55578,,16.5
0xb1231a4a2dd02f2276fa3c5e2a2f3436e6bfed23,2024-07-25,12,10,916.7382600000001,10,42.402789,764.4941666666667,9173.93,12,0,874.3354710000001,1.0,inf
0xb1231a4a2dd02f2276fa3c5e2a2f3436e6bfed23,2024-07-26,30,29,2425.262989,29,109.178455,8415.887666666667,252476.63,1,29,2316.0845339999996,1.0,0.034482758620689655
0xb1231a4a2dd02f2276fa3c5e2a2f3436e6bfed23,2024-07-29,24,11,112.946925,11,105.084462,12510.05625,300241.35,13,11,7.862462999999991,1.0,1.1818181818181819
0xb1231a4a2dd02f2276fa3c5e2a2f3436e6bfed23,2024-08-01,9,0,0.0,0,40.646786999999996,3896.047777777778,35064.43,9,0,-40.646786999999996,,inf
0xb1231a4a2dd02f2276fa3c5e2a2f3436e6bfed23,2024-08-02,12,5,554.12049,5,31.513529000000002,5882.177500000001,70586.13,7,5,522.6069610000001,1.0,1.4
0xb1231a4a2dd02f2276fa3c5e2a2f3436e6bfed23,2024-08-03,6,0,0.0,0,15.721086,4168.69,25012.14,6,0,-15.721086,,inf
0xb1231a4a2dd02f2276fa3c5e2a2f3436e6bfed23,2024-08-04,27,0,0.0,0,69.208735,5002.563703703704,135069.22,26,1,-69.208735,,26.0
0xb1231a4a2dd02f2276fa3c5e2a2f3436e6bfed23,2024-08-05,44,29,-8394.889856,26,77.275266,3331.070909090909,146567.12,14,30,-8472.165122,0.896551724137931,0.4666666666666667
0xb1231a4a2dd02f2276fa3c5e2a2f3436e6bfed23,2024-08-06,80,5,51.56325,5,61.73168,758.8422499999999,60707.38,75,5,-10.16843,1.0,15.0
0xb1231a4a2dd02f2276fa3c5e2a2f3436e6bfed23,2024-08-07,21,10,188.789255,10,3.538542,94.89190476190477,1992.73,11,10,185.250713,1.0,1.1
0xb1231a4a2dd02f2276fa3c5e2a2f3436e6bfed23,2024-08-08,5,0,0.0,0,6.48725,3168.014,15840.07,5,0,-6.48725,,inf
0xb1231a4a2dd02f2276fa3c5e2a2f3436e6bfed23,2024-08-09,60,31,6783.078347,17,123.61698521,5447.171666666666,326830.3,31,29,6659.4613617899995,0.5483870967741935,1.0689655172413792
0xb1231a4a2dd02f2276fa3c5e2a2f3436e6bfed23,2024-08-10,87,0,0.0,0,50.0831879,130.32885057471265,11338.61,87,0,-50.0831879,,inf
0xb1231a4a2dd02f2276fa3c5e2a2f3436e6bfed23,2024-08-11,16,0,0.0,0,26.63734,211.8975,3390.36,16,0,-26.63734,,inf
0xb1231a4a2dd02f2276fa3c5e2a2f3436e6bfed23,2024-08-12,31,0,0.0,0,20.622761,323.4293548387097,10026.31,23,8,-20.622761,,2.875
0xb1231a4a2dd02f2276fa3c5e2a2f3436e6bfed23,2024-08-13,17,8,212.08102,8,13.557843,488.06470588235294,8297.1,16,1,198.523177,1.0,16.0
0xb1231a4a2dd02f2276fa3c5e2a2f3436e6bfed23,2024-08-14,15,0,0.0,0,23.85989,136.21066666666667,2043.16,15,0,-23.85989,,inf
0xb1231a4a2dd02f2276fa3c5e2a2f3436e6bfed23,2024-08-15,12,0,0.0,0,16.50261,126.86416666666668,1522.3700000000001,12,0,-16.50261,,inf
0xb1231a4a2dd02f2276fa3c5e2a2f3436e6bfed23,2024-08-16,33,3,825.230544,3,76.812895,4663.112424242424,153882.71,30,3,748.417649,1.0,10.0
0xb1231a4a2dd02f2276fa3c5e2a2f3436e6bfed23,2024-08-19,8,5,339.69958299999996,5,35.110258,12539.37875,100315.03,3,5,304.589325,1.0,0.6
0xb1231a4a2dd02f2276fa3c5e2a2f3436e6bfed23,2024-08-24,5,0,0.0,0,6.999857,3999.9199999999996,19999.6,0,5,-6.999857,,0.0
0xb1231a4a2dd02f2276fa3c5e2a2f3436e6bfed23,2024-08-25,13,0,0.0,0,21.054886,534.9192307692308,6953.95,8,5,-21.054886,,1.6
0xb1231a4a2dd02f2276fa3c5e2a2f3436e6bfed23,2024-08-26,1,0,0.0,0,0.0107,347.75,347.75,1,0,-0.0107,,inf
0xb1231a4a2dd02f2276fa3c5e2a2f3436e6bfed23,2024-08-27,43,0,0.0,0,29.30174,121.97604651162791,5244.97,42,1,-29.30174,,42.0
0xb1231a4a2dd02f2276fa3c5e2a2f3436e6bfed23,2024-08-28,2,2,1333.359645,2,8.282928,11832.755000000001,23665.510000000002,2,0,1325.076717,1.0,inf
0xb1231a4a2dd02f2276fa3c5e2a2f3436e6bfed23,2024-08-29,1,0,0.0,0,3.498547,9995.85,9995.85,0,1,-3.498547,,0.0
0xb1231a4a2dd02f2276fa3c5e2a2f3436e6bfed23,2024-08-30,1,1,256.464,1,3.408784,9739.38,9739.38,1,0,253.055216,1.0,inf
0xb1231a4a2dd02f2276fa3c5e2a2f3436e6bfed23,2024-08-31,9,0,0.0,0,35.000048,11111.126666666667,100000.14,4,5,-35.000048,,0.8
0xb1231a4a2dd02f2276fa3c5e2a2f3436e6bfed23,2024-09-04,33,8,1065.785132,5,51.318484999999995,2923.5148484848487,96475.99,30,3,1014.466647,0.625,10.0
0xb1231a4a2dd02f2276fa3c5e2a2f3436e6bfed23,2024-09-06,38,38,-1104.856765,0,1.419742,106.74815789473683,4056.43,0,38,-1106.276507,0.0,0.0
0xb1231a4a2dd02f2276fa3c5e2a2f3436e6bfed23,2024-09-09,2,0,0.0,0,34.9079,2007.2150000000001,4014.4300000000003,2,0,-34.9079,,inf
0xb1231a4a2dd02f2276fa3c5e2a2f3436e6bfed23,2024-09-10,1,0,0.0,0,6.66721,766.74,766.74,1,0,-6.66721,,inf
0xb1231a4a2dd02f2276fa3c5e2a2f3436e6bfed23,2024-09-14,10,0,0.0,0,30.381330000000002,101.415,1014.1500000000001,10,0,-30.381330000000002,,inf
0xb1231a4a2dd02f2276fa3c5e2a2f3436e6bfed23,2024-09-18,145,134,-878.684794,0,31.732943,94.02413793103449,13633.5,11,134,-910.417737,0.0,0.08208955223880597
0xb1231a4a2dd02f2276fa3c5e2a2f3436e6bfed23,2024-09-19,19,0,0.0,0,28.60766,80.09842105263158,1521.8700000000001,19,0,-28.60766,,inf
0xb1231a4a2dd02f2276fa3c5e2a2f3436e6bfed23,2024-09-24,9,0,0.0,0,12.37924,111.67333333333335,1005.0600000000001,9,0,-12.37924,,inf
0xb1231a4a2dd02f2276fa3c5e2a2f3436e6bfed23,2024-10-04,1,0,0.0,0,0.0,0.34,0.34,0,1,0.0,,0.0
0xb1231a4a2dd02f2276fa3c5e2a2f3436e6bfed23,2024-10-08,1,0,0.0,0,0.0,0.58,0.58,0,1,0.0,,0.0
0xb1231a4a2dd02f2276fa3c5e2a2f3436e6bfed23,2024-12-04,44,44,274999.139393,44,27.499921,6249.985227272727,274999.35,0,44,274971.639472,1.0,0.0
0xb1231a4a2dd02f2276fa3c5e2a2f3436e6bfed23,2024-12-05,4,4,49999.876084999996,4,4.999989,12499.98,49999.92,0,4,49994.87609599999,1.0,0.0
0xb1231a4a2dd02f2276fa3c5e2a2f3436e6bfed23,2024-12-06,25,25,74999.848329,25,7.499981,2999.9956,74999.89,0,25,74992.348348,1.0,0.0
0xb1231a4a2dd02f2276fa3c5e2a2f3436e6bfed23,2024-12-07,5,3,74999.62263,3,9.249149,15999.469999999998,79997.34999999999,0,5,74990.373481,1.0,0.0
0xb1231a4a2dd02f2276fa3c5e2a2f3436e6bfed23,2024-12-08,145,0,0.0,0,177.533199,3572.0706206896552,517950.24,0,145,-177.533199,,0.0
0xb1231a4a2dd02f2276fa3c5e2a2f3436e6bfed23,2024-12-11,156,156,274998.942584,156,27.499848,1762.8148717948718,274999.12,0,156,274971.442736,1.0,0.0
0xb1231a4a2dd02f2276fa3c5e2a2f3436e6bfed23,2024-12-12,314,314,449328.107544,314,82.264982,1430.9824522292993,449328.49,0,314,449245.84256200003,1.0,0.0
0xb1231a4a2dd02f2276fa3c5e2a2f3436e6bfed23,2024-12-14,50,50,100273.248286,50,35.095629,2005.4666,100273.33,0,50,100238.152657,1.0,0.0
0xb1231a4a2dd02f2276fa3c5e2a2f3436e6bfed23,2024-12-15,26,26,49955.768945,26,17.484518,1921.375769230769,49955.77,0,26,49938.284427000006,1.0,0.0
0xb1231a4a2dd02f2276fa3c5e2a2f3436e6bfed23,2024-12-17,38,30,50346.757308,30,22.621409,2640.7076315789473,100346.89,0,38,50324.135899,1.0,0.0
0xb1231a4a2dd02f2276fa3c5e2a2f3436e6bfed23,2024-12-18,18,18,2222.47801,18,16.722106,2654.303888888889,47777.47,18,0,2205.7559039999996,1.0,inf
0xb1231a4a2dd02f2276fa3c5e2a2f3436e6bfed23,2024-12-20,43,0,0.0,0,34.941861,2321.7200000000003,99833.96,0,43,-34.941861,,0.0
0xb1231a4a2dd02f2276fa3c5e2a2f3436e6bfed23,2024-12-21,62,0,0.0,0,34.911783,1608.8398387096772,99748.06999999999,0,62,-34.911783,,0.0
0xb1231a4a2dd02f2276fa3c5e2a2f3436e6bfed23,2024-12-23,63,44,20549.813184,44,73.90245,3635.03126984127,229006.97,44,19,20475.910733999997,1.0,2.3157894736842106
0xb1231a4a2dd02f2276fa3c5e2a2f3436e6bfed23,2024-12-24,7,0,0.0,0,7.499985,10714.267142857143,74999.87,0,7,-7.499985,,0.0
0xb1231a4a2dd02f2276fa3c5e2a2f3436e6bfed23,2024-12-26,61,61,10371.049075,61,40.111361,1878.7534426229506,114603.95999999999,61,0,10330.937714000002,1.0,inf
0xb1231a4a2dd02f2276fa3c5e2a2f3436e6bfed23,2024-12-30,25,0,0.0,0,28.890048,3301.7203999999997,82543.01,0,25,-28.890048,,0.0
0xb1231a4a2dd02f2276fa3c5e2a2f3436e6bfed23,2025-01-02,6,0,0.0,0,3.28644,1666.6133333333335,9999.68,6,0,-3.28644,,inf
0xb1231a4a2dd02f2276fa3c5e2a2f3436e6bfed23,2025-01-03,18,0,0.0,0,12.95507,557.795,10040.31,18,0,-12.95507,,inf
0xb1231a4a2dd02f2276fa3c5e2a2f3436e6bfed23,2025-01-04,19,13,1659.7995640000001,13,20.675533,1695.0778947368422,32206.48,6,13,1639.124031,1.0,0.46153846153846156
0xb1231a4a2dd02f2276fa3c5e2a2f3436e6bfed23,2025-01-05,33,32,956.5545050000001,32,3.8369910000000003,332.21393939393937,10963.06,0,33,952.717514,1.0,0.0
0xb1231a4a2dd02f2276fa3c5e2a2f3436e6bfed23,2025-01-06,85,28,281.45074800000003,28,16.545263000000002,237.78799999999998,20211.98,57,28,264.90548500000006,1.0,2.0357142857142856
0xb1231a4a2dd02f2276fa3c5e2a2f3436e6bfed23,2025-01-08,16,0,0.0,0,21.35509,944.90625,15118.5,16,0,-21.35509,,inf
0xb1231a4a2dd02f2276fa3c5e2a2f3436e6bfed23,2025-01-15,11,11,5383.278555,11,1.89087,491.1363636363636,5402.5,0,11,5381.387685,1.0,0.0
0xb1231a4a2dd02f2276fa3c5e2a2f3436e6bfed23,2025-01-16,23,11,897.284184,11,28.7254,1393.2204347826087,32044.07,11,12,868.558784,1.0,0.9166666666666666
0xb1231a4a2dd02f2276fa3c5e2a2f3436e6bfed23,2025-01-18,101,39,7393.785411,39,67.348119,1905.1814851485146,192423.33,39,62,7326.437292,1.0,0.6290322580645161
0xb1231a4a2dd02f2276fa3c5e2a2f3436e6bfed23,2025-01-19,3,3,3867.854339,3,6.62721,6311.63,18934.89,0,3,3861.227129,1.0,0.0
0xb1231a4a2dd02f2276fa3c5e2a2f3436e6bfed23,2025-01-20,23,0,0.0,0,53.761520000000004,1310.68,30145.64,23,0,-53.761520000000004,,inf
0xb1231a4a2dd02f2276fa3c5e2a2f3436e6bfed23,2025-01-21,52,22,2997.363771,22,29.083934,1598.0225,83097.17,0,52,2968.279837,1.0,0.0
0xb1231a4a2dd02f2276fa3c5e2a2f3436e6bfed23,2025-01-22,111,0,0.0,0,69.901926,1799.2789189189189,199719.96,0,111,-69.901926,,0.0
0xb1231a4a2dd02f2276fa3c5e2a2f3436e6bfed23,2025-01-23,90,90,25224.994585,90,78.556575,2493.861,224447.49,90,0,25146.43801,1.0,inf
0xb1231a4a2dd02f2276fa3c5e2a2f3436e6bfed23,2025-01-25,15,0,0.0,0,25.928919999999998,1004.8726666666666,15073.09,15,0,-25.928919999999998,,inf
0xb1231a4a2dd02f2276fa3c5e2a2f3436e6bfed23,2025-01-27,13,0,0.0,0,45.30869,3464.2846153846153,45035.7,13,0,-45.30869,,inf
0xb1231a4a2dd02f2276fa3c5e2a2f3436e6bfed23,2025-01-29,40,0,0.0,0,1.12784054,305.256,12210.24,40,0,-1.12784054,,inf
0xb1231a4a2dd02f2276fa3c5e2a2f3436e6bfed23,2025-01-30,336,3,2503.8204370000003,3,189.881964,1614.6436011904761,542520.25,0,336,2313.938473,1.0,0.0
0xb1231a4a2dd02f2276fa3c5e2a2f3436e6bfed23,2025-01-31,58,0,0.0,0,28.733186,1723.3093103448277,99951.94,0,58,-28.733186,,0.0
0xb1231a4a2dd02f2276fa3c5e2a2f3436e6bfed23,2025-02-01,11,3,15452.344326,3,13.485088,1400.39,15404.29,11,0,15438.859238000001,1.0,inf
0xb1231a4a2dd02f2276fa3c5e2a2f3436e6bfed23,2025-02-02,88,71,69051.70619,71,107.46372169,6537.665,575314.52,88,0,68944.24246831,1.0,inf
0xb1231a4a2dd02f2276fa3c5e2a2f3436e6bfed23,2025-02-03,258,89,46742.288748,89,153.00027305,1333.0556976744185,343928.37,127,131,46589.28847495,1.0,0.9694656488549618
0xb1231a4a2dd02f2276fa3c5e2a2f3436e6bfed23,2025-02-04,661,258,16102.444634,238,482.879833,2456.432904689864,1623702.15,258,403,15619.564800999999,0.9224806201550387,0.6401985111662531
0xb1231a4a2dd02f2276fa3c5e2a2f3436e6bfed23,2025-02-05,218,92,14644.100674,92,121.71671,2359.758899082569,514427.44,92,126,14522.383963999999,1.0,0.7301587301587301
0xb1231a4a2dd02f2276fa3c5e2a2f3436e6bfed23,2025-02-06,419,355,51100.947505,355,228.81037800000001,1617.0732696897373,677553.7,355,64,50872.137126999995,1.0,5.546875
0xb1231a4a2dd02f2276fa3c5e2a2f3436e6bfed23,2025-02-07,143,48,1831.9529619999998,48,82.65716616,1073.4656643356643,153505.59,105,38,1749.2957958399998,1.0,2.763157894736842
0xb1231a4a2dd02f2276fa3c5e2a2f3436e6bfed23,2025-02-09,67,12,115791.92916,12,85.58612486,2647.2844776119405,177368.06,34,33,115706.34303514,1.0,1.0303030303030303
0xb1231a4a2dd02f2276fa3c5e2a2f3436e6bfed23,2025-02-10,17,0,0.0,0,11.662733,1960.124705882353,33322.12,0,17,-11.662733,,0.0
0xb1231a4a2dd02f2276fa3c5e2a2f3436e6bfed23,2025-02-11,121,0,0.0,0,96.787301,2285.4152892561983,276535.25,0,121,-96.787301,,0.0
0xb1231a4a2dd02f2276fa3c5e2a2f3436e6bfed23,2025-02-12,243,76,8664.933786,76,155.38698,1698.3335802469135,412695.06,102,141,8509.546806,1.0,0.723404255319149
0xb1231a4a2dd02f2276fa3c5e2a2f3436e6bfed23,2025-02-13,168,0,0.0,0,70.792085,1735.2890476190476,291528.56,0,168,-70.792085,,0.0
0xb1231a4a2dd02f2276fa3c5e2a2f3436e6bfed23,2025-02-14,165,0,0.0,0,46.627826,1615.370303030303,266536.1,0,165,-46.627826,,0.0
0xb1231a4a2dd02f2276fa3c5e2a2f3436e6bfed23,2025-02-18,264,264,73677.453556,264,170.298756,2654.748446969697,700853.59,264,0,73507.15479999999,1.0,inf
0xb1231a4a2dd02f2276fa3c5e2a2f3436e6bfed23,2025-02-19,85,26,3350.218775,26,68.739105,2310.5601176470586,196397.61,26,59,3281.4796699999997,1.0,0.4406779661016949
0xb1231a4a2dd02f2276fa3c5e2a2f3436e6bfed23,2025-02-20,279,0,0.0,0,122.19722378,1452.1574910394265,405151.94,39,240,-122.19722378,,0.1625
0xb1231a4a2dd02f2276fa3c5e2a2f3436e6bfed23,2025-02-21,58,31,3056.449155,31,71.798779,4768.487241379311,276572.26,31,27,2984.6503759999996,1.0,1.1481481481481481
0xb1231a4a2dd02f2276fa3c5e2a2f3436e6bfed23,2025-02-22,127,93,5628.488702,93,70.000452,1574.8144094488189,200001.43,93,34,5558.488249999999,1.0,2.735294117647059
0xb1231a4a2dd02f2276fa3c5e2a2f3436e6bfed23,2025-02-23,88,88,8934.09502,88,70.174004,2278.3786363636364,200497.32,88,0,8863.921016,1.0,inf
0xb1231a4a2dd02f2276fa3c5e2a2f3436e6bfed23,2025-02-24,208,126,10841.97075,126,112.19299013,1111.8584134615385,231266.55,208,0,10729.777759870001,1.0,inf
0xb1231a4a2dd02f2276fa3c5e2a2f3436e6bfed23,2025-02-25,71,0,0.0,0,279.06802658,1418.0078873239436,100678.56,71,0,-279.06802658,,inf
0xb1231a4a2dd02f2276fa3c5e2a2f3436e6bfed23,2025-02-26,26,0,0.0,0,0.72798394,66.875,1738.75,26,0,-0.72798394,,inf
0xb1231a4a2dd02f2276fa3c5e2a2f3436e6bfed23,2025-02-27,10,0,0.0,0,56.2519,1508.357,15083.57,10,0,-56.2519,,inf
0xb1231a4a2dd02f2276fa3c5e2a2f3436e6bfed23,2025-03-04,77,0,0.0,0,89.575457,1769.9948051948052,136289.6,77,0,-89.575457,,inf
0xb1231a4a2dd02f2276fa3c5e2a2f3436e6bfed23,2025-03-05,89,57,4647.056049,57,62.970283,2021.519213483146,179915.21,32,57,4584.085766,1.0,0.5614035087719298
0xb1231a4a2dd02f2276fa3c5e2a2f3436e6bfed23,2025-03-06,66,29,698.036952,29,44.022608,1905.741818181818,125778.95999999999,37,29,654.014344,1.0,1.2758620689655173
0xb1231a4a2dd02f2276fa3c5e2a2f3436e6bfed23,2025-03-07,49,0,0.0,0,30.845155,2891.8463265306123,141700.47,49,0,-30.845155,,inf
0xb1231a4a2dd02f2276fa3c5e2a2f3436e6bfed23,2025-03-08,138,117,2923.553302,117,85.609778,1772.4605797101449,244599.56,21,117,2837.943524,1.0,0.1794871794871795
0xb1231a4a2dd02f2276fa3c5e2a2f3436e6bfed23,2025-03-09,296,90,2752.480766,90,115.408266,1777.5894594594595,526166.48,206,90,2637.0725,1.0,2.2888888888888888
0xb1231a4a2dd02f2276fa3c5e2a2f3436e6bfed23,2025-03-10,61,0,0.0,0,92.43749600000001,2392.7903278688523,145960.21,61,0,-92.43749600000001,,inf
0xb1231a4a2dd02f2276fa3c5e2a2f3436e6bfed23,2025-03-11,273,260,2349.7162,130,171.708047,1993.2828205128203,544166.21,13,260,2178.0081529999998,0.5,0.05
0xb1231a4a2dd02f2276fa3c5e2a2f3436e6bfed23,2025-03-12,334,34,1215.156099,34,82.95930800000001,1351.2349101796408,451312.46,300,34,1132.196791,1.0,8.823529411764707
0xb1231a4a2dd02f2276fa3c5e2a2f3436e6bfed23,2025-03-13,42,0,0.0,0,17.50726,1190.9719047619049,50020.82,42,0,-17.50726,,inf
0xb1231a4a2dd02f2276fa3c5e2a2f3436e6bfed23,2025-03-14,323,323,22911.093812,323,148.038419,1309.496439628483,422967.35,0,323,22763.055393,1.0,0.0
0xb1231a4a2dd02f2276fa3c5e2a2f3436e6bfed23,2025-03-17,113,30,646.346496,30,25.02595498,718.1312389380531,81148.83,83,30,621.32054102,1.0,2.7666666666666666
0xb1231a4a2dd02f2276fa3c5e2a2f3436e6bfed23,2025-03-20,30,10,824.5402799999999,10,17.204681,1638.5426666666667,49156.28,10,20,807.3355989999999,1.0,0.5
0xb1231a4a2dd02f2276fa3c5e2a2f3436e6bfed23,2025-03-24,57,0,0.0,0,26.222252,1314.4001754385965,74920.81,0,57,-26.222252,,0.0
0xb1231a4a2dd02f2276fa3c5e2a2f3436e6bfed23,2025-03-26,38,38,2597.947325,38,25.312857,1903.2236842105262,72322.5,38,0,2572.634468,1.0,inf
0xb1231a4a2dd02f2276fa3c5e2a2f3436e6bfed23,2025-04-03,9,0,0.0,0,4.999993,5555.549999999999,49999.95,9,0,-4.999993,,inf
0xb1231a4a2dd02f2276fa3c5e2a2f3436e6bfed23,2025-04-04,99,65,2242.086667,65,39.462212,1138.8816161616162,112749.28,34,65,2202.624455,1.0,0.5230769230769231
0xb1231a4a2dd02f2276fa3c5e2a2f3436e6bfed23,2025-04-07,80,38,3601.4274,38,47.984597,1713.7372500000001,137098.98,42,38,3553.442803,1.0,1.105263157894737
0xb1231a4a2dd02f2276fa3c5e2a2f3436e6bfed23,2025-04-11,20,0,0.0,0,11.661578,1665.941,33318.82,0,20,-11.661578,,0.0
0xb1231a4a2dd02f2276fa3c5e2a2f3436e6bfed23,2025-04-12,17,0,0.0,0,23.313461,3918.2294117647057,66609.9,0,17,-23.313461,,0.0
0xb1231a4a2dd02f2276fa3c5e2a2f3436e6bfed23,2025-04-13,30,0,0.0,0,3.333273,1111.095,33332.85,0,30,-3.333273,,0.0
0xb1231a4a2dd02f2276fa3c5e2a2f3436e6bfed23,2025-04-15,50,0,0.0,0,25.657843,1466.164,73308.2,0,50,-25.657843,,0.0
0xb1231a4a2dd02f2276fa3c5e2a2f3436e6bfed23,2025-04-17,105,0,0.0,0,43.149709,1174.1429523809522,123285.01,0,105,-43.149709,,0.0
0xb1231a4a2dd02f2276fa3c5e2a2f3436e6bfed23,2025-04-18,50,0,0.0,0,20.401142,1165.7812,58289.06,0,50,-20.401142,,0.0
0xb1231a4a2dd02f2276fa3c5e2a2f3436e6bfed23,2025-04-19,98,0,0.0,0,41.227535,1444.9214285714284,141602.3,0,98,-41.227535,,0.0
0xb1231a4a2dd02f2276fa3c5e2a2f3436e6bfed23,2025-04-20,73,0,0.0,0,29.147878,1140.8187671232877,83279.77,0,73,-29.147878,,0.0
0xb1231a4a2dd02f2276fa3c5e2a2f3436e6bfed23,2025-04-22,73,0,0.0,0,28.999797,1461.1758904109588,106665.84,0,73,-28.999797,,0.0
0xb1231a4a2dd02f2276fa3c5e2a2f3436e6bfed23,2025-04-23,6,0,0.0,0,12.083064,9722.050000000001,58332.3,0,6,-12.083064,,0.0
0xb1231a4a2dd02f2276fa3c5e2a2f3436e6bfed23,2025-05-01,73,57,102460.17164,57,65.532843,3462.1106849315065,252734.08,57,16,102394.638797,1.0,3.5625
0xb899e522b5715391ae1d4f137653e7906c5e2115,2025-02-28,7,5,-72.202951,0,1.801812,735.4342857142857,5148.04,2,5,-74.004763,0.0,0.4
0xb899e522b5715391ae1d4f137653e7906c5e2115,2025-03-02,155,75,34795.678173,75,1161.706196,24787.07348387097,3841996.39,80,75,33633.971977,1.0,1.0666666666666667
0xb899e522b5715391ae1d4f137653e7906c5e2115,2025-03-03,31,14,535.4072209999999,14,173.363097,16874.44419354839,523107.77,17,14,362.0441239999999,1.0,1.2142857142857142
0xb899e522b5715391ae1d4f137653e7906c5e2115,2025-03-04,124,63,4578.655427,63,737.083879,17691.147903225807,2193702.34,51,73,3841.571548,1.0,0.6986301369863014
0xb899e522b5715391ae1d4f137653e7906c5e2115,2025-03-05,100,38,2036.224492,38,506.515125,17587.334199999998,1758733.42,62,38,1529.709367,1.0,1.631578947368421
0xb899e522b5715391ae1d4f137653e7906c5e2115,2025-03-06,375,228,5348.989502,228,975.934273,13031.173493333332,4886690.06,156,219,4373.0552290000005,1.0,0.7123287671232876
0xb899e522b5715391ae1d4f137653e7906c5e2115,2025-03-07,659,361,5348.62711,303,3456.934429,19006.84864946889,12525513.26,298,361,1891.6926810000004,0.8393351800554016,0.8254847645429363
0xb899e522b5715391ae1d4f137653e7906c5e2115,2025-03-09,630,384,10760.578324,384,2050.821109,13882.096698412699,8745720.92,379,251,8709.757215,1.0,1.5099601593625498
0xb899e522b5715391ae1d4f137653e7906c5e2115,2025-03-10,358,120,9163.142483,120,1807.040325,21399.0256424581,7660851.18,238,120,7356.102158,1.0,1.9833333333333334
0xb899e522b5715391ae1d4f137653e7906c5e2115,2025-03-11,466,323,-57956.282957999996,89,1570.92531,15135.68212446352,7053227.87,166,300,-59527.208267999995,0.2755417956656347,0.5533333333333333
0xb899e522b5715391ae1d4f137653e7906c5e2115,2025-03-12,251,146,4544.583988,146,1773.242091,28258.839880478085,7092968.81,146,105,2771.3418970000002,1.0,1.3904761904761904
0xb899e522b5715391ae1d4f137653e7906c5e2115,2025-03-13,41,23,3896.9493979999997,23,279.926336,27309.887804878046,1119705.4,23,18,3617.0230619999998,1.0,1.2777777777777777
0xb899e522b5715391ae1d4f137653e7906c5e2115,2025-03-14,82,46,1188.74187,46,830.70673,40522.281463414634,3322827.08,46,36,358.03514000000007,1.0,1.2777777777777777
0xb899e522b5715391ae1d4f137653e7906c5e2115,2025-03-15,65,37,594.5722,37,472.352706,29067.860615384616,1889410.94,37,28,122.21949399999994,1.0,1.3214285714285714
0xb899e522b5715391ae1d4f137653e7906c5e2115,2025-03-16,246,118,-16453.702941,52,2288.069993,37204.39219512195,9152280.48,101,145,-18741.772934,0.4406779661016949,0.696551724137931
0xb899e522b5715391ae1d4f137653e7906c5e2115,2025-03-17,51,37,812.52566,37,407.888205,31991.233333333337,1631552.9000000001,37,14,404.637455,1.0,2.642857142857143
0xb899e522b5715391ae1d4f137653e7906c5e2115,2025-03-18,32,11,1157.213435,11,396.393646,49549.2075,1585574.64,11,21,760.8197889999999,1.0,0.5238095238095238
0xb899e522b5715391ae1d4f137653e7906c5e2115,2025-03-20,2,1,38.9845,1,1.108952,2217.9049999999997,4435.8099999999995,1,1,37.875547999999995,1.0,1.0
0xb899e522b5715391ae1d4f137653e7906c5e2115,2025-03-21,28,14,829.63013,14,388.869295,55552.7575,1555477.21,14,14,440.760835,1.0,1.0
0xb899e522b5715391ae1d4f137653e7906c5e2115,2025-03-23,20,6,907.21938,6,409.29105,81858.2115,1637164.23,6,14,497.92833,1.0,0.42857142857142855
0xb899e522b5715391ae1d4f137653e7906c5e2115,2025-03-25,95,47,-836.051084,22,838.354684,35299.146315789476,3353418.9,47,48,-1674.405768,0.46808510638297873,0.9791666666666666
0xb899e522b5715391ae1d4f137653e7906c5e2115,2025-03-26,91,57,-774.039828,0,249.250515,10956.067912087912,997002.1799999999,34,57,-1023.2903430000001,0.0,0.5964912280701754
0xb899e522b5715391ae1d4f137653e7906c5e2115,2025-03-30,48,24,685.277142,24,401.071407,27852.182083333333,1336904.74,24,24,284.205735,1.0,1.0
0xb899e522b5715391ae1d4f137653e7906c5e2115,2025-04-03,24,7,361.071464,7,204.276324,28371.712916666667,680921.11,12,12,156.79514,1.0,1.0
0xb899e522b5715391ae1d4f137653e7906c5e2115,2025-04-04,6,0,0.0,0,30.507488,16948.606666666667,101691.64,6,0,-30.507488,,inf
0xb899e522b5715391ae1d4f137653e7906c5e2115,2025-04-05,5,5,611.49348,5,30.690936,20460.626,102303.13,0,5,580.802544,1.0,0.0
0xb899e522b5715391ae1d4f137653e7906c5e2115,2025-04-06,25,17,254.093244,17,143.278281,19103.7724,477594.31,8,17,110.814963,1.0,0.47058823529411764
0xb899e522b5715391ae1d4f137653e7906c5e2115,2025-04-07,113,41,1291.1500099999998,30,801.377352,23639.45185840708,2671258.06,72,41,489.77265799999986,0.7317073170731707,1.7560975609756098
0xb899e522b5715391ae1d4f137653e7906c5e2115,2025-04-08,187,127,936.6942779999999,77,1516.220713,27027.108770053474,5054069.34,60,127,-579.526435,0.6062992125984252,0.47244094488188976
0xb899e522b5715391ae1d4f137653e7906c5e2115,2025-04-09,222,113,6800.812401,113,1864.0758230000001,27989.12873873874,6213586.58,109,113,4936.736578,1.0,0.9646017699115044
0xb899e522b5715391ae1d4f137653e7906c5e2115,2025-04-10,116,66,-117.61638999999997,64,921.246646,27220.127586206894,3157534.8,50,66,-1038.863036,0.9696969696969697,0.7575757575757576
0xb899e522b5715391ae1d4f137653e7906c5e2115,2025-04-11,128,60,-482.407981,49,1549.717797,40357.236015625,5165726.21,60,68,-2032.125778,0.8166666666666667,0.8823529411764706
0xb899e522b5715391ae1d4f137653e7906c5e2115,2025-04-12,7,4,50.56792,4,48.937295,23303.475714285716,163124.33000000002,4,3,1.630625000000002,1.0,1.3333333333333333
0xb899e522b5715391ae1d4f137653e7906c5e2115,2025-04-13,20,3,1097.533742,3,52.755928,10551.1865,211023.73,3,17,1044.777814,1.0,0.17647058823529413
0xb899e522b5715391ae1d4f137653e7906c5e2115,2025-04-15,28,20,554.38798,20,301.437967,35885.474642857145,1004793.29,8,20,252.95001299999996,1.0,0.4
0xbaaaf6571ab7d571043ff1e313a9609a10637864,2024-12-28,4,2,-0.06076,0,0.116262,86.5075,346.03,2,2,-0.177022,0.0,1.0
0xbaaaf6571ab7d571043ff1e313a9609a10637864,2025-02-19,121,2,31.42038,2,57.403883,4940.588512396694,597811.21,119,2,-25.983503,1.0,59.5
0xbaaaf6571ab7d571043ff1e313a9609a10637864,2025-02-20,185,185,35262.804627,185,212.692347,3421.6945405405404,633013.49,0,185,35050.11228,1.0,0.0
0xbaaaf6571ab7d571043ff1e313a9609a10637864,2025-02-24,4083,1824,22037.667762,1824,843.937528,1645.9218834190547,6720299.05,2259,1824,21193.730234000002,1.0,1.238486842105263
0xbaaaf6571ab7d571043ff1e313a9609a10637864,2025-02-25,3292,617,5672.328492,555,1122.695336,3167.5804404617256,10427674.81,2675,617,4549.633156,0.899513776337115,4.3354943273906
0xbaaaf6571ab7d571043ff1e313a9609a10637864,2025-02-26,470,470,23589.520054,470,340.63928899999996,7136.707680851064,3354252.61,0,470,23248.880765,1.0,0.0
0xbaaaf6571ab7d571043ff1e313a9609a10637864,2025-03-04,563,0,0.0,0,298.127396,6625.281438721137,3730033.45,563,0,-298.127396,,inf
0xbaaaf6571ab7d571043ff1e313a9609a10637864,2025-03-05,983,898,229058.684298,898,1055.073863,4677.476866734486,4597959.76,85,898,228003.610435,1.0,0.09465478841870824
0xbaaaf6571ab7d571043ff1e313a9609a10637864,2025-03-06,71,0,0.0,0,0.0,9899.837042253523,702888.43,71,0,0.0,,inf
0xbaaaf6571ab7d571043ff1e313a9609a10637864,2025-03-07,829,564,87405.926823,564,562.216256,4768.31558504222,3952933.62,265,564,86843.710567,1.0,0.4698581560283688
0xbaaaf6571ab7d571043ff1e313a9609a10637864,2025-03-09,47,8,10.184488,8,8.12502,1697.1225531914893,79764.76,39,8,2.0594680000000007,1.0,4.875
0xbaaaf6571ab7d571043ff1e313a9609a10637864,2025-03-10,667,208,5832.316116,208,68.75383,5033.190044977511,3357137.76,459,208,5763.562286,1.0,2.206730769230769
0xbaaaf6571ab7d571043ff1e313a9609a10637864,2025-03-11,1651,77,1058.58,77,54.409836,2186.8561296184134,3610499.47,1574,77,1004.1701639999999,1.0,20.441558441558442
0xbaaaf6571ab7d571043ff1e313a9609a10637864,2025-03-12,2617,1708,289639.089112,1708,1227.517252,3118.5291555215895,8161190.8,909,1708,288411.57186,1.0,0.5322014051522248
0xbaaaf6571ab7d571043ff1e313a9609a10637864,2025-03-13,1,1,66.447417,1,0.0,22791.99,22791.99,0,1,66.447417,1.0,0.0
0xbaaaf6571ab7d571043ff1e313a9609a10637864,2025-03-14,1662,1478,16591.266757,1478,3.228229,2140.244061371841,3557085.63,184,1478,16588.038528,1.0,0.12449255751014884
0xbaaaf6571ab7d571043ff1e313a9609a10637864,2025-03-27,147,29,18422.612928,29,131.101463,5352.478163265307,786814.29,118,29,18291.511465,1.0,4.068965517241379
0xbaaaf6571ab7d571043ff1e313a9609a10637864,2025-03-28,167,0,0.0,0,93.55906900000001,1783.29622754491,297810.47,167,0,-93.55906900000001,,inf
0xbaaaf6571ab7d571043ff1e313a9609a10637864,2025-03-29,600,246,720.749699,246,252.002144,2584.3467833333334,1550608.07,354,246,468.747555,1.0,1.4390243902439024
0xbaaaf6571ab7d571043ff1e313a9609a10637864,2025-03-30,354,0,0.0,0,277.833116,3000.0830508474573,1062029.4,354,0,-277.833116,,inf
0xbaaaf6571ab7d571043ff1e313a9609a10637864,2025-03-31,33,0,0.0,0,28.277762,8569.022424242425,282777.74,33,0,-28.277762,,inf
0xbaaaf6571ab7d571043ff1e313a9609a10637864,2025-04-02,743,743,188114.980392,743,918.700872,3804.6953432032305,2826888.64,0,743,187196.27952,1.0,0.0
0xbaaaf6571ab7d571043ff1e313a9609a10637864,2025-04-03,937,498,3869.208803,476,643.514507,4677.174855923159,4382512.84,439,498,3225.694296,0.9558232931726908,0.8815261044176707
0xbaaaf6571ab7d571043ff1e313a9609a10637864,2025-04-04,318,218,9367.872074,216,129.8195,2198.7353773584905,699197.85,100,218,9238.052574000001,0.9908256880733946,0.45871559633027525
0xbaaaf6571ab7d571043ff1e313a9609a10637864,2025-04-06,499,172,1026.735896,172,185.88304300000001,2739.437655310621,1366979.39,327,172,840.8528529999999,1.0,1.9011627906976745
0xbaaaf6571ab7d571043ff1e313a9609a10637864,2025-04-07,146,47,2378.877324,47,81.072952219,8733.045479452056,1275024.6400000001,99,47,2297.804371781,1.0,2.106382978723404
0xbaaaf6571ab7d571043ff1e313a9609a10637864,2025-04-30,1,1,4.733218,1,0.003547,10.14,10.14,0,1,4.729671,1.0,0.0
0xbaaaf6571ab7d571043ff1e313a9609a10637864,2025-05-01,1,1,1.86032,1,0.001364,3.9,3.9,0,1,1.858956,1.0,0.0
0xbd5fead7180a9c139fa51a103cb6a2ce86ddb5c3,2024-12-10,52,0,0.0,0,18.167481,2798.660769230769,145530.36,0,52,-18.167481,,0.0
0xbd5fead7180a9c139fa51a103cb6a2ce86ddb5c3,2024-12-11,17,0,0.0,0,1.086556,637.4164705882353,10836.08,0,17,-1.086556,,0.0
0xbd5fead7180a9c139fa51a103cb6a2ce86ddb5c3,2024-12-12,1,0,0.0,0,0.51585,5158.5,5158.5,0,1,-0.51585,,0.0
0xbd5fead7180a9c139fa51a103cb6a2ce86ddb5c3,2024-12-15,58,0,0.0,0,6.515417,1122.5670689655171,65108.89,0,58,-6.515417,,0.0
0xbd5fead7180a9c139fa51a103cb6a2ce86ddb5c3,2024-12-16,4,0,0.0,0,0.26523,663.0799999999999,2652.3199999999997,0,4,-0.26523,,0.0
0xbd5fead7180a9c139fa51a103cb6a2ce86ddb5c3,2024-12-17,2,0,0.0,0,0.34892900000000004,1744.65,3489.3,0,2,-0.34892900000000004,,0.0
0xbd5fead7180a9c139fa51a103cb6a2ce86ddb5c3,2024-12-18,14,0,0.0,0,3.0909950000000004,2207.8585714285714,30910.02,0,14,-3.0909950000000004,,0.0
0xbd5fead7180a9c139fa51a103cb6a2ce86ddb5c3,2024-12-19,37,12,-128.0,0,22.499194,6080.864864864865,224992.0,8,29,-150.499194,0.0,0.27586206896551724
0xbd5fead7180a9c139fa51a103cb6a2ce86ddb5c3,2024-12-20,66,41,11799.68,41,21.433754,2843.038636363636,187640.55,41,25,11778.246246,1.0,1.64
0xbd5fead7180a9c139fa51a103cb6a2ce86ddb5c3,2024-12-23,16,0,0.0,0,7.303981,3216.5875,51465.4,0,16,-7.303981,,0.0
0xbd5fead7180a9c139fa51a103cb6a2ce86ddb5c3,2024-12-24,10,0,0.0,0,1.07,1070.0,10700.0,0,10,-1.07,,0.0
0xbd5fead7180a9c139fa51a103cb6a2ce86ddb5c3,2024-12-29,39,0,0.0,0,29.228901,2453.2941025641026,95678.47,0,39,-29.228901,,0.0
0xbd5fead7180a9c139fa51a103cb6a2ce86ddb5c3,2025-01-03,61,0,0.0,0,11.191839,1834.7278688524589,111918.4,0,61,-11.191839,,0.0
0xbd5fead7180a9c139fa51a103cb6a2ce86ddb5c3,2025-01-08,22,21,1023.27508,21,3.61208,1200.6454545454546,26414.2,21,1,1019.663,1.0,21.0
0xbd5fead7180a9c139fa51a103cb6a2ce86ddb5c3,2025-01-14,8,0,0.0,0,4.449262,1589.0237499999998,12712.189999999999,0,8,-4.449262,,0.0
0xbd5fead7180a9c139fa51a103cb6a2ce86ddb5c3,2025-01-15,3,0,0.0,0,0.653178,1128.8333333333333,3386.5,0,3,-0.653178,,0.0
0xbd5fead7180a9c139fa51a103cb6a2ce86ddb5c3,2025-01-16,3,0,0.0,0,0.728252,910.4933333333333,2731.48,0,3,-0.728252,,0.0
0xbd5fead7180a9c139fa51a103cb6a2ce86ddb5c3,2025-01-17,3,0,0.0,0,1.59541,1519.4399999999998,4558.32,0,3,-1.59541,,0.0
0xbd5fead7180a9c139fa51a103cb6a2ce86ddb5c3,2025-01-18,12,7,-10750.654828,0,22.21272,7729.219166666667,92750.63,7,5,-10772.867548,0.0,1.4
0xbd5fead7180a9c139fa51a103cb6a2ce86ddb5c3,2025-01-19,30,12,-7963.5855,0,21.354695,2508.4396666666667,75253.19,12,18,-7984.940195,0.0,0.6666666666666666
0xbd5fead7180a9c139fa51a103cb6a2ce86ddb5c3,2025-01-20,33,26,24895.400898,26,38.116269,4336.907878787879,143117.96,26,7,24857.284629,1.0,3.7142857142857144
0xbd5fead7180a9c139fa51a103cb6a2ce86ddb5c3,2025-01-27,23,23,20428.824,23,5.388315,2342.7495652173916,53883.240000000005,23,0,20423.435685,1.0,inf
0xbd5fead7180a9c139fa51a103cb6a2ce86ddb5c3,2025-01-31,61,0,0.0,0,9.693017,1589.025081967213,96930.53,0,61,-9.693017,,0.0
0xbd5fead7180a9c139fa51a103cb6a2ce86ddb5c3,2025-02-03,69,69,160022.95082600001,69,37.896369,3243.988695652174,223835.22,69,0,159985.05445700002,1.0,inf
0xbd5fead7180a9c139fa51a103cb6a2ce86ddb5c3,2025-02-04,18,0,0.0,0,6.8,3777.777777777778,68000.0,0,18,-6.8,,0.0
0xbd5fead7180a9c139fa51a103cb6a2ce86ddb5c3,2025-02-06,13,1,-24500.0,0,39.61807,18423.076923076922,239500.0,12,1,-24539.61807,0.0,12.0
0xbd5fead7180a9c139fa51a103cb6a2ce86ddb5c3,2025-02-09,3,0,0.0,0,0.187741,625.8133333333334,1877.44,0,3,-0.187741,,0.0
0xbd5fead7180a9c139fa51a103cb6a2ce86ddb5c3,2025-02-10,22,0,0.0,0,2.248304,591.3531818181818,13009.77,0,22,-2.248304,,0.0
0xbd5fead7180a9c139fa51a103cb6a2ce86ddb5c3,2025-02-15,4,0,0.0,0,0.322175,805.4399999999999,3221.7599999999998,0,4,-0.322175,,0.0
0xbd5fead7180a9c139fa51a103cb6a2ce86ddb5c3,2025-02-21,33,0,0.0,0,34.823728,4675.215454545454,154282.11,6,27,-34.823728,,0.2222222222222222
0xbd5fead7180a9c139fa51a103cb6a2ce86ddb5c3,2025-02-22,138,40,15074.26913,36,277.136234,7487.178405797102,1033230.62,86,52,14797.132896000001,0.9,1.6538461538461537
0xbd5fead7180a9c139fa51a103cb6a2ce86ddb5c3,2025-02-23,73,0,0.0,0,18.266739,2502.296301369863,182667.63,0,73,-18.266739,,0.0
0xbd5fead7180a9c139fa51a103cb6a2ce86ddb5c3,2025-02-24,28,0,0.0,0,15.902961990000001,1796.1407142857145,50291.94,1,27,-15.902961990000001,,0.037037037037037035
0xbd5fead7180a9c139fa51a103cb6a2ce86ddb5c3,2025-02-25,28,17,3859.44,17,13.28893,2181.2564285714284,61075.18,17,11,3846.15107,1.0,1.5454545454545454
0xbd5fead7180a9c139fa51a103cb6a2ce86ddb5c3,2025-02-26,42,2,-871.1949999999999,1,44.219407000000004,3619.3485714285716,152012.64,6,36,-915.414407,0.5,0.16666666666666666
0xbd5fead7180a9c139fa51a103cb6a2ce86ddb5c3,2025-02-27,90,26,-48309.11776,1,182.412908,8859.279777777778,797335.18,5,85,-48491.530668,0.038461538461538464,0.058823529411764705
0xbd5fead7180a9c139fa51a103cb6a2ce86ddb5c3,2025-02-28,59,57,67673.757678,57,159.317972,8249.914915254238,486744.98,59,0,67514.43970599999,1.0,inf
0xbd5fead7180a9c139fa51a103cb6a2ce86ddb5c3,2025-03-02,84,14,-2632.65866,0,359.157571,12216.244880952381,1026164.57,84,0,-2991.8162310000002,0.0,inf
0xbd5fead7180a9c139fa51a103cb6a2ce86ddb5c3,2025-03-03,136,125,57561.35367,112,310.633142,8611.731764705883,1171195.52,75,61,57250.720528,0.896,1.2295081967213115
0xbd5fead7180a9c139fa51a103cb6a2ce86ddb5c3,2025-03-04,2,0,0.0,0,8.6,86000.0,172000.0,2,0,-8.6,,inf
0xbd5fead7180a9c139fa51a103cb6a2ce86ddb5c3,2025-03-05,8,8,3677.4,8,8.949995000000001,22375.0,179000.0,0,8,3668.450005,1.0,0.0
0xbd5fead7180a9c139fa51a103cb6a2ce86ddb5c3,2025-03-06,16,0,0.0,0,5.201155,2433.409375,38934.55,3,13,-5.201155,,0.23076923076923078
0xbd5fead7180a9c139fa51a103cb6a2ce86ddb5c3,2025-03-07,147,100,43861.966536,97,420.773182,9958.719795918369,1463931.81,116,31,43441.193354,0.97,3.7419354838709675
0xbd5fead7180a9c139fa51a103cb6a2ce86ddb5c3,2025-03-08,36,36,5836.8743,36,6.596844000000001,1318.431388888889,47463.53,36,0,5830.277456000001,1.0,inf
0xbd5fead7180a9c139fa51a103cb6a2ce86ddb5c3,2025-03-11,7,0,0.0,0,1.606857,4591.028571428572,32137.2,0,7,-1.606857,,0.0
0xbd5fead7180a9c139fa51a103cb6a2ce86ddb5c3,2025-03-12,57,10,-15387.62119,0,297.786141,24693.342631578947,1407520.53,47,10,-15685.407331,0.0,4.7
0xbd5fead7180a9c139fa51a103cb6a2ce86ddb5c3,2025-03-18,27,1,-120.432,0,105.245665,17589.48851851852,474916.19,17,10,-225.677665,0.0,1.7
0xbd5fead7180a9c139fa51a103cb6a2ce86ddb5c3,2025-03-19,26,0,0.0,0,13.053277999999999,4414.302692307692,114771.87,18,8,-13.053277999999999,,2.25
0xbd5fead7180a9c139fa51a103cb6a2ce86ddb5c3,2025-03-26,3,0,0.0,0,5.379657440000001,32793.78333333333,98381.35,2,1,-5.379657440000001,,2.0
0xbd5fead7180a9c139fa51a103cb6a2ce86ddb5c3,2025-03-27,21,0,0.0,0,52.109989,24814.283809523808,521099.95999999996,21,0,-52.109989,,inf
0xbd5fead7180a9c139fa51a103cb6a2ce86ddb5c3,2025-03-31,3,3,-8320.5,0,41.599999,138666.66666666666,416000.0,0,3,-8362.099999,0.0,0.0
0xbd5fead7180a9c139fa51a103cb6a2ce86ddb5c3,2025-04-01,28,20,-9311.892185,0,35.276799,5608.603928571429,157040.91,20,8,-9347.168984,0.0,2.5
0xbd5fead7180a9c139fa51a103cb6a2ce86ddb5c3,2025-04-02,66,62,2676.6850000000004,62,18.62502,2821.9739393939394,186250.28,0,66,2658.0599800000005,1.0,0.0
0xbd5fead7180a9c139fa51a103cb6a2ce86ddb5c3,2025-04-03,12,12,-5862.0887760000005,0,29.614225,7051.005833333334,84612.07,12,0,-5891.703001000001,0.0,inf
0xbd5fead7180a9c139fa51a103cb6a2ce86ddb5c3,2025-04-04,132,59,-43753.361578,24,148.694024,5448.201969696969,719162.6599999999,24,108,-43902.05560199999,0.4067796610169492,0.2222222222222222
0xbd5fead7180a9c139fa51a103cb6a2ce86ddb5c3,2025-04-07,108,30,51942.142881,30,312.592923,15608.295185185187,1685695.8800000001,57,51,51629.549958,1.0,1.1176470588235294
0xbd5fead7180a9c139fa51a103cb6a2ce86ddb5c3,2025-04-09,71,48,-36400.46439,0,129.933272,5228.704647887324,371238.03,71,0,-36530.397662,0.0,inf
0xbd5fead7180a9c139fa51a103cb6a2ce86ddb5c3,2025-04-10,130,130,19858.73334,130,13.347951,2053.538692307692,266960.02999999997,28,102,19845.385389,1.0,0.27450980392156865
0xbd5fead7180a9c139fa51a103cb6a2ce86ddb5c3,2025-04-12,24,0,0.0,0,382.13009800000003,53073.62666666667,1273767.04,24,0,-382.13009800000003,,inf
0xbd5fead7180a9c139fa51a103cb6a2ce86ddb5c3,2025-04-13,35,31,32724.19729,31,235.562431,24908.65857142857,871803.0499999999,0,35,32488.634859,1.0,0.0
0xbd5fead7180a9c139fa51a103cb6a2ce86ddb5c3,2025-04-14,51,0,0.0,0,2.511831,985.0413725490196,50237.11,47,4,-2.511831,,11.75
0xbd5fead7180a9c139fa51a103cb6a2ce86ddb5c3,2025-04-15,27,27,18951.678454,27,59.744277000000004,23060.654814814818,622637.68,0,27,18891.934177,1.0,0.0
0xbd5fead7180a9c139fa51a103cb6a2ce86ddb5c3,2025-04-16,15,15,9556.6,15,12.794597000000001,17059.466,255891.99,0,15,9543.805403,1.0,0.0
0xbd5fead7180a9c139fa51a103cb6a2ce86ddb5c3,2025-04-17,11,0,0.0,0,0.597532,1086.4290909090907,11950.72,0,11,-0.597532,,0.0
0xbd5fead7180a9c139fa51a103cb6a2ce86ddb5c3,2025-04-19,13,0,0.0,0,5.217992,8027.694615384616,104360.03,0,13,-5.217992,,0.0
0xbd5fead7180a9c139fa51a103cb6a2ce86ddb5c3,2025-04-23,34,15,-2993.575225,0,9.531647,1538.6438235294117,52313.89,14,20,-3003.106872,0.0,0.7
0xbd5fead7180a9c139fa51a103cb6a2ce86ddb5c3,2025-05-01,116,77,-113601.02013799999,1,677.267526,16681.46775862069,1935050.26,76,40,-114278.28766399999,0.012987012987012988,1.9
0xbee1707d6b44d4d52bfe19e41f8a828645437aab,2024-12-08,92,84,15206.395076,84,26.747257,3401.4840217391306,312936.53,15,77,15179.647819,1.0,0.19480519480519481
0xbee1707d6b44d4d52bfe19e41f8a828645437aab,2024-12-09,143,9,2397.068675,9,50.14075456,3120.5087412587413,446232.75,134,9,2346.92792044,1.0,14.88888888888889
0xbee1707d6b44d4d52bfe19e41f8a828645437aab,2024-12-10,928,708,26600.990442,535,116.25613018,1859.9979202586208,1726078.07,220,708,26484.734311819997,0.7556497175141242,0.3107344632768362
0xbee1707d6b44d4d52bfe19e41f8a828645437aab,2024-12-11,530,519,24663.690943,519,28.83121716,1207.490075471698,639969.74,11,519,24634.85972584,1.0,0.02119460500963391
0xbee1707d6b44d4d52bfe19e41f8a828645437aab,2024-12-12,1041,868,130826.491662,848,294.08469282,2596.416272814601,2702869.34,167,874,130532.40696918,0.9769585253456221,0.19107551487414187
0xbee1707d6b44d4d52bfe19e41f8a828645437aab,2024-12-13,277,70,9405.233313,70,19.27604387,2702.6475451263536,748633.37,208,69,9385.95726913,1.0,3.0144927536231885
0xbee1707d6b44d4d52bfe19e41f8a828645437aab,2024-12-14,70,4,1294.450646,4,8.86491787,6203.194285714286,434223.6,66,4,1285.58572813,1.0,16.5
0xbee1707d6b44d4d52bfe19e41f8a828645437aab,2024-12-15,9,2,1703.2571850000002,2,0.62289883,2227.3388888888894,20046.050000000003,7,2,1702.6342861700002,1.0,3.5
0xbee1707d6b44d4d52bfe19e41f8a828645437aab,2024-12-16,245,116,126852.290809,116,53.01264697,4090.4684897959187,1002164.78,129,116,126799.27816203,1.0,1.1120689655172413
0xbee1707d6b44d4d52bfe19e41f8a828645437aab,2024-12-17,476,269,128648.384642,269,171.85723001,3056.9325000000003,1455099.87,207,269,128476.52741199,1.0,0.7695167286245354
0xbee1707d6b44d4d52bfe19e41f8a828645437aab,2024-12-18,342,235,2139.192941,92,30.0033153,2279.296023391813,779519.24,107,235,2109.1896257,0.39148936170212767,0.4553191489361702
0xbee1707d6b44d4d52bfe19e41f8a828645437aab,2024-12-19,2076,1577,27888.195088,1470,447.38810641,2272.286083815029,4717265.91,499,1577,27440.80698159,0.932149651236525,0.31642358909321494
0xbee1707d6b44d4d52bfe19e41f8a828645437aab,2024-12-20,1259,740,139628.47633,672,220.44750733,2917.238474980143,3672803.24,519,740,139408.02882267,0.9081081081081082,0.7013513513513514
0xbee1707d6b44d4d52bfe19e41f8a828645437aab,2024-12-21,805,558,103460.844587,558,236.61668118,3172.574695652174,2553922.63,252,553,103224.22790582,1.0,0.45569620253164556
0xbee1707d6b44d4d52bfe19e41f8a828645437aab,2024-12-22,108,81,19694.301887,81,14.599256089999999,5072.932685185185,547876.73,27,81,19679.70263091,1.0,0.3333333333333333
0xbee1707d6b44d4d52bfe19e41f8a828645437aab,2024-12-23,1482,971,-76194.26162399999,297,793.25867561,3278.057968960864,4858081.91,524,958,-76987.52029961,0.305870236869207,0.5469728601252609
0xbee1707d6b44d4d52bfe19e41f8a828645437aab,2024-12-24,81,49,-5527.285214,4,49.82744987,3502.3662962962962,283691.67,41,40,-5577.112663870001,0.08163265306122448,1.025
0xbee1707d6b44d4d52bfe19e41f8a828645437aab,2024-12-25,35,3,-1059.724367,0,22.30132625,5163.3108571428575,180715.88,32,3,-1082.0256932500001,0.0,10.666666666666666
0xbee1707d6b44d4d52bfe19e41f8a828645437aab,2024-12-26,337,199,3103.720794,195,316.42639972,4189.758931750742,1411948.76,150,187,2787.29439428,0.9798994974874372,0.8021390374331551
0xbee1707d6b44d4d52bfe19e41f8a828645437aab,2024-12-27,1,0,0.0,0,0.0,0.06,0.06,0,1,0.0,,0.0
0xbee1707d6b44d4d52bfe19e41f8a828645437aab,2025-01-10,2,0,0.0,0,0.0302189,2999.81,5999.62,2,0,-0.0302189,,inf
0xbee1707d6b44d4d52bfe19e41f8a828645437aab,2025-01-11,9,2,65.42769200000001,2,0.29955384,1165.4522222222222,10489.07,7,2,65.12813816,1.0,3.5
0xbee1707d6b44d4d52bfe19e41f8a828645437aab,2025-01-13,11,0,0.0,0,0.08476173000000001,1488.3963636363637,16372.36,11,0,-0.08476173000000001,,inf
0xbee1707d6b44d4d52bfe19e41f8a828645437aab,2025-01-14,67,42,5103.198502,42,12.83951148,1344.250895522388,90064.81,25,42,5090.358990520001,1.0,0.5952380952380952
0xbee1707d6b44d4d52bfe19e41f8a828645437aab,2025-01-15,8,3,66.63180299999999,3,1.33531584,908.50375,7268.03,5,3,65.29648715999998,1.0,1.6666666666666667
0xbee1707d6b44d4d52bfe19e41f8a828645437aab,2025-01-16,2,0,0.0,0,0.01342796,1587.855,3175.71,2,0,-0.01342796,,inf
0xbee1707d6b44d4d52bfe19e41f8a828645437aab,2025-01-17,7,3,77.26888,3,1.2464498899999998,1463.1599999999999,10242.119999999999,4,3,76.02243011,1.0,1.3333333333333333
0xbee1707d6b44d4d52bfe19e41f8a828645437aab,2025-01-18,13,0,0.0,0,0.12113978,2035.5961538461538,26462.75,13,0,-0.12113978,,inf
0xbee1707d6b44d4d52bfe19e41f8a828645437aab,2025-01-19,29,26,512.9694489999999,24,4.58776394,983.9131034482758,28533.48,3,26,508.38168505999994,0.9230769230769231,0.11538461538461539
0xbee1707d6b44d4d52bfe19e41f8a828645437aab,2025-01-20,191,85,-4968.452873,33,26.23259607,791.7238219895288,151219.25,106,85,-4994.68546907,0.38823529411764707,1.2470588235294118
0xbee1707d6b44d4d52bfe19e41f8a828645437aab,2025-01-21,50,42,1343.189535,42,8.44570538,721.1088000000001,36055.44,8,42,1334.74382962,1.0,0.19047619047619047
0xbee1707d6b44d4d52bfe19e41f8a828645437aab,2025-01-22,13,9,554.298224,9,1.9855179500000002,767.0084615384616,9971.11,4,9,552.31270605,1.0,0.4444444444444444
0xbee1707d6b44d4d52bfe19e41f8a828645437aab,2025-01-23,16,11,-133.631755,1,1.2575269500000001,989.034375,15824.55,5,11,-134.88928195,0.09090909090909091,0.45454545454545453
0xbee1707d6b44d4d52bfe19e41f8a828645437aab,2025-01-24,84,46,2109.118305,46,9.75562206,921.5711904761904,77411.98,38,46,2099.36268294,1.0,0.8260869565217391
0xbee1707d6b44d4d52bfe19e41f8a828645437aab,2025-01-25,33,3,107.54725099999999,3,0.5216746999999999,742.9863636363636,24518.55,30,3,107.02557629999998,1.0,10.0
0xbee1707d6b44d4d52bfe19e41f8a828645437aab,2025-01-26,27,13,1012.208613,13,1.62709871,1029.6403703703704,27800.29,14,13,1010.58151429,1.0,1.0769230769230769
0xbee1707d6b44d4d52bfe19e41f8a828645437aab,2025-01-27,56,18,-220.548198,1,4.11615147,1004.7960714285715,56268.58,38,18,-224.66434947000002,0.05555555555555555,2.111111111111111
0xbee1707d6b44d4d52bfe19e41f8a828645437aab,2025-01-28,121,83,6959.984986,83,36.09488571,1173.1775206611571,141954.48,38,83,6923.89010029,1.0,0.4578313253012048
0xbee1707d6b44d4d52bfe19e41f8a828645437aab,2025-01-29,76,55,1193.2639530000001,55,14.65600211,967.4096052631579,73523.13,21,55,1178.6079508900002,1.0,0.38181818181818183
0xbee1707d6b44d4d52bfe19e41f8a828645437aab,2025-01-30,268,121,1072.220367,79,95.30730432,1278.6088059701492,342667.16,128,140,976.9130626799999,0.6528925619834711,0.9142857142857143
0xbee1707d6b44d4d52bfe19e41f8a828645437aab,2025-01-31,249,154,3143.489896,154,85.31124972,1556.0202409638553,387449.04,142,107,3058.17864628,1.0,1.3271028037383177
0xbee1707d6b44d4d52bfe19e41f8a828645437aab,2025-02-01,187,133,2954.521713,133,40.48101958,1204.9785026737968,225330.98,73,114,2914.04069342,1.0,0.6403508771929824
0xbee1707d6b44d4d52bfe19e41f8a828645437aab,2025-02-02,131,58,-329.680689,38,46.27443222,1839.5793129770993,240984.89,73,58,-375.95512121999997,0.6551724137931034,1.2586206896551724
0xbee1707d6b44d4d52bfe19e41f8a828645437aab,2025-02-03,325,179,5803.573999,138,119.81672947999999,1758.0771384615382,571375.07,126,199,5683.757269520001,0.770949720670391,0.6331658291457286
0xbee1707d6b44d4d52bfe19e41f8a828645437aab,2025-02-04,248,112,806.765131,71,92.61476121,1351.8856048387097,335267.63,99,149,714.15036979,0.6339285714285714,0.6644295302013423
0xbee1707d6b44d4d52bfe19e41f8a828645437aab,2025-02-05,14,11,713.82809,11,12.014707999999999,3668.815,51363.41,11,3,701.8133819999999,1.0,3.6666666666666665
0xbee1707d6b44d4d52bfe19e41f8a828645437aab,2025-02-06,29,26,1212.452697,26,9.39805892,1363.3675862068965,39537.659999999996,22,7,1203.05463808,1.0,3.142857142857143
0xbee1707d6b44d4d52bfe19e41f8a828645437aab,2025-02-07,125,50,2631.225181,50,19.61573529,2059.84464,257480.58,75,50,2611.60944571,1.0,1.5
0xbee1707d6b44d4d52bfe19e41f8a828645437aab,2025-02-08,13,13,-189.463436,1,10.471792,2671.7584615384617,34732.86,0,13,-199.935228,0.07692307692307693,0.0
0xbee1707d6b44d4d52bfe19e41f8a828645437aab,2025-02-09,56,21,204.72190899999998,21,10.4209551,1334.912142857143,74755.08,35,21,194.30095389999997,1.0,1.6666666666666667
0xbee1707d6b44d4d52bfe19e41f8a828645437aab,2025-02-10,140,91,3796.008199,91,39.70943063,1484.4517857142857,207823.25,49,91,3756.29876837,1.0,0.5384615384615384
0xbee1707d6b44d4d52bfe19e41f8a828645437aab,2025-02-11,52,18,1901.6318190000002,18,8.22775757,1947.8190384615384,101286.59,34,18,1893.4040614300002,1.0,1.8888888888888888
0xbee1707d6b44d4d52bfe19e41f8a828645437aab,2025-02-12,71,45,1747.1899090000002,45,13.27502537,1623.5340845070423,115270.92,26,45,1733.91488363,1.0,0.5777777777777777
0xbee1707d6b44d4d52bfe19e41f8a828645437aab,2025-02-13,156,79,5096.967096,79,67.29254806,1561.7910256410255,243639.4,67,89,5029.674547940001,1.0,0.7528089887640449
0xbee1707d6b44d4d52bfe19e41f8a828645437aab,2025-02-14,166,64,-1818.156466,1,65.416968,1363.292951807229,226306.63,63,103,-1883.573434,0.015625,0.6116504854368932
0xbee1707d6b44d4d52bfe19e41f8a828645437aab,2025-02-15,130,54,3822.79759,54,38.94403648,1798.402076923077,233792.27,91,39,3783.8535535200003,1.0,2.3333333333333335
0xbee1707d6b44d4d52bfe19e41f8a828645437aab,2025-02-16,54,44,321.733978,38,20.0275899,1193.8803703703704,64469.54,11,43,301.70638809999997,0.8636363636363636,0.2558139534883721
0xbee1707d6b44d4d52bfe19e41f8a828645437aab,2025-02-17,151,76,111.69658399999999,48,44.12664195,1591.1465562913907,240263.13,75,76,67.56994204999998,0.631578947368421,0.9868421052631579
0xbee1707d6b44d4d52bfe19e41f8a828645437aab,2025-02-18,512,301,3935.153067,250,150.06850005,1823.6225390625,933694.74,226,286,3785.0845669500004,0.8305647840531561,0.7902097902097902
0xbee1707d6b44d4d52bfe19e41f8a828645437aab,2025-02-19,406,232,5930.986467,230,137.51040693,1708.6227586206896,693700.84,171,235,5793.47606007,0.9913793103448276,0.7276595744680852
0xbee1707d6b44d4d52bfe19e41f8a828645437aab,2025-02-20,162,81,819.221222,62,53.59084817,1142.087962962963,185018.25,71,91,765.63037383,0.7654320987654321,0.7802197802197802
0xbee1707d6b44d4d52bfe19e41f8a828645437aab,2025-02-21,255,116,4483.141317,116,99.12235592,1669.3589019607844,425686.52,112,143,4384.01896108,1.0,0.7832167832167832
0xbee1707d6b44d4d52bfe19e41f8a828645437aab,2025-02-22,60,41,1391.928432,41,22.127139969999998,1097.3101666666666,65838.61,26,34,1369.80129203,1.0,0.7647058823529411
0xbee1707d6b44d4d52bfe19e41f8a828645437aab,2025-02-23,45,25,383.135241,25,12.728681550000001,2283.7915555555555,102770.62,32,13,370.40655945000003,1.0,2.4615384615384617
0xbee1707d6b44d4d52bfe19e41f8a828645437aab,2025-02-24,744,405,-10373.274402000001,110,276.72258301,1398.9927284946236,1040850.59,339,405,-10649.99698501,0.2716049382716049,0.837037037037037
0xbee1707d6b44d4d52bfe19e41f8a828645437aab,2025-02-25,1642,879,-23384.358492,446,564.95772004,1441.9933982947625,2367753.16,694,948,-23949.31621204,0.5073947667804323,0.7320675105485233
0xbee1707d6b44d4d52bfe19e41f8a828645437aab,2025-02-26,394,205,2617.069579,160,148.7986648,1509.370609137056,594692.02,222,172,2468.2709142,0.7804878048780488,1.2906976744186047
0xbee1707d6b44d4d52bfe19e41f8a828645437aab,2025-02-27,703,358,2886.786952,215,222.56163231,1449.1966998577525,1018785.28,331,372,2664.22531969,0.6005586592178771,0.8897849462365591
0xbee1707d6b44d4d52bfe19e41f8a828645437aab,2025-02-28,302,134,2642.770468,134,97.00998097,1355.6750662251654,409413.87,116,186,2545.76048703,1.0,0.6236559139784946
0xbee1707d6b44d4d52bfe19e41f8a828645437aab,2025-03-01,51,16,446.358633,16,14.13199339,1384.9447058823528,70632.18,36,15,432.22663961,1.0,2.4
0xbee1707d6b44d4d52bfe19e41f8a828645437aab,2025-03-02,102,55,2576.6453030000002,55,22.79932942,1921.2604901960785,195968.57,32,70,2553.84597358,1.0,0.45714285714285713
0xbee1707d6b44d4d52bfe19e41f8a828645437aab,2025-03-03,73,48,2448.046511,48,21.1804367,1970.5965753424655,143853.55,56,17,2426.8660743,1.0,3.2941176470588234
0xbee1707d6b44d4d52bfe19e41f8a828645437aab,2025-03-04,979,499,-4934.6700519999995,377,345.84151396,1496.3304392236976,1464907.5,480,499,-5280.51156596,0.7555110220440882,0.9619238476953907
0xbee1707d6b44d4d52bfe19e41f8a828645437aab,2025-03-05,202,145,12814.770318,126,85.9329572,1811.146831683168,365851.66,91,111,12728.8373608,0.8689655172413793,0.8198198198198198
0xbee1707d6b44d4d52bfe19e41f8a828645437aab,2025-03-06,88,37,601.486585,37,17.94404193,1406.2047727272727,123746.02,53,35,583.54254307,1.0,1.5142857142857142
0xbee1707d6b44d4d52bfe19e41f8a828645437aab,2025-03-07,623,354,9142.064849,318,310.4394441,1885.9940930979135,1174974.32,304,319,8831.6254049,0.8983050847457628,0.9529780564263323
0xbee1707d6b44d4d52bfe19e41f8a828645437aab,2025-03-08,134,52,2219.262399,52,21.81652738,1190.7070895522388,159554.75,82,52,2197.44587162,1.0,1.5769230769230769
0xbee1707d6b44d4d52bfe19e41f8a828645437aab,2025-03-09,178,44,805.6551000000001,44,35.18756423,1607.242191011236,286089.11,134,44,770.46753577,1.0,3.0454545454545454
0xbee1707d6b44d4d52bfe19e41f8a828645437aab,2025-03-10,1428,845,9791.668235,727,490.0149171,1381.5543347338937,1972859.59,583,845,9301.6533179,0.8603550295857988,0.6899408284023668
0xbee1707d6b44d4d52bfe19e41f8a828645437aab,2025-03-11,333,210,-136.41741799999994,115,86.10364051,1225.6175075075075,408130.63,128,205,-222.52105850999993,0.5476190476190477,0.624390243902439
0xbee1707d6b44d4d52bfe19e41f8a828645437aab,2025-03-12,553,354,8096.937709,272,171.13070397,1791.739095840868,990831.72,223,330,7925.807005029999,0.768361581920904,0.6757575757575758
0xbee1707d6b44d4d52bfe19e41f8a828645437aab,2025-03-13,690,422,5090.880874,392,241.675669,1461.4744347826086,1008417.36,286,404,4849.205205,0.9289099526066351,0.7079207920792079
0xbee1707d6b44d4d52bfe19e41f8a828645437aab,2025-03-14,92,51,-49.67229100000003,16,39.822176999999996,1729.6968478260867,159132.11,48,44,-89.49446800000003,0.3137254901960784,1.0909090909090908
0xbee1707d6b44d4d52bfe19e41f8a828645437aab,2025-03-15,75,46,1764.258791,46,23.296708,1705.1933333333334,127889.5,51,24,1740.962083,1.0,2.125
0xbee1707d6b44d4d52bfe19e41f8a828645437aab,2025-03-16,97,13,5.068941999999993,11,29.704423,1426.0048453608247,138322.47,95,2,-24.635481000000006,0.8461538461538461,47.5
0xbee1707d6b44d4d52bfe19e41f8a828645437aab,2025-03-17,241,121,390.08642000000003,89,89.645779,1349.2339834024897,325165.39,120,121,300.440641,0.7355371900826446,0.9917355371900827
0xbee1707d6b44d4d52bfe19e41f8a828645437aab,2025-03-18,266,142,1930.871511,85,86.032419,1325.5640225563911,352600.03,124,142,1844.8390920000002,0.5985915492957746,0.8732394366197183
0xbee1707d6b44d4d52bfe19e41f8a828645437aab,2025-03-19,879,502,5253.432742,429,297.190079,1873.024300341297,1646388.36,397,482,4956.242663,0.8545816733067729,0.8236514522821576
0xbee1707d6b44d4d52bfe19e41f8a828645437aab,2025-03-20,283,127,-682.2653320000001,13,113.166543,1533.3633215547704,433941.82,147,136,-795.4318750000001,0.10236220472440945,1.0808823529411764
0xbee1707d6b44d4d52bfe19e41f8a828645437aab,2025-03-21,550,279,4866.15672,279,144.56949283,1152.8391272727274,634061.52,273,277,4721.58722717,1.0,0.9855595667870036
0xbee1707d6b44d4d52bfe19e41f8a828645437aab,2025-03-22,344,152,1637.832293,88,144.635452,1502.8190988372094,516969.77,138,206,1493.196841,0.5789473684210527,0.6699029126213593
0xbee1707d6b44d4d52bfe19e41f8a828645437aab,2025-03-23,178,18,882.848973,18,39.66749003,972.4924719101124,173103.66,161,17,843.18148297,1.0,9.470588235294118
0xbee1707d6b44d4d52bfe19e41f8a828645437aab,2025-03-24,500,328,7122.965048,302,160.22526237,1389.18776,694593.88,152,348,6962.73978563,0.9207317073170732,0.4367816091954023
0xbee1707d6b44d4d52bfe19e41f8a828645437aab,2025-03-25,306,142,1256.867824,135,84.40796484,1210.40545751634,370384.07,164,142,1172.45985916,0.9507042253521126,1.1549295774647887
0xbee1707d6b44d4d52bfe19e41f8a828645437aab,2025-03-26,2551,1304,-6062.660109,586,1202.9397565900001,1854.422602900823,4730632.06,1304,1247,-7265.59986559,0.4493865030674847,1.045709703287891
0xbee1707d6b44d4d52bfe19e41f8a828645437aab,2025-03-27,136,84,1743.483217,84,40.749951,1246.1119852941176,169471.23,76,60,1702.733266,1.0,1.2666666666666666
0xbee1707d6b44d4d52bfe19e41f8a828645437aab,2025-03-28,246,82,1841.802102,82,59.20153658,1143.3873983739836,281273.3,161,85,1782.60056542,1.0,1.8941176470588235
0xbee1707d6b44d4d52bfe19e41f8a828645437aab,2025-03-29,965,462,-3661.1103980000003,308,344.78915796,1381.2940414507773,1332948.75,503,462,-4005.8995559600003,0.6666666666666666,1.0887445887445888
0xbee1707d6b44d4d52bfe19e41f8a828645437aab,2025-03-30,53,26,536.150767,26,19.074014000000002,1635.4145283018868,86676.97,27,26,517.0767529999999,1.0,1.0384615384615385
0xbee1707d6b44d4d52bfe19e41f8a828645437aab,2025-03-31,81,79,41.27745400000002,56,13.750005,809.165061728395,65542.37,2,79,27.52744900000002,0.7088607594936709,0.02531645569620253
0xbee1707d6b44d4d52bfe19e41f8a828645437aab,2025-04-01,35,27,147.445788,27,7.901415,1226.783142857143,42937.41,18,17,139.544373,1.0,1.0588235294117647
0xbee1707d6b44d4d52bfe19e41f8a828645437aab,2025-04-02,118,76,1842.839943,76,26.7983,991.0424576271186,116943.01,53,65,1816.041643,1.0,0.8153846153846154
0xbee1707d6b44d4d52bfe19e41f8a828645437aab,2025-04-03,261,69,-3368.876326,0,78.09696617,1706.5415708812259,445407.35,192,69,-3446.97329217,0.0,2.782608695652174
0xbee1707d6b44d4d52bfe19e41f8a828645437aab,2025-04-04,326,204,-4513.160132,52,110.944353,1419.9448159509202,462902.01,122,204,-4624.104485,0.2549019607843137,0.5980392156862745
0xbee1707d6b44d4d52bfe19e41f8a828645437aab,2025-04-05,90,27,1113.761229,27,27.97517,1116.7745555555557,100509.71,63,27,1085.786059,1.0,2.3333333333333335
0xbee1707d6b44d4d52bfe19e41f8a828645437aab,2025-04-06,114,33,1828.77716,33,34.458222,2081.839298245614,237329.68,81,33,1794.3189380000001,1.0,2.4545454545454546
0xbee1707d6b44d4d52bfe19e41f8a828645437aab,2025-04-07,386,234,-9593.258137,20,150.995911,1632.7632383419689,630246.61,152,234,-9744.254048,0.08547008547008547,0.6495726495726496
0xbee1707d6b44d4d52bfe19e41f8a828645437aab,2025-04-08,167,125,11735.32104,125,50.877125,1521.912754491018,254159.43,42,125,11684.443915,1.0,0.336
0xbee1707d6b44d4d52bfe19e41f8a828645437aab,2025-04-09,134,107,2503.69251,84,37.24659368,1143.0998507462687,153175.38,27,107,2466.44591632,0.7850467289719626,0.2523364485981308
0xbee1707d6b44d4d52bfe19e41f8a828645437aab,2025-04-10,52,28,35.58096,28,16.02657293,962.6380769230769,50057.18,30,22,19.554387069999997,1.0,1.3636363636363635
0xbee1707d6b44d4d52bfe19e41f8a828645437aab,2025-04-11,123,54,857.60294,29,32.61326378,1340.7579674796746,164913.22999999998,78,45,824.98967622,0.5370370370370371,1.7333333333333334
0xbee1707d6b44d4d52bfe19e41f8a828645437aab,2025-04-12,307,115,4358.599132,115,109.12335053,1530.1273615635178,469749.1,109,198,4249.475781470001,1.0,0.5505050505050505
0xbee1707d6b44d4d52bfe19e41f8a828645437aab,2025-04-13,346,129,2319.824156,109,126.6096883,1441.715028901734,498833.4,153,193,2193.2144677,0.8449612403100775,0.7927461139896373
0xbee1707d6b44d4d52bfe19e41f8a828645437aab,2025-04-14,380,191,6100.692122,191,164.4995029,1437.8765263157893,546393.08,182,198,5936.1926191,1.0,0.9191919191919192
0xbee1707d6b44d4d52bfe19e41f8a828645437aab,2025-04-15,40,25,920.056063,25,17.853521,2489.536,99581.44,15,25,902.202542,1.0,0.6
0xbee1707d6b44d4d52bfe19e41f8a828645437aab,2025-04-16,286,159,1958.056487,79,94.74223206,1250.2118181818182,357560.58,126,160,1863.31425494,0.4968553459119497,0.7875
0xbee1707d6b44d4d52bfe19e41f8a828645437aab,2025-04-17,588,247,3359.966896,247,263.853514,1417.4413265306123,833455.5,233,355,3096.113382,1.0,0.6563380281690141
0xbee1707d6b44d4d52bfe19e41f8a828645437aab,2025-04-18,562,319,2945.701617,314,226.8835711,1507.8099822064057,847389.21,324,238,2718.8180459,0.9843260188087775,1.361344537815126
0xbee1707d6b44d4d52bfe19e41f8a828645437aab,2025-04-19,971,394,976.5105639999999,192,369.109564,1419.0301441812564,1377878.27,394,577,607.401,0.4873096446700508,0.682842287694974
0xbee1707d6b44d4d52bfe19e41f8a828645437aab,2025-04-20,63,41,807.262731,41,14.714917,1074.8039682539682,67712.65,41,22,792.547814,1.0,1.8636363636363635
0xbee1707d6b44d4d52bfe19e41f8a828645437aab,2025-04-21,55,29,711.68096,29,18.593412999999998,1553.0632727272728,85418.48,29,26,693.0875470000001,1.0,1.1153846153846154
0xbee1707d6b44d4d52bfe19e41f8a828645437aab,2025-04-22,427,221,1463.173211,208,133.374425,1607.504824355972,686404.56,230,197,1329.798786,0.9411764705882353,1.16751269035533
0xbee1707d6b44d4d52bfe19e41f8a828645437aab,2025-04-23,329,175,1700.638677,107,141.40794267,1806.9595136778116,594489.68,182,147,1559.23073433,0.6114285714285714,1.2380952380952381
0xbee1707d6b44d4d52bfe19e41f8a828645437aab,2025-04-24,2,2,-45.94597,0,2.1870230000000004,3645.04,7290.08,0,2,-48.132993000000006,0.0,0.0
0xbee1707d6b44d4d52bfe19e41f8a828645437aab,2025-04-25,154,65,1101.511718,65,33.112463,1040.8414935064934,160289.59,65,89,1068.399255,1.0,0.7303370786516854
0xbee1707d6b44d4d52bfe19e41f8a828645437aab,2025-04-26,29,2,18.390524,2,1.74816868,1771.744827586207,51380.600000000006,29,0,16.64235532,1.0,inf
0xbee1707d6b44d4d52bfe19e41f8a828645437aab,2025-04-27,82,32,1709.194807,32,25.639876,2153.8593902439025,176616.47,50,32,1683.5549310000001,1.0,1.5625
0xbee1707d6b44d4d52bfe19e41f8a828645437aab,2025-04-28,430,188,4008.588908,169,159.55024042,1495.5384186046513,643081.52,164,266,3849.03866758,0.898936170212766,0.6165413533834586
0xbee1707d6b44d4d52bfe19e41f8a828645437aab,2025-04-29,902,432,8561.771838,398,348.921445,1939.7399889135254,1749645.47,432,470,8212.850393,0.9212962962962963,0.9191489361702128
0xbee1707d6b44d4d52bfe19e41f8a828645437aab,2025-04-30,75,39,2520.773814,39,20.31523462,1748.8053333333332,131160.4,50,25,2500.45857938,1.0,2.0
0xbee1707d6b44d4d52bfe19e41f8a828645437aab,2025-05-01,131,94,1364.022527,43,59.900085,2448.466488549618,320749.11,87,44,1304.122442,0.4574468085106383,1.9772727272727273
